target,samples,lineages,network_metabolites,network_signatures,network_interactions,random_metabolites,random_signatures,random_interactions,network_metabolite_count,network_signature_count,network_interaction_count
AMP,876,18,CMP;GMP;NAD;UMP;adenine;adenosine;aspartate;beta-alanine;cAMP;carnosine;citrulline;glycine;histidine;phenylalanine;taurine,ADK;APRT;ASS1;BAAT;CARNS1;DCK;FARSA;FARSB;GMPS;NADSYN1;NT5C;NT5C1A;NT5C1B;NT5C2;NT5C3B;NT5E;NT5M;NUDT12;PDE10A;PDE11A;PDE1A;PDE1B;PDE1C;PDE2A;PDE3A;PDE3B;PDE4A;PDE4B;PDE4C;PDE4D;PDE6C;PDE6G;PDE6H;PDE7A;PDE7B;PDE8A;PDE8B;RAD1;RAD9A;RBAK;TREX1;TREX2,CMP*RAD1;RAD9A;CMP*TREX1;CMP*TREX2;GMP*GMPS;GMP*RAD1;RAD9A;GMP*TREX1;GMP*TREX2;NAD*NADSYN1;NAD*NUDT12;UMP*RAD1;RAD9A;UMP*TREX1;UMP*TREX2;adenine*APRT;adenosine*ADK;adenosine*DCK;adenosine*NT5C;adenosine*NT5C1A;adenosine*NT5C1B;adenosine*NT5C2;adenosine*NT5C3B;adenosine*NT5E;adenosine*NT5M;adenosine*RBAK;aspartate*ASS1;beta-alanine*CARNS1;cAMP*PDE10A;cAMP*PDE11A;cAMP*PDE1A;cAMP*PDE1B;cAMP*PDE1C;cAMP*PDE2A;cAMP*PDE3A;cAMP*PDE3B;cAMP*PDE4A;cAMP*PDE4B;cAMP*PDE4C;cAMP*PDE4D;cAMP*PDE6C;cAMP*PDE6G;cAMP*PDE6H;cAMP*PDE7A;cAMP*PDE7B;cAMP*PDE8A;cAMP*PDE8B;carnosine*CARNS1;citrulline*ASS1;glycine*BAAT;histidine*CARNS1;phenylalanine*FARSA;FARSB;taurine*BAAT,allantoin;citrate;cytidine;dCMP;glucuronate;homocysteine;inosine;inositol;lactose;sarcosine;sucrose;taurocholate;threonine;uracil;uridine,AASS;ACP5;AGXT2;AHCY;AHCYL2;AICDA;ALDH3A2;ALDH4A1;BCAT1;BCHE;BHMT;CDA;CDIPT;CMA1;CNDP1;DPEP1;DPYD;FMO1;GFPT1;GFPT2;GLS;GMPR2;GOT1;GOT1L1;GOT2;GPT;IDH1;KMO;LDHB;ME1;NADK2;NOS3;OTC;PAH;PEPD;SCCPDH;SIRT1;SIRT5;SIRT7;XDH,allantoin*AASS;allantoin*CNDP1;allantoin*GOT1;allantoin*GOT1L1;allantoin*LDHB;citrate*CMA1;citrate*NADK2;citrate*SIRT1;cytidine*DPEP1;glucuronate*ALDH3A2;glucuronate*LDHB;glucuronate*SCCPDH;homocysteine*DPEP1;inosine*FMO1;inosine*GPT;inosine*SIRT1;inosine*SIRT5;inositol*AHCY;inositol*BCAT1;inositol*DPEP1;lactose*ALDH4A1;lactose*FMO1;lactose*GPT;sarcosine*AGXT2;sarcosine*GMPR2;sarcosine*SIRT1;sucrose*AHCY;sucrose*AICDA;sucrose*IDH1;sucrose*SIRT5;taurocholate*AASS;taurocholate*AGXT2;taurocholate*GFPT2;taurocholate*GPT;taurocholate*NOS3;threonine*AHCYL2;threonine*ALDH3A2;threonine*CMA1;threonine*ME1;uracil*BCHE;uracil*GLS;uracil*GOT1L1;uracil*OTC;uracil*SCCPDH;uracil*SIRT1;uracil*XDH;uridine*ACP5;uridine*AHCY;uridine*GFPT2;uridine*LDHB,15,40,50
CMP,876,18,AMP;GMP;UMP;cytidine;inositol,CDIPT;NT5C1A;NT5C1B;NT5C2;NT5C3A;NT5C3B;NT5E;RAD1;RAD9A;RBAK;TREX1;TREX2;UCK1;UCK2;UCKL1,AMP*RAD1;RAD9A;AMP*TREX1;AMP*TREX2;GMP*RAD1;RAD9A;GMP*TREX1;GMP*TREX2;UMP*RAD1;RAD9A;UMP*TREX1;UMP*TREX2;cytidine*NT5C1A;cytidine*NT5C1B;cytidine*NT5C2;cytidine*NT5C3A;cytidine*NT5C3B;cytidine*NT5E;cytidine*RBAK;cytidine*UCK1;cytidine*UCK2;cytidine*UCKL1;inositol*CDIPT,hypoxanthine;isoleucine;lysine;uridine;xanthosine,ABAT;AHCY;ARG2;DPYD;FARSA;FARSB;GATM;GMPR2;GPT2;KLK1;KMO;LDHC;MDH2;RWDD2A;TPP1,hypoxanthine*AHCY;hypoxanthine*GPT2;hypoxanthine*LDHC;hypoxanthine*TPP1;isoleucine*DPYD;isoleucine*GMPR2;isoleucine*GPT2;isoleucine*KMO;isoleucine*MDH2;lysine*ABAT;lysine*LDHC;uridine*GMPR2;uridine*KLK1;xanthosine*ABAT;xanthosine*AHCY;xanthosine*DPYD;xanthosine*GATM;xanthosine*KLK1;xanthosine*LDHC;xanthosine*RWDD2A,5,14,20
GMP,876,18,AMP;CMP;NADP;UMP;guanosine,GMPR;GMPR2;GMPS;NT5C;NT5C1A;NT5C1B;NT5C2;NT5C3A;NT5C3B;NT5E;NT5M;RAD1;RAD9A;RBAK;TREX1;TREX2,AMP*GMPS;AMP*RAD1;RAD9A;AMP*TREX1;AMP*TREX2;CMP*RAD1;RAD9A;CMP*TREX1;CMP*TREX2;NADP*GMPR;NADP*GMPR2;UMP*RAD1;RAD9A;UMP*TREX1;UMP*TREX2;guanosine*NT5C;guanosine*NT5C1A;guanosine*NT5C1B;guanosine*NT5C2;guanosine*NT5C3A;guanosine*NT5C3B;guanosine*NT5E;guanosine*NT5M;guanosine*RBAK,adenosine;cytidine;isoleucine;putrescine;uracil,AADAT;AASS;ABAT;ACY3;ALDH3A2;BCAT2;GFPT2;GNMT;GOT1;KLK1;KLK2;PDE6H;PYCR2;SARDH;SHMT1,adenosine*ABAT;adenosine*KLK2;adenosine*SARDH;cytidine*AADAT;cytidine*AASS;cytidine*ALDH3A2;cytidine*GFPT2;cytidine*SHMT1;isoleucine*AASS;isoleucine*GOT1;isoleucine*PDE6H;isoleucine*SARDH;putrescine*AASS;putrescine*ABAT;putrescine*ALDH3A2;putrescine*BCAT2;putrescine*GNMT;putrescine*SARDH;uracil*ALDH3A2;uracil*GNMT;uracil*GOT1,5,15,21
NAD,876,18,AMP;NADP;beta-alanine;betaine;choline;glutamate;hypoxanthine;isocitrate;malate;oxalate;proline;taurine;thymine;urate;xanthine,AASS;ACP5;ACP6;ALDH1B1;ALDH2;ALDH3A2;ALDH4A1;ALDH7A1;ALDH9A1;CHDH;DPYD;FMO1;GLUD1;GLUD2;IDH3A;IDH3B;IDH3G;LDHAL6A;LDHAL6B;LDHB;LDHC;LDHD;MDH1;MDH1B;MDH2;ME2;ME3;NADK;NADK2;NADSYN1;NUDT12;PYCR1;PYCR2;SCCPDH;XDH,AMP*NADSYN1;AMP*NUDT12;NADP*ACP5;NADP*ACP6;NADP*NADK;NADP*NADK2;beta-alanine*ALDH1B1;beta-alanine*ALDH2;beta-alanine*ALDH3A2;beta-alanine*ALDH7A1;beta-alanine*ALDH9A1;betaine*ALDH7A1;choline*CHDH;glutamate*AASS;glutamate*ALDH4A1;glutamate*GLUD1;glutamate*GLUD2;glutamate*SCCPDH;hypoxanthine*XDH;isocitrate*IDH3A;IDH3B;IDH3G;malate*MDH1;malate*MDH1B;malate*MDH2;malate*ME2;malate*ME3;oxalate*LDHAL6A;oxalate*LDHAL6B;oxalate*LDHB;oxalate*LDHC;oxalate*LDHD;proline*PYCR1;proline*PYCR2;taurine*FMO1;thymine*DPYD;urate*XDH;xanthine*XDH,1-methylnicotinamide;4-pyridoxate;CMP;adenine;adenosine;alanine;allantoin;citrate;cytidine;glycine;inositol;isoleucine;leucine;thyroxine;trimethylamine-N-oxide,AADAT;ACY3;AGXT2;AHCYL2;APOBEC4;BAAT;BCAT1;BCAT2;BHMT;CAD;CHAT;DIO1;DPEP1;FMO2;GLUL;GNMT;MACROD1;ME1;NOS3;NT5C2;NT5C3B;NTAN1;OTC;PDE11A;PDE6G;PDE8B;PEPD;PPAT;RBAK;SARDH;SIRT6;TREX2;UPRT,1-methylnicotinamide*MACROD1;CMP*MACROD1;CMP*TREX2;adenine*CHAT;adenine*PEPD;adenosine*BAAT;alanine*APOBEC4;alanine*BAAT;alanine*BCAT1;alanine*DIO1;alanine*PDE11A;allantoin*BCAT1;allantoin*BHMT;allantoin*GLUL;citrate*FMO2;citrate*PEPD;cytidine*AADAT;cytidine*AGXT2;cytidine*PDE8B;glycine*PEPD;inositol*ACY3;inositol*ME1;isoleucine*CHAT;leucine*ACY3;leucine*APOBEC4;leucine*DPEP1;leucine*OTC;leucine*TREX2;thyroxine*ACY3;thyroxine*BHMT;thyroxine*CHAT;thyroxine*MACROD1;thyroxine*TREX2;trimethylamine-N-oxide*CHAT;trimethylamine-N-oxide*NTAN1;trimethylamine-N-oxide*TREX2,15,33,36
NADP,876,18,GMP;NAD;arginine;beta-alanine;betaine;citrulline;dimethylglycine;glucuronate;glutamate;isocitrate;kynurenine;lysine;malate;proline;sarcosine;thymine;thyroxine;trimethylamine-N-oxide;uracil,AASS;ACP5;ACP6;AKR1A1;ALDH1B1;ALDH2;ALDH3A2;ALDH7A1;ALDH9A1;DIO1;DIO2;DMGDH;DPYD;FMO1;FMO2;FMO3;FMO4;FMO5;GLUD1;GLUD2;GMPR;GMPR2;IDH1;IDH2;KMO;ME1;ME2;ME3;NADK;NADK2;NOS1;NOS2;NOS3;PDPR;PYCR1;PYCR2;RWDD2A,GMP*GMPR;GMP*GMPR2;NAD*ACP5;NAD*ACP6;NAD*NADK;NAD*NADK2;arginine*NOS1;arginine*NOS2;arginine*NOS3;beta-alanine*ALDH1B1;beta-alanine*ALDH2;beta-alanine*ALDH3A2;beta-alanine*ALDH7A1;beta-alanine*ALDH9A1;betaine*ALDH7A1;citrulline*NOS1;citrulline*NOS2;citrulline*NOS3;dimethylglycine*DMGDH;dimethylglycine*PDPR;glucuronate*AKR1A1;glutamate*AASS;glutamate*GLUD1;glutamate*GLUD2;isocitrate*IDH1;isocitrate*IDH2;kynurenine*KMO;lysine*AASS;malate*ME1;malate*ME2;malate*ME3;malate*RWDD2A;proline*PYCR1;proline*PYCR2;sarcosine*DMGDH;sarcosine*PDPR;thymine*DPYD;thyroxine*DIO1;thyroxine*DIO2;trimethylamine-N-oxide*FMO1;trimethylamine-N-oxide*FMO2;trimethylamine-N-oxide*FMO3;trimethylamine-N-oxide*FMO4;trimethylamine-N-oxide*FMO5;uracil*DPYD,4-pyridoxate;CMP;acetylcholine;creatinine;dCMP;erythrose-4-phosphate;guanosine;hippurate;histidine;homocysteine;inosine;leucine;pantothenate;serotonin;sucrose;thymidine;tryptophan;tyrosine;uridine,ACO1;ACO2;AGXT;AHCY;APOBEC4;APRT;ASRGL1;CAD;CDIPT;CNDP2;DPEP1;GLS;GLUL;GMPS;GNMT;GOT2;IDH3A;IDH3B;IDH3G;KLK2;MDH1B;MDH2;NT5C1A;NT5C3B;NT5M;NTAN1;OTC;PDE1B;PDE2A;PDE3A;PEPD;PPAT;RAD1;RAD9A;SHMT2;SIRT7;TREX2;UCK1;UCKL1;UPP2,4-pyridoxate*PDE1B;CMP*ACO1;CMP*CAD;CMP*GNMT;CMP*SHMT2;CMP*SIRT7;CMP*UCK1;CMP*UCKL1;creatinine*ASRGL1;creatinine*GMPS;creatinine*PDE3A;creatinine*UCKL1;erythrose-4-phosphate*APOBEC4;erythrose-4-phosphate*PDE1B;guanosine*GMPS;guanosine*SHMT2;homocysteine*APRT;homocysteine*KLK2;homocysteine*MDH2;inosine*CAD;inosine*KLK2;leucine*AGXT;leucine*MDH1B;pantothenate*PDE3A;serotonin*APRT;serotonin*GLUL;serotonin*NT5M;sucrose*ACO1;sucrose*IDH3A;IDH3B;IDH3G;sucrose*UCK1;sucrose*UPP2;thymidine*ACO1;thymidine*ASRGL1;thymidine*GLS;thymidine*PDE2A;thymidine*PEPD;tryptophan*AGXT;tryptophan*APOBEC4;tryptophan*APRT;tryptophan*MDH1B;tryptophan*NT5M;tyrosine*UCK1;uridine*KLK2;uridine*PDE3A;uridine*SHMT2,19,37,45
UMP,876,18,AMP;CMP;GMP;uracil;uridine,NT5C;NT5C1A;NT5C1B;NT5C2;NT5C3A;NT5C3B;NT5E;NT5M;RAD1;RAD9A;TREX1;TREX2;UCK1;UCK2;UCKL1;UPRT,AMP*RAD1;RAD9A;AMP*TREX1;AMP*TREX2;CMP*RAD1;RAD9A;CMP*TREX1;CMP*TREX2;GMP*RAD1;RAD9A;GMP*TREX1;GMP*TREX2;uracil*UPRT;uridine*NT5C;uridine*NT5C1A;uridine*NT5C1B;uridine*NT5C2;uridine*NT5C3A;uridine*NT5C3B;uridine*NT5E;uridine*NT5M;uridine*UCK1;uridine*UCK2;uridine*UCKL1,betaine;taurocholate;thymidine;trimethylamine-N-oxide;tyrosine,AGXT2;ASPG;BCAT2;CDIPT;DPEP1;GLS;GMPS;LDHC;MACROD1;NOS3;PDE6C;PDE6H;PPAT;PTDSS1;SHMT2,betaine*NOS3;betaine*PDE6H;betaine*SHMT2;taurocholate*AGXT2;taurocholate*ASPG;taurocholate*GLS;taurocholate*LDHC;taurocholate*MACROD1;taurocholate*NOS3;thymidine*ASPG;thymidine*GMPS;thymidine*PDE6H;trimethylamine-N-oxide*DPEP1;trimethylamine-N-oxide*GLS;trimethylamine-N-oxide*PDE6C;trimethylamine-N-oxide*PTDSS1;tyrosine*AGXT2;tyrosine*MACROD1;tyrosine*NOS3;tyrosine*PDE6C;tyrosine*PPAT,5,15,21
acetylcholine,876,18,choline,ACHE;BCHE;CHAT,choline*ACHE;choline*BCHE;choline*CHAT,malonylcarnitine,NOS3;PDE6H;UPP1,malonylcarnitine*NOS3;malonylcarnitine*PDE6H;malonylcarnitine*UPP1,1,3,3
aconitate,876,18,citrate;isocitrate,ACO2,citrate*ACO2;isocitrate*ACO2,glycine;homocysteine,OAT,glycine*OAT;homocysteine*OAT,2,1,2
adenine,876,18,AMP;adenosine,APRT;PNP,AMP*APRT;adenosine*PNP,CMP;dCMP,ACY3;GFPT2,CMP*ACY3;CMP*GFPT2,2,2,2
adenosine,876,18,AMP;adenine;homocysteine;inosine,ADA;ADK;AHCY;AHCYL2;DCK;NT5C;NT5C1A;NT5C1B;NT5C2;NT5C3B;NT5E;NT5M;PNP;RBAK,AMP*ADK;AMP*DCK;AMP*NT5C;AMP*NT5C1A;AMP*NT5C1B;AMP*NT5C2;AMP*NT5C3B;AMP*NT5E;AMP*NT5M;AMP*RBAK;adenine*PNP;homocysteine*AHCY;homocysteine*AHCYL2;inosine*ADA,betaine;citrate;glycine;thyroxine,ALDH2;ALDH7A1;BHMT;CAD;GMPR;GMPS;KLK2;LDHD;MDH1B;NADSYN1;PYCR1;SHMT1;TYMP;UPP2,betaine*CAD;betaine*GMPS;betaine*NADSYN1;betaine*TYMP;citrate*BHMT;citrate*CAD;citrate*GMPS;citrate*KLK2;citrate*PYCR1;glycine*ALDH7A1;thyroxine*ALDH7A1;thyroxine*CAD;thyroxine*LDHD;thyroxine*MDH1B,4,14,14
alanine,876,18,glutamate;glutamine;glycine;kynurenine;serine,AADAT;AGXT;AGXT2;GPT;GPT2;KLK1;KLK2;KYNU,glutamate*GPT;glutamate*GPT2;glutamine*AADAT;glycine*AGXT;glycine*AGXT2;glycine*KLK1;glycine*KLK2;kynurenine*KYNU;serine*AGXT,UMP;inositol;thymine;thyroxine;xanthosine,ASPG;DCK;DIO2;FMO1;NT5C3B;PDE7B;SARDH;TAT,UMP*PDE7B;inositol*FMO1;inositol*PDE7B;thymine*TAT;thyroxine*DIO2;thyroxine*NT5C3B;xanthosine*ASPG;xanthosine*FMO1;xanthosine*NT5C3B,5,8,9
arginine,876,18,NADP;citrulline;glycine;ornithine,ARG1;ARG2;GATM;NOS1;NOS2;NOS3,NADP*NOS1;NADP*NOS2;NADP*NOS3;citrulline*NOS1;citrulline*NOS2;citrulline*NOS3;glycine*GATM;ornithine*ARG1;ornithine*ARG2;ornithine*GATM,PEP;adenine;adenosine;pantothenate,ACO2;CHDH;DPEP1;LDHC;NT5C2;PDE10A,PEP*CHDH;PEP*DPEP1;PEP*NT5C2;PEP*PDE10A;adenine*CHDH;adenine*LDHC;adenosine*CHDH;pantothenate*DPEP1;pantothenate*LDHC;pantothenate*NT5C2,4,6,10
asparagine,876,18,aspartate,ASPG;ASRGL1,aspartate*ASPG;aspartate*ASRGL1,carnosine,NT5C1A;PAH,carnosine*NT5C1A;carnosine*PAH,1,2,2
aspartate,876,18,AMP;asparagine;beta-alanine;citrulline;glutamate,ASPG;ASRGL1;ASS1;GAD2;GOT1;GOT1L1;GOT2,AMP*ASS1;asparagine*ASPG;asparagine*ASRGL1;beta-alanine*GAD2;citrulline*ASS1;glutamate*GOT1;glutamate*GOT1L1;glutamate*GOT2,isocitrate;lactose;serine;sucrose;thymidine,CMA1;GLUD1;GPT;LDHD;ME2;MTR;TAT,isocitrate*CMA1;isocitrate*ME2;isocitrate*MTR;lactose*ME2;serine*CMA1;serine*GLUD1;serine*MTR;thymidine*LDHD,5,7,8
beta-alanine,876,18,AMP;NAD;NADP;aspartate;carnosine;glutamate;histidine,ABAT;ALDH1B1;ALDH2;ALDH3A2;ALDH7A1;ALDH9A1;CARNS1;CNDP1;CNDP2;GAD2,AMP*CARNS1;NAD*ALDH1B1;NAD*ALDH2;NAD*ALDH3A2;NAD*ALDH7A1;NAD*ALDH9A1;NADP*ALDH1B1;NADP*ALDH2;NADP*ALDH3A2;NADP*ALDH7A1;NADP*ALDH9A1;aspartate*GAD2;carnosine*CARNS1;carnosine*CNDP1;carnosine*CNDP2;glutamate*ABAT;histidine*CARNS1;histidine*CNDP1;histidine*CNDP2,allantoin;creatine;dCMP;malate;phenylalanine;taurocholate;thymine,ACO1;AHCY;ARG1;DCK;DIO2;FMO3;GLUL;GMPR;PDE2A;SIRT7,allantoin*FMO3;allantoin*GMPR;creatine*DCK;creatine*DIO2;creatine*FMO3;dCMP*ACO1;dCMP*ARG1;dCMP*DCK;dCMP*FMO3;dCMP*GMPR;malate*ARG1;malate*PDE2A;phenylalanine*ACO1;phenylalanine*GLUL;phenylalanine*SIRT7;taurocholate*ACO1;taurocholate*AHCY;taurocholate*DCK;thymine*DCK,7,10,19
betaine,876,18,NAD;NADP;dimethylglycine;homocysteine;methionine,ALDH7A1;BHMT;BHMT2,NAD*ALDH7A1;NADP*ALDH7A1;dimethylglycine*BHMT;dimethylglycine*BHMT2;homocysteine*BHMT;homocysteine*BHMT2;methionine*BHMT;methionine*BHMT2,citrate;lysine;putrescine;trimethylamine-N-oxide;tryptophan,ACP5;LDHAL6B;TREX2,citrate*ACP5;citrate*LDHAL6B;lysine*LDHAL6B;lysine*TREX2;trimethylamine-N-oxide*TREX2;tryptophan*ACP5;tryptophan*LDHAL6B;tryptophan*TREX2,5,3,8
cAMP,876,18,AMP,PDE10A;PDE11A;PDE1A;PDE1B;PDE1C;PDE2A;PDE3A;PDE3B;PDE4A;PDE4B;PDE4C;PDE4D;PDE6C;PDE6G;PDE6H;PDE7A;PDE7B;PDE8A;PDE8B,AMP*PDE10A;AMP*PDE11A;AMP*PDE1A;AMP*PDE1B;AMP*PDE1C;AMP*PDE2A;AMP*PDE3A;AMP*PDE3B;AMP*PDE4A;AMP*PDE4B;AMP*PDE4C;AMP*PDE4D;AMP*PDE6C;AMP*PDE6G;AMP*PDE6H;AMP*PDE7A;AMP*PDE7B;AMP*PDE8A;AMP*PDE8B,glycine,AADAT;ACO1;ALDH4A1;ARG1;BHMT;CBS;DIO1;FMO2;FMO4;GOT1L1;KMO;NOS1;ODC1;PEPD;PTDSS1;RBAK;SIRT3;UCKL1;UPRT,glycine*AADAT;glycine*ACO1;glycine*ALDH4A1;glycine*ARG1;glycine*BHMT;glycine*CBS;glycine*DIO1;glycine*FMO2;glycine*FMO4;glycine*GOT1L1;glycine*KMO;glycine*NOS1;glycine*ODC1;glycine*PEPD;glycine*PTDSS1;glycine*RBAK;glycine*SIRT3;glycine*UCKL1;glycine*UPRT,1,19,19
carnosine,876,18,AMP;beta-alanine;histidine,CARNS1;CNDP1;CNDP2,AMP*CARNS1;beta-alanine*CARNS1;beta-alanine*CNDP1;beta-alanine*CNDP2;histidine*CARNS1;histidine*CNDP1;histidine*CNDP2,cytidine;isoleucine;phenylalanine,CBS;DCK;MDH1B,cytidine*MDH1B;isoleucine*CBS;isoleucine*DCK;isoleucine*MDH1B;phenylalanine*CBS;phenylalanine*DCK;phenylalanine*MDH1B,3,3,7
choline,876,18,NAD;acetylcholine;serine,ACHE;BCHE;CHAT;CHDH;PTDSS1,NAD*CHDH;acetylcholine*ACHE;acetylcholine*BCHE;acetylcholine*CHAT;serine*PTDSS1,4-pyridoxate;glucuronate;sucrose,IDH3A;IDH3B;IDH3G;ME2;OARD1;OAT;RWDD2A,4-pyridoxate*OARD1;4-pyridoxate*RWDD2A;glucuronate*OARD1;glucuronate*RWDD2A;sucrose*IDH3A;IDH3B;IDH3G,3,5,5
citrate,876,18,aconitate;isocitrate,ACO1;ACO2,aconitate*ACO2;isocitrate*ACO1,arginine;histidine,FMO2;TREX2,arginine*TREX2;histidine*FMO2,2,2,2
citrulline,876,18,AMP;NADP;arginine;aspartate;ornithine,ASS1;NOS1;NOS2;NOS3;OTC,AMP*ASS1;NADP*NOS1;NADP*NOS2;NADP*NOS3;arginine*NOS1;arginine*NOS2;arginine*NOS3;aspartate*ASS1;ornithine*OTC,GMP;PEP;citrate;isoleucine;lactose,AHCYL2;NT5C;NT5C3B;PDE4B;PPAT,GMP*NT5C3B;PEP*NT5C3B;citrate*NT5C;citrate*PDE4B;citrate*PPAT;isoleucine*PPAT;lactose*AHCYL2;lactose*NT5C3B;lactose*PDE4B,5,5,9
cytidine,876,18,CMP;uridine,AICDA;APOBEC4;CDA;NT5C1A;NT5C1B;NT5C2;NT5C3A;NT5C3B;NT5E;RBAK;UCK1;UCK2;UCKL1,CMP*NT5C1A;CMP*NT5C1B;CMP*NT5C2;CMP*NT5C3A;CMP*NT5C3B;CMP*NT5E;CMP*RBAK;CMP*UCK1;CMP*UCK2;CMP*UCKL1;uridine*AICDA;uridine*APOBEC4;uridine*CDA,AMP;choline,ALDH4A1;ASRGL1;BHMT;CHAT;DMGDH;GAD2;LDHAL6A;MDH2;NOS1;OAT;PEPD;TYMP;UPP2,AMP*ASRGL1;AMP*CHAT;AMP*DMGDH;AMP*MDH2;AMP*NOS1;AMP*OAT;choline*ASRGL1;choline*BHMT;choline*CHAT;choline*DMGDH;choline*MDH2;choline*NOS1;choline*UPP2,2,13,13
dimethylglycine,876,18,NADP;betaine;homocysteine;methionine;sarcosine,BHMT;BHMT2;DMGDH;PDPR;SARDH,NADP*DMGDH;NADP*PDPR;betaine*BHMT;betaine*BHMT2;homocysteine*BHMT;homocysteine*BHMT2;methionine*BHMT;methionine*BHMT2;sarcosine*DMGDH;sarcosine*PDPR;sarcosine*SARDH,AMP;GMP;pantothenate;thymine;urate,ALDH1B1;GMPR;NOS3;PDE3B;PIPOX,AMP*NOS3;AMP*PIPOX;GMP*GMPR;pantothenate*ALDH1B1;pantothenate*PDE3B;thymine*ALDH1B1;thymine*GMPR;thymine*NOS3;thymine*PIPOX;urate*GMPR;urate*NOS3,5,5,11
glucuronate,876,18,NADP;inositol,AKR1A1;MIOX,NADP*AKR1A1;inositol*MIOX,GMP;kynurenine,ASRGL1;GLUD2,GMP*ASRGL1;GMP*GLUD2,2,2,2
glutamate,876,18,NAD;NADP;alanine;aspartate;beta-alanine;glutamine;glycine;isoleucine;kynurenine;leucine;methionine;ornithine;phenylalanine;tyrosine;valine,AADAT;AASS;ABAT;ACY3;ALDH4A1;BCAT1;BCAT2;CAD;GFPT1;GFPT2;GLS;GLS2;GLUD1;GLUD2;GLUL;GOT1;GOT1L1;GOT2;GPT;GPT2;MACROD1;NTAN1;OARD1;OAT;PPAT;SCCPDH;SIRT1;SIRT3;SIRT5;SIRT6;SIRT7;TAT,NAD*AASS;NAD*ALDH4A1;NAD*GLUD1;NAD*GLUD2;NAD*SCCPDH;NADP*AASS;NADP*GLUD1;NADP*GLUD2;alanine*GPT;alanine*GPT2;aspartate*GOT1;aspartate*GOT1L1;aspartate*GOT2;beta-alanine*ABAT;glutamine*CAD;glutamine*GFPT1;glutamine*GFPT2;glutamine*GLS;glutamine*GLS2;glutamine*GLUL;glutamine*PPAT;glycine*ACY3;glycine*MACROD1;glycine*NTAN1;glycine*OARD1;glycine*SIRT1;glycine*SIRT3;glycine*SIRT5;glycine*SIRT6;glycine*SIRT7;isoleucine*BCAT1;isoleucine*BCAT2;kynurenine*AADAT;leucine*BCAT1;leucine*BCAT2;methionine*TAT;ornithine*OAT;phenylalanine*GOT1;phenylalanine*GOT2;phenylalanine*TAT;tyrosine*GOT1;tyrosine*GOT2;tyrosine*TAT;valine*BCAT1;valine*BCAT2,CMP;PEP;UMP;carnosine;citrate;cytidine;dimethylglycine;erythrose-4-phosphate;hippurate;lactose;serine;thyroxine;tryptophan;uracil;xanthine,ACP5;ADK;AGXT;AKR1A1;ALDH7A1;ARG1;ASS1;BAAT;CHAT;CNDP2;DCK;DIO2;FMO4;GAD2;GMPR;GMPR2;KMO;MDH1B;MDH2;NADSYN1;NT5C;NT5C1A;NT5C2;PDE11A;PDE6G;PDE8A;PYCR1;SARDH;SHMT2;TREX1;TREX2;XDH,CMP*MDH1B;CMP*NT5C;CMP*NT5C1A;CMP*SHMT2;CMP*TREX2;PEP*ARG1;PEP*DIO2;PEP*KMO;PEP*NT5C1A;UMP*AKR1A1;UMP*ARG1;UMP*NT5C;UMP*NT5C1A;UMP*PDE11A;citrate*ACP5;citrate*CHAT;citrate*XDH;cytidine*SHMT2;cytidine*TREX2;dimethylglycine*ALDH7A1;dimethylglycine*FMO4;dimethylglycine*KMO;dimethylglycine*SARDH;erythrose-4-phosphate*DCK;erythrose-4-phosphate*FMO4;erythrose-4-phosphate*GMPR;hippurate*CNDP2;hippurate*NT5C1A;hippurate*PDE6G;serine*CNDP2;thyroxine*ASS1;thyroxine*DCK;thyroxine*GMPR2;thyroxine*KMO;thyroxine*NT5C2;tryptophan*CNDP2;tryptophan*MDH2;tryptophan*NADSYN1;tryptophan*PDE6G;tryptophan*TREX2;uracil*CNDP2;uracil*FMO4;xanthine*ALDH7A1;xanthine*CNDP2;xanthine*FMO4,15,32,45
glutamine,876,18,alanine;glutamate,AADAT;CAD;GFPT1;GFPT2;GLS;GLS2;GLUL;PPAT,alanine*AADAT;glutamate*CAD;glutamate*GFPT1;glutamate*GFPT2;glutamate*GLS;glutamate*GLS2;glutamate*GLUL;glutamate*PPAT,1-methylnicotinamide;glycine,AICDA;CMA1;MDH1B;MDH2;PDE3A;PDE4D;PDE6H;SIRT6,1-methylnicotinamide*AICDA;1-methylnicotinamide*MDH1B;1-methylnicotinamide*PDE6H;glycine*AICDA;glycine*MDH1B;glycine*PDE3A;glycine*PDE4D;glycine*PDE6H,2,8,8
glycine,876,18,AMP;alanine;arginine;glutamate;leucine;ornithine;proline;sarcosine;serine,ACY3;AGXT;AGXT2;BAAT;CNDP2;DPEP1;GATM;GNMT;KLK1;KLK2;MACROD1;NTAN1;OARD1;PEPD;PIPOX;SARDH;SHMT1;SHMT2;SIRT1;SIRT3;SIRT5;SIRT6;SIRT7;TPP1,AMP*BAAT;alanine*AGXT;alanine*AGXT2;alanine*KLK1;alanine*KLK2;arginine*GATM;glutamate*ACY3;glutamate*MACROD1;glutamate*NTAN1;glutamate*OARD1;glutamate*SIRT1;glutamate*SIRT3;glutamate*SIRT5;glutamate*SIRT6;glutamate*SIRT7;leucine*CNDP2;leucine*DPEP1;ornithine*GATM;proline*PEPD;sarcosine*GNMT;sarcosine*PIPOX;sarcosine*SARDH;sarcosine*TPP1;serine*SHMT1;serine*SHMT2,4-pyridoxate;CMP;adenine;asparagine;beta-alanine;hippurate;isocitrate;phenylalanine;xanthosine,AADAT;ABAT;ACHE;ACO2;ACP5;ARG2;ASPG;ASS1;BCAT1;CDA;CDIPT;DPYD;FARSA;FARSB;GMPR;GOT1;GOT2;IDH1;LDHAL6A;MDH1B;ME2;PDE4A;PDE4B;PDE4C;RAD1;RAD9A,4-pyridoxate*ACP5;4-pyridoxate*ARG2;4-pyridoxate*LDHAL6A;4-pyridoxate*ME2;4-pyridoxate*PDE4B;CMP*ABAT;CMP*ASS1;CMP*CDIPT;adenine*ACO2;asparagine*ME2;beta-alanine*CDIPT;beta-alanine*IDH1;beta-alanine*PDE4B;beta-alanine*PDE4C;hippurate*ASPG;hippurate*IDH1;hippurate*PDE4B;isocitrate*ABAT;isocitrate*GOT2;isocitrate*IDH1;isocitrate*PDE4B;phenylalanine*CDIPT;phenylalanine*FARSA;FARSB;xanthosine*BCAT1;xanthosine*CDA,9,24,25
guanosine,876,18,GMP,NT5C;NT5C1A;NT5C1B;NT5C2;NT5C3A;NT5C3B;NT5E;NT5M;RBAK,GMP*NT5C;GMP*NT5C1A;GMP*NT5C1B;GMP*NT5C2;GMP*NT5C3A;GMP*NT5C3B;GMP*NT5E;GMP*NT5M;GMP*RBAK,sucrose,ACO1;AHCY;ALDH4A1;ALDH9A1;GOT1;LDHD;NOS2;OTC;PDE3A,sucrose*ACO1;sucrose*AHCY;sucrose*ALDH4A1;sucrose*ALDH9A1;sucrose*GOT1;sucrose*LDHD;sucrose*NOS2;sucrose*OTC;sucrose*PDE3A,1,9,9
histidine,876,18,AMP;beta-alanine;carnosine,CARNS1;CNDP1;CNDP2,AMP*CARNS1;beta-alanine*CARNS1;beta-alanine*CNDP1;beta-alanine*CNDP2;carnosine*CARNS1;carnosine*CNDP1;carnosine*CNDP2,aspartate;methionine;uracil,BCAT1;GOT2;LDHAL6A,aspartate*BCAT1;aspartate*GOT2;aspartate*LDHAL6A;methionine*BCAT1;methionine*GOT2;methionine*LDHAL6A;uracil*BCAT1,3,3,7
homocysteine,876,18,adenosine;betaine;dimethylglycine;methionine;serine,AHCY;AHCYL2;BHMT;BHMT2;CBS;MTR,adenosine*AHCY;adenosine*AHCYL2;betaine*BHMT;betaine*BHMT2;dimethylglycine*BHMT;dimethylglycine*BHMT2;methionine*BHMT;methionine*BHMT2;methionine*MTR;serine*CBS,choline;citrate;oxalate;putrescine;xanthine,ACP5;AICDA;ALDH7A1;APOBEC4;GLS;GLUL,choline*AICDA;choline*ALDH7A1;citrate*APOBEC4;oxalate*ALDH7A1;oxalate*APOBEC4;oxalate*GLS;xanthine*AICDA;xanthine*APOBEC4;xanthine*GLS;xanthine*GLUL,5,6,10
hypoxanthine,876,18,NAD;inosine;xanthine,PNP;XDH,NAD*XDH;inosine*PNP;xanthine*XDH,cytidine;methionine;sucrose,GOT2;PDE1A,methionine*GOT2;methionine*PDE1A;sucrose*PDE1A,3,2,3
inosine,876,18,adenosine;hypoxanthine,ADA;PNP,adenosine*ADA;hypoxanthine*PNP,cAMP;sarcosine,PAH;PDE7B,cAMP*PAH;sarcosine*PDE7B,2,2,2
inositol,876,18,CMP;glucuronate,CDIPT;MIOX,CMP*CDIPT;glucuronate*MIOX,AMP;tyrosine,PDE1C;PDE4D,AMP*PDE1C;tyrosine*PDE1C,2,2,2
isocitrate,876,18,NAD;NADP;aconitate;citrate,ACO1;ACO2;IDH1;IDH2;IDH3A;IDH3B;IDH3G,NAD*IDH3A;IDH3B;IDH3G;NADP*IDH1;NADP*IDH2;aconitate*ACO2;citrate*ACO1,glucuronate;methionine;thyroxine;tyrosine,ASRGL1;LDHAL6B;NT5E;PDE6C;TPP1,glucuronate*LDHAL6B;methionine*PDE6C;thyroxine*ASRGL1;thyroxine*LDHAL6B;tyrosine*LDHAL6B,4,5,5
isoleucine,876,18,glutamate,BCAT1;BCAT2,glutamate*BCAT1;glutamate*BCAT2,ornithine,GNMT;LDHB,ornithine*GNMT;ornithine*LDHB,1,2,2
kynurenine,876,18,NADP;alanine;glutamate,AADAT;KMO;KYNU,NADP*KMO;alanine*KYNU;glutamate*AADAT,cytidine;glutamine;proline,ALDH4A1;NADK;SIRT1,cytidine*ALDH4A1;cytidine*SIRT1;proline*ALDH4A1,3,3,3
leucine,876,18,glutamate;glycine;phenylalanine,BCAT1;BCAT2;CMA1;CNDP2;DPEP1,glutamate*BCAT1;glutamate*BCAT2;glycine*CNDP2;glycine*DPEP1;phenylalanine*CMA1,NADP;isoleucine;tyrosine,CARNS1;FMO5;MDH1;NADK;PDE6C,isoleucine*CARNS1;isoleucine*MDH1;isoleucine*NADK;tyrosine*FMO5;tyrosine*NADK,3,5,5
lysine,876,18,NADP,AASS,NADP*AASS,cAMP,PIPOX,cAMP*PIPOX,1,1,1
malate,876,18,NAD;NADP,MDH1;MDH1B;MDH2;ME1;ME2;ME3;RWDD2A,NAD*MDH1;NAD*MDH1B;NAD*MDH2;NAD*ME2;NAD*ME3;NADP*ME1;NADP*ME2;NADP*ME3;NADP*RWDD2A,trimethylamine-N-oxide;tryptophan,ABAT;CDIPT;CNDP2;OARD1;PDE7A;TAT;TYMP,trimethylamine-N-oxide*CNDP2;trimethylamine-N-oxide*OARD1;trimethylamine-N-oxide*PDE7A;trimethylamine-N-oxide*TAT;tryptophan*ABAT;tryptophan*CDIPT;tryptophan*OARD1;tryptophan*PDE7A;tryptophan*TAT,2,7,9
methionine,876,18,betaine;dimethylglycine;glutamate;homocysteine,BHMT;BHMT2;MTR;TAT,betaine*BHMT;betaine*BHMT2;dimethylglycine*BHMT;dimethylglycine*BHMT2;glutamate*TAT;homocysteine*BHMT;homocysteine*BHMT2;homocysteine*MTR,NADP;carnosine;histidine;malonylcarnitine,ASRGL1;DIO1;PEPD;TREX1,NADP*DIO1;NADP*PEPD;NADP*TREX1;carnosine*DIO1;carnosine*TREX1;histidine*ASRGL1;histidine*PEPD;malonylcarnitine*DIO1,4,4,8
ornithine,876,18,arginine;citrulline;glutamate;glycine;putrescine,ARG1;ARG2;GATM;OAT;ODC1;OTC,arginine*ARG1;arginine*ARG2;arginine*GATM;citrulline*OTC;glutamate*OAT;glycine*GATM;putrescine*ODC1,GMP;glutamine;pantothenate;taurine;valine,ACHE;ALDH7A1;LDHD;NT5M;PDE6G;UCKL1,GMP*LDHD;pantothenate*ACHE;pantothenate*ALDH7A1;pantothenate*PDE6G;taurine*ACHE;taurine*ALDH7A1;valine*ACHE,5,6,7
oxalate,876,18,NAD,LDHAL6A;LDHAL6B;LDHB;LDHC;LDHD,NAD*LDHAL6A;NAD*LDHAL6B;NAD*LDHB;NAD*LDHC;NAD*LDHD,alanine,BHMT2;CAD;GMPR;IDH3A;IDH3B;IDH3G;TAT,alanine*BHMT2;alanine*CAD;alanine*GMPR;alanine*IDH3A;IDH3B;IDH3G;alanine*TAT,1,5,5
phenylalanine,876,18,AMP;glutamate;leucine;tyrosine,CMA1;FARSA;FARSB;GOT1;GOT2;PAH;TAT,AMP*FARSA;FARSB;glutamate*GOT1;glutamate*GOT2;glutamate*TAT;leucine*CMA1;tyrosine*PAH,adenine;glucuronate;threonine;trimethylamine-N-oxide,BCAT2;CARNS1;NTAN1;PDE4C;RAD1;RAD9A;TREX2,adenine*PDE4C;adenine*RAD1;RAD9A;glucuronate*BCAT2;glucuronate*CARNS1;glucuronate*RAD1;RAD9A;threonine*CARNS1,4,6,6
proline,876,18,NAD;NADP;glycine,PEPD;PYCR1;PYCR2,NAD*PYCR1;NAD*PYCR2;NADP*PYCR1;NADP*PYCR2;glycine*PEPD,dCMP;lysine;tyrosine,NT5C3A;NT5E;PDE2A,dCMP*NT5C3A;lysine*NT5E;lysine*PDE2A;tyrosine*NT5E;tyrosine*PDE2A,3,3,5
putrescine,876,18,ornithine,ODC1,ornithine*ODC1,thymidine,AGXT,thymidine*AGXT,1,1,1
sarcosine,876,18,NADP;dimethylglycine;glycine,DMGDH;GNMT;PDPR;PIPOX;SARDH;TPP1,NADP*DMGDH;NADP*PDPR;dimethylglycine*DMGDH;dimethylglycine*PDPR;dimethylglycine*SARDH;glycine*GNMT;glycine*PIPOX;glycine*SARDH;glycine*TPP1,leucine;malate;tryptophan,GLS2;GOT1;LDHAL6B;PDE4D;PDE6H;SHMT2,leucine*GLS2;leucine*GOT1;leucine*LDHAL6B;malate*GOT1;malate*PDE6H;tryptophan*GLS2;tryptophan*LDHAL6B;tryptophan*PDE4D;tryptophan*SHMT2,3,6,9
serine,876,18,alanine;choline;glycine;homocysteine,AGXT;CBS;PTDSS1;SHMT1;SHMT2,alanine*AGXT;choline*PTDSS1;glycine*SHMT1;glycine*SHMT2;homocysteine*CBS,PEP;cytidine;proline;sucrose,BAAT;DIO1;GLUD2;NT5C1A;PDE8B,PEP*GLUD2;proline*DIO1;sucrose*BAAT;sucrose*GLUD2;sucrose*NT5C1A,4,5,5
taurine,876,18,AMP;NAD;taurocholate,BAAT;FMO1,AMP*BAAT;NAD*FMO1;taurocholate*BAAT,NADP;isoleucine;serotonin,PEPD;PIPOX,NADP*PEPD;isoleucine*PIPOX;serotonin*PEPD,3,2,3
taurocholate,876,18,taurine,BAAT,taurine*BAAT,CMP,PTDSS1,CMP*PTDSS1,1,1,1
thymidine,876,18,thymine,TYMP,thymine*TYMP,4-pyridoxate,RBAK,4-pyridoxate*RBAK,1,1,1
thymine,876,18,NAD;NADP;thymidine,DPYD;TYMP,NAD*DPYD;NADP*DPYD;thymidine*TYMP,betaine;homocysteine;kynurenine,KLK1;ME2,betaine*KLK1;betaine*ME2;kynurenine*KLK1,3,2,3
thyroxine,876,18,NADP,DIO1;DIO2,NADP*DIO1;NADP*DIO2,glycine,ME2;UCKL1,glycine*ME2;glycine*UCKL1,1,2,2
trimethylamine-N-oxide,876,18,NADP,FMO1;FMO2;FMO3;FMO4;FMO5,NADP*FMO1;NADP*FMO2;NADP*FMO3;NADP*FMO4;NADP*FMO5,NAD,ABAT;NT5C3B;NUDT12;OAT;SIRT1,NAD*ABAT;NAD*NT5C3B;NAD*NUDT12;NAD*OAT;NAD*SIRT1,1,5,5
tyrosine,876,18,glutamate;phenylalanine,GOT1;GOT2;PAH;TAT,glutamate*GOT1;glutamate*GOT2;glutamate*TAT;phenylalanine*PAH,adenine;citrulline,BCHE;DIO1;PDE1C;TPP1,adenine*BCHE;adenine*DIO1;citrulline*PDE1C;citrulline*TPP1,2,4,4
uracil,876,18,NADP;UMP;uridine,DPYD;UPP1;UPP2;UPRT,NADP*DPYD;UMP*UPRT;uridine*UPP1;uridine*UPP2,GMP;kynurenine;methionine,BHMT2;PDE2A;PDE4D;PIPOX,GMP*BHMT2;kynurenine*PDE2A;methionine*BHMT2;methionine*PIPOX,3,4,4
urate,876,18,NAD;xanthine,XDH,NAD*XDH;xanthine*XDH,lactose;thymine,APOBEC4,lactose*APOBEC4;thymine*APOBEC4,2,1,2
uridine,876,18,UMP;cytidine;uracil,AICDA;APOBEC4;CDA;NT5C;NT5C1A;NT5C1B;NT5C2;NT5C3A;NT5C3B;NT5E;NT5M;UCK1;UCK2;UCKL1;UPP1;UPP2,UMP*NT5C;UMP*NT5C1A;UMP*NT5C1B;UMP*NT5C2;UMP*NT5C3A;UMP*NT5C3B;UMP*NT5E;UMP*NT5M;UMP*UCK1;UMP*UCK2;UMP*UCKL1;cytidine*AICDA;cytidine*APOBEC4;cytidine*CDA;uracil*UPP1;uracil*UPP2,AMP;beta-alanine;erythrose-4-phosphate,ALDH4A1;BCAT1;BHMT2;CDIPT;CHDH;CNDP1;GPT;IDH2;IDH3A;IDH3B;IDH3G;LDHAL6A;ME2;NTAN1;PDE1A;PPAT;RWDD2A;SIRT7,AMP*CDIPT;AMP*CNDP1;AMP*IDH2;AMP*IDH3A;IDH3B;IDH3G;AMP*PPAT;AMP*SIRT7;beta-alanine*CDIPT;beta-alanine*CHDH;beta-alanine*CNDP1;beta-alanine*NTAN1;beta-alanine*PDE1A;beta-alanine*PPAT;beta-alanine*SIRT7;erythrose-4-phosphate*LDHAL6A;erythrose-4-phosphate*NTAN1;erythrose-4-phosphate*PPAT,3,16,16
valine,876,18,glutamate,BCAT1;BCAT2,glutamate*BCAT1;glutamate*BCAT2,thymine,NUDT12;SARDH,thymine*NUDT12;thymine*SARDH,1,2,2
xanthine,876,18,NAD;hypoxanthine;urate;xanthosine,PNP;XDH,NAD*XDH;hypoxanthine*XDH;urate*XDH;xanthosine*PNP,citrulline;homocysteine;sarcosine;uracil,AICDA;NOS1,citrulline*AICDA;homocysteine*NOS1;sarcosine*AICDA;uracil*NOS1,4,2,4
xanthosine,876,18,xanthine,PNP,xanthine*PNP,putrescine,PDE6H,putrescine*PDE6H,1,1,1
