mask,fold,train_rows,test_rows,train_groups,test_groups,test_group_sha256,seconds
0,0,360,90,12,3,3d5d51121768359cb9b249d7b445d0ba63fb83e37b4e7503bec1572ad374e01f,3.836910424986854
0,1,360,90,12,3,67a087b9e64e1716ea248d220a77e2fdf686d9cbfc804fcc1d10a52b3b9aac7c,3.4324246891774237
0,2,360,90,12,3,e4adb7482537eb9c75a92cfec047e58cd9d2d4bdfede1ca8da74c400446b26f8,3.2894351750146598
0,3,360,90,12,3,dd2dd3189e81317eaf87c8297c9d1d74dc71ee46b632f242cf6d1a3a1ffe6b01,3.0392257880885154
0,4,360,90,12,3,47aa6cc4b5ae1a7aa13b8c7a5844a03e55d65585d42848502b3506d8f693d7e1,3.325773023068905
1,0,360,90,12,3,3d5d51121768359cb9b249d7b445d0ba63fb83e37b4e7503bec1572ad374e01f,4.929605324054137
1,1,360,90,12,3,67a087b9e64e1716ea248d220a77e2fdf686d9cbfc804fcc1d10a52b3b9aac7c,3.850652048829943
1,2,360,90,12,3,e4adb7482537eb9c75a92cfec047e58cd9d2d4bdfede1ca8da74c400446b26f8,3.1125730501953512
1,3,360,90,12,3,dd2dd3189e81317eaf87c8297c9d1d74dc71ee46b632f242cf6d1a3a1ffe6b01,3.8752417031209916
1,4,360,90,12,3,47aa6cc4b5ae1a7aa13b8c7a5844a03e55d65585d42848502b3506d8f693d7e1,3.733529895078391
2,0,360,90,12,3,3d5d51121768359cb9b249d7b445d0ba63fb83e37b4e7503bec1572ad374e01f,3.0957880769856274
2,1,360,90,12,3,67a087b9e64e1716ea248d220a77e2fdf686d9cbfc804fcc1d10a52b3b9aac7c,3.40622684918344
2,2,360,90,12,3,e4adb7482537eb9c75a92cfec047e58cd9d2d4bdfede1ca8da74c400446b26f8,3.533491604961455
2,3,360,90,12,3,dd2dd3189e81317eaf87c8297c9d1d74dc71ee46b632f242cf6d1a3a1ffe6b01,3.5285887860227376
2,4,360,90,12,3,47aa6cc4b5ae1a7aa13b8c7a5844a03e55d65585d42848502b3506d8f693d7e1,3.2686692429706454
3,0,360,90,12,3,3d5d51121768359cb9b249d7b445d0ba63fb83e37b4e7503bec1572ad374e01f,4.180044665001333
3,1,360,90,12,3,67a087b9e64e1716ea248d220a77e2fdf686d9cbfc804fcc1d10a52b3b9aac7c,4.1118941938038915
3,2,360,90,12,3,e4adb7482537eb9c75a92cfec047e58cd9d2d4bdfede1ca8da74c400446b26f8,4.153500156942755
3,3,360,90,12,3,dd2dd3189e81317eaf87c8297c9d1d74dc71ee46b632f242cf6d1a3a1ffe6b01,4.070696159033105
3,4,360,90,12,3,47aa6cc4b5ae1a7aa13b8c7a5844a03e55d65585d42848502b3506d8f693d7e1,3.7625644630752504
4,0,360,90,12,3,3d5d51121768359cb9b249d7b445d0ba63fb83e37b4e7503bec1572ad374e01f,3.8275194300804287
4,1,360,90,12,3,67a087b9e64e1716ea248d220a77e2fdf686d9cbfc804fcc1d10a52b3b9aac7c,3.5928714140318334
4,2,360,90,12,3,e4adb7482537eb9c75a92cfec047e58cd9d2d4bdfede1ca8da74c400446b26f8,4.073369457153603
4,3,360,90,12,3,dd2dd3189e81317eaf87c8297c9d1d74dc71ee46b632f242cf6d1a3a1ffe6b01,3.747359398053959
4,4,360,90,12,3,47aa6cc4b5ae1a7aa13b8c7a5844a03e55d65585d42848502b3506d8f693d7e1,3.6874420621898025
