random_feature_seed,target,factorized_rmse_sd,random_rmse_sd
20262100,AMP,0.41113214601127596,0.926897861638645
20262100,CMP,0.5205147331591305,0.8918880623076272
20262100,GMP,0.4894928717251097,0.7782062358390335
20262100,NAD,0.6248033627337262,0.9516912728377328
20262100,NADP,0.8868452877469701,1.2950585327366377
20262100,UMP,0.35845537965257557,0.7975430339427647
20262100,acetylcholine,0.9775188652664414,0.9821788144792424
20262100,aconitate,0.4796825135815324,0.9436977654761869
20262100,adenine,0.9790126793445546,1.0150440608119609
20262100,adenosine,0.9483630443459022,1.089513975691888
20262100,alanine,0.8673787412449926,0.9065904497097182
20262100,arginine,0.6859994500938009,0.8753937628482081
20262100,asparagine,0.9812737517492665,1.1346359613567574
20262100,aspartate,0.9976461590619886,1.0202378211219916
20262100,beta-alanine,0.938427672793752,0.907012291695665
20262100,betaine,0.7952668947731993,0.8359269138609317
20262100,cAMP,0.9397117836257589,0.9961813099533774
20262100,carnosine,0.6521003248113376,0.9682586746375964
20262100,choline,0.9787329989557204,1.0695862458847711
20262100,citrate,0.41528209251425857,0.921552609737573
20262100,citrulline,0.7915217668991016,0.7791244518869312
20262100,cytidine,0.7090002974967359,0.9685712060571204
20262100,dimethylglycine,0.6463689322123545,0.7304441250035524
20262100,glucuronate,0.8616491076000341,0.8281506617645236
20262100,glutamate,0.7995373683935736,1.1773887671256655
20262100,glutamine,0.9064265172164319,0.9718227241538709
20262100,glycine,0.8624904633292684,1.3125639914514435
20262100,guanosine,1.033558682725826,1.0077578389448067
20262100,histidine,0.7136787090062614,0.9805081546416498
20262100,homocysteine,0.956350790913485,0.9859992455693158
20262100,hypoxanthine,0.8470824685430809,1.0005775537571167
20262100,inosine,0.8068556540784153,0.9365827201908168
20262100,inositol,1.008302303312148,0.9842777790410302
20262100,isocitrate,0.40732445498343883,0.8928561366630905
20262100,isoleucine,1.0062734133522653,0.9011254413672775
20262100,kynurenine,1.0174244195140472,1.0259698871271792
20262100,leucine,0.5534221410894757,0.8177224051401922
20262100,lysine,0.9830325446951925,1.0086292414311293
20262100,malate,0.7856618290608256,0.8380862089831203
20262100,methionine,0.8586685361384793,0.8237478136551097
20262100,ornithine,0.7571920680559053,0.8392617090291318
20262100,oxalate,0.9109022015137858,1.0874110524137568
20262100,phenylalanine,0.37842429338031375,0.968289688870278
20262100,proline,0.9317872828995192,0.9089524418377468
20262100,putrescine,0.9769862028737001,1.0278969202835595
20262100,sarcosine,1.0032100497967666,0.964044341737107
20262100,serine,0.8815704710270653,0.938630672584944
20262100,taurine,0.9839544838503621,0.9996555594577972
20262100,taurocholate,0.9670539294603316,0.9452987510760539
20262100,thymidine,0.854904922393935,0.992785500850807
20262100,thymine,0.9594117102781149,1.0588338727050193
20262100,thyroxine,1.0152246769454036,0.7778011803823388
20262100,trimethylamine-N-oxide,0.8193859282895232,0.7997301581852269
20262100,tyrosine,0.3524381092087129,0.8894728121528857
20262100,uracil,0.7495122049675836,0.7700515605791406
20262100,urate,0.7664925608217266,0.8359573844363147
20262100,uridine,0.6614090215543147,0.9854467371305036
20262100,valine,1.0179836442221435,0.926525287117778
20262100,xanthine,0.6550539275038055,0.6919091671857047
20262100,xanthosine,0.6816794204503376,0.8026079812283784
20262101,AMP,0.41113214601127596,0.9099602885228346
20262101,CMP,0.5205147331591305,0.9128538803354509
20262101,GMP,0.4894928717251097,0.7704181990022578
20262101,NAD,0.6248033627337262,0.7707951483480875
20262101,NADP,0.8868452877469701,1.0915836055248374
20262101,UMP,0.35845537965257557,0.8760166871380571
20262101,acetylcholine,0.9775188652664414,0.9734612347612988
20262101,aconitate,0.4796825135815324,0.9925040484365063
20262101,adenine,0.9790126793445546,0.9778805603643409
20262101,adenosine,0.9483630443459022,1.0857555993885029
20262101,alanine,0.8673787412449926,0.9314094927424765
20262101,arginine,0.6859994500938009,0.8194480417655295
20262101,asparagine,0.9812737517492665,1.0259919353050544
20262101,aspartate,0.9976461590619886,1.0117483581560247
20262101,beta-alanine,0.938427672793752,0.6392963638769648
20262101,betaine,0.7952668947731993,0.842791938388855
20262101,cAMP,0.9397117836257589,1.0442360160681579
20262101,carnosine,0.6521003248113376,0.9542552828106641
20262101,choline,0.9787329989557204,1.1007631593046734
20262101,citrate,0.41528209251425857,0.9167578887507722
20262101,citrulline,0.7915217668991016,0.8629241109932351
20262101,cytidine,0.7090002974967359,0.9715211916422084
20262101,dimethylglycine,0.6463689322123545,0.6663653101672876
20262101,glucuronate,0.8616491076000341,0.8610395641704461
20262101,glutamate,0.7995373683935736,0.9978187531803057
20262101,glutamine,0.9064265172164319,0.9453497137129144
20262101,glycine,0.8624904633292684,1.1713109599535745
20262101,guanosine,1.033558682725826,1.0050045729860975
20262101,histidine,0.7136787090062614,0.9087914402310108
20262101,homocysteine,0.956350790913485,1.0533377498813277
20262101,hypoxanthine,0.8470824685430809,0.9593101631631219
20262101,inosine,0.8068556540784153,0.8970573554966225
20262101,inositol,1.008302303312148,1.0306958545074092
20262101,isocitrate,0.40732445498343883,0.8924772966425261
20262101,isoleucine,1.0062734133522653,0.9071365499782189
20262101,kynurenine,1.0174244195140472,1.0259050705175925
20262101,leucine,0.5534221410894757,0.9645753508732542
20262101,lysine,0.9830325446951925,0.7952854380915223
20262101,malate,0.7856618290608256,0.8473617197559664
20262101,methionine,0.8586685361384793,0.7497756684739193
20262101,ornithine,0.7571920680559053,0.8878481732394511
20262101,oxalate,0.9109022015137858,0.9756299731572039
20262101,phenylalanine,0.37842429338031375,0.9776116967930889
20262101,proline,0.9317872828995192,0.9060545709965135
20262101,putrescine,0.9769862028737001,1.0077145598300792
20262101,sarcosine,1.0032100497967666,0.9821313891964726
20262101,serine,0.8815704710270653,0.9593166269521857
20262101,taurine,0.9839544838503621,1.0018501070571508
20262101,taurocholate,0.9670539294603316,0.9600447726139594
20262101,thymidine,0.854904922393935,1.0014191442906586
20262101,thymine,0.9594117102781149,1.0742961910042756
20262101,thyroxine,1.0152246769454036,0.9782992124612359
20262101,trimethylamine-N-oxide,0.8193859282895232,0.8773546091854981
20262101,tyrosine,0.3524381092087129,0.8282810327994096
20262101,uracil,0.7495122049675836,0.8531617544208286
20262101,urate,0.7664925608217266,0.9196039139444672
20262101,uridine,0.6614090215543147,1.0217195613664791
20262101,valine,1.0179836442221435,1.0291496266828224
20262101,xanthine,0.6550539275038055,0.8269995830122171
20262101,xanthosine,0.6816794204503376,0.8049227065674404
20262102,AMP,0.41113214601127596,0.87515755407606
20262102,CMP,0.5205147331591305,0.8169455635558464
20262102,GMP,0.4894928717251097,0.7494225248313705
20262102,NAD,0.6248033627337262,0.8591963935834027
20262102,NADP,0.8868452877469701,1.0379964270266056
20262102,UMP,0.35845537965257557,0.8893203102083549
20262102,acetylcholine,0.9775188652664414,0.9805290133418073
20262102,aconitate,0.4796825135815324,0.9574673786322784
20262102,adenine,0.9790126793445546,0.9853064384525002
20262102,adenosine,0.9483630443459022,1.0771540748465662
20262102,alanine,0.8673787412449926,0.7832223051097803
20262102,arginine,0.6859994500938009,0.7892585570719051
20262102,asparagine,0.9812737517492665,1.1127933454417755
20262102,aspartate,0.9976461590619886,1.0419049597510337
20262102,beta-alanine,0.938427672793752,0.9723417187898838
20262102,betaine,0.7952668947731993,0.912977399279029
20262102,cAMP,0.9397117836257589,1.0180292416288037
20262102,carnosine,0.6521003248113376,0.921136565843345
20262102,choline,0.9787329989557204,1.0639230332837908
20262102,citrate,0.41528209251425857,0.9558576553084218
20262102,citrulline,0.7915217668991016,0.7344468278411224
20262102,cytidine,0.7090002974967359,0.9511898621697907
20262102,dimethylglycine,0.6463689322123545,0.7652966007835175
20262102,glucuronate,0.8616491076000341,0.8258079716352963
20262102,glutamate,0.7995373683935736,0.9540632691515919
20262102,glutamine,0.9064265172164319,0.9757564786026538
20262102,glycine,0.8624904633292684,1.1564590518433726
20262102,guanosine,1.033558682725826,1.0019811807242391
20262102,histidine,0.7136787090062614,0.8861012202739971
20262102,homocysteine,0.956350790913485,1.008817286567899
20262102,hypoxanthine,0.8470824685430809,0.9900286614313643
20262102,inosine,0.8068556540784153,0.9739473000993178
20262102,inositol,1.008302303312148,0.9720861162028912
20262102,isocitrate,0.40732445498343883,0.9616032128155968
20262102,isoleucine,1.0062734133522653,0.9015845261578569
20262102,kynurenine,1.0174244195140472,1.0133341246936691
20262102,leucine,0.5534221410894757,0.36053918377778144
20262102,lysine,0.9830325446951925,0.9848150594105464
20262102,malate,0.7856618290608256,0.8894133741334529
20262102,methionine,0.8586685361384793,1.016944260354445
20262102,ornithine,0.7571920680559053,0.9655079439847019
20262102,oxalate,0.9109022015137858,0.9181097185066296
20262102,phenylalanine,0.37842429338031375,0.8608221322792108
20262102,proline,0.9317872828995192,0.8979630431713648
20262102,putrescine,0.9769862028737001,0.998261322241714
20262102,sarcosine,1.0032100497967666,0.9714799411202537
20262102,serine,0.8815704710270653,0.9744639717661402
20262102,taurine,0.9839544838503621,1.0227228821051542
20262102,taurocholate,0.9670539294603316,0.9621878660816549
20262102,thymidine,0.854904922393935,1.0003560552495137
20262102,thymine,0.9594117102781149,1.0591499144165488
20262102,thyroxine,1.0152246769454036,0.7673269703718685
20262102,trimethylamine-N-oxide,0.8193859282895232,0.7959474196878569
20262102,tyrosine,0.3524381092087129,0.8100624766022619
20262102,uracil,0.7495122049675836,0.929501586967072
20262102,urate,0.7664925608217266,0.8549074245630133
20262102,uridine,0.6614090215543147,1.1286340453779344
20262102,valine,1.0179836442221435,0.9257668486077176
20262102,xanthine,0.6550539275038055,0.6860192682652081
20262102,xanthosine,0.6816794204503376,0.9167510450377446
20262103,AMP,0.41113214601127596,0.7521133130179195
20262103,CMP,0.5205147331591305,0.9008480860772851
20262103,GMP,0.4894928717251097,0.8252057821018184
20262103,NAD,0.6248033627337262,0.9766550684672498
20262103,NADP,0.8868452877469701,0.9423517314794759
20262103,UMP,0.35845537965257557,0.8312249262038309
20262103,acetylcholine,0.9775188652664414,0.9718409220183919
20262103,aconitate,0.4796825135815324,0.9378223946695351
20262103,adenine,0.9790126793445546,1.0203645674098543
20262103,adenosine,0.9483630443459022,1.045138192687679
20262103,alanine,0.8673787412449926,0.8118933989274056
20262103,arginine,0.6859994500938009,0.8269019504604453
20262103,asparagine,0.9812737517492665,1.1000985245540154
20262103,aspartate,0.9976461590619886,1.0495688684655058
20262103,beta-alanine,0.938427672793752,0.946196535630621
20262103,betaine,0.7952668947731993,0.8450084865495113
20262103,cAMP,0.9397117836257589,0.9874056556364519
20262103,carnosine,0.6521003248113376,0.9103435108351471
20262103,choline,0.9787329989557204,1.05471710363294
20262103,citrate,0.41528209251425857,0.9711443421465127
20262103,citrulline,0.7915217668991016,0.7380787219674497
20262103,cytidine,0.7090002974967359,0.9586003274448165
20262103,dimethylglycine,0.6463689322123545,0.7295144541871369
20262103,glucuronate,0.8616491076000341,0.8265959872653365
20262103,glutamate,0.7995373683935736,0.965842707433712
20262103,glutamine,0.9064265172164319,0.9773171625871192
20262103,glycine,0.8624904633292684,1.0826100823009739
20262103,guanosine,1.033558682725826,0.983084328428215
20262103,histidine,0.7136787090062614,0.984845105214891
20262103,homocysteine,0.956350790913485,1.0139538705072417
20262103,hypoxanthine,0.8470824685430809,0.9589468038496763
20262103,inosine,0.8068556540784153,0.9868988023914199
20262103,inositol,1.008302303312148,1.0013992185115856
20262103,isocitrate,0.40732445498343883,0.9557456121204191
20262103,isoleucine,1.0062734133522653,0.9985115153527498
20262103,kynurenine,1.0174244195140472,1.0177418394704962
20262103,leucine,0.5534221410894757,1.0204749851538952
20262103,lysine,0.9830325446951925,0.7942009746914478
20262103,malate,0.7856618290608256,0.8712711607114836
20262103,methionine,0.8586685361384793,0.9079207280634383
20262103,ornithine,0.7571920680559053,0.8571221908051028
20262103,oxalate,0.9109022015137858,0.9578512444170754
20262103,phenylalanine,0.37842429338031375,0.9912295290710542
20262103,proline,0.9317872828995192,0.8955976214756393
20262103,putrescine,0.9769862028737001,1.0046237328155407
20262103,sarcosine,1.0032100497967666,1.007104157614629
20262103,serine,0.8815704710270653,0.9633172638561095
20262103,taurine,0.9839544838503621,1.0001968291006256
20262103,taurocholate,0.9670539294603316,0.9675043471449152
20262103,thymidine,0.854904922393935,0.9740325252150641
20262103,thymine,0.9594117102781149,1.056213089427279
20262103,thyroxine,1.0152246769454036,0.9707661651250118
20262103,trimethylamine-N-oxide,0.8193859282895232,0.8513135802394379
20262103,tyrosine,0.3524381092087129,0.8218867766014147
20262103,uracil,0.7495122049675836,0.8510471860676775
20262103,urate,0.7664925608217266,0.9549864612885267
20262103,uridine,0.6614090215543147,0.9752246662602371
20262103,valine,1.0179836442221435,1.0167582380905031
20262103,xanthine,0.6550539275038055,0.8039198188007601
20262103,xanthosine,0.6816794204503376,0.9062633078572735
20262104,AMP,0.41113214601127596,0.721203359547322
20262104,CMP,0.5205147331591305,0.8736842575453474
20262104,GMP,0.4894928717251097,0.774666907263891
20262104,NAD,0.6248033627337262,0.8926530220855149
20262104,NADP,0.8868452877469701,0.8984877480395747
20262104,UMP,0.35845537965257557,0.7377234793494326
20262104,acetylcholine,0.9775188652664414,0.9861988099385984
20262104,aconitate,0.4796825135815324,0.9439306641838658
20262104,adenine,0.9790126793445546,0.9840654944096617
20262104,adenosine,0.9483630443459022,1.0658773750068269
20262104,alanine,0.8673787412449926,0.9424942044926555
20262104,arginine,0.6859994500938009,0.826846566150788
20262104,asparagine,0.9812737517492665,1.0997728475253497
20262104,aspartate,0.9976461590619886,1.0053537608027443
20262104,beta-alanine,0.938427672793752,0.8766123125916208
20262104,betaine,0.7952668947731993,0.8472927603670958
20262104,cAMP,0.9397117836257589,0.9676065105359681
20262104,carnosine,0.6521003248113376,0.9385834664015454
20262104,choline,0.9787329989557204,1.0564014534984978
20262104,citrate,0.41528209251425857,0.9572813820793122
20262104,citrulline,0.7915217668991016,0.853607176416498
20262104,cytidine,0.7090002974967359,0.9051134148381249
20262104,dimethylglycine,0.6463689322123545,0.7768250685363927
20262104,glucuronate,0.8616491076000341,0.8231093115313055
20262104,glutamate,0.7995373683935736,1.0028237837178369
20262104,glutamine,0.9064265172164319,0.999988316857283
20262104,glycine,0.8624904633292684,1.078396786465872
20262104,guanosine,1.033558682725826,1.004549728029406
20262104,histidine,0.7136787090062614,1.092441761797326
20262104,homocysteine,0.956350790913485,0.9947295507401295
20262104,hypoxanthine,0.8470824685430809,0.9752027355220145
20262104,inosine,0.8068556540784153,0.9787480076821982
20262104,inositol,1.008302303312148,0.974670655695214
20262104,isocitrate,0.40732445498343883,0.9332264651236089
20262104,isoleucine,1.0062734133522653,0.9079594106337684
20262104,kynurenine,1.0174244195140472,1.0236147882004922
20262104,leucine,0.5534221410894757,0.727561883774694
20262104,lysine,0.9830325446951925,1.0057914707334332
20262104,malate,0.7856618290608256,0.8511572894815033
20262104,methionine,0.8586685361384793,0.8355106619111439
20262104,ornithine,0.7571920680559053,0.955562215923606
20262104,oxalate,0.9109022015137858,0.9420594279769926
20262104,phenylalanine,0.37842429338031375,0.9576889365151218
20262104,proline,0.9317872828995192,0.9228426029768753
20262104,putrescine,0.9769862028737001,1.0050499817849625
20262104,sarcosine,1.0032100497967666,0.9875140689220019
20262104,serine,0.8815704710270653,0.9419547413165004
20262104,taurine,0.9839544838503621,0.9869538652119045
20262104,taurocholate,0.9670539294603316,0.9365619674047541
20262104,thymidine,0.854904922393935,0.9843245090533201
20262104,thymine,0.9594117102781149,1.0381620666743478
20262104,thyroxine,1.0152246769454036,0.7743236281415221
20262104,trimethylamine-N-oxide,0.8193859282895232,0.8250804287405983
20262104,tyrosine,0.3524381092087129,0.8810234797608676
20262104,uracil,0.7495122049675836,0.9681692928565863
20262104,urate,0.7664925608217266,0.9396826607534804
20262104,uridine,0.6614090215543147,0.9971884885704219
20262104,valine,1.0179836442221435,1.020677641071489
20262104,xanthine,0.6550539275038055,0.8042913985953478
20262104,xanthosine,0.6816794204503376,0.9082581947343462
20262105,AMP,0.41113214601127596,0.8060397746681469
20262105,CMP,0.5205147331591305,0.8626587542567684
20262105,GMP,0.4894928717251097,0.8649292179901761
20262105,NAD,0.6248033627337262,0.8733837444764495
20262105,NADP,0.8868452877469701,1.0189913532652846
20262105,UMP,0.35845537965257557,0.7117395850942948
20262105,acetylcholine,0.9775188652664414,0.9670563968063659
20262105,aconitate,0.4796825135815324,0.9266040954842104
20262105,adenine,0.9790126793445546,0.9961520557411403
20262105,adenosine,0.9483630443459022,1.090673826487584
20262105,alanine,0.8673787412449926,0.9442118316636864
20262105,arginine,0.6859994500938009,0.881985046105741
20262105,asparagine,0.9812737517492665,1.0359560327379789
20262105,aspartate,0.9976461590619886,1.049204288478842
20262105,beta-alanine,0.938427672793752,0.9606757283573751
20262105,betaine,0.7952668947731993,0.9095209017429873
20262105,cAMP,0.9397117836257589,0.9661318286870484
20262105,carnosine,0.6521003248113376,0.9528439940975634
20262105,choline,0.9787329989557204,1.0228585421983416
20262105,citrate,0.41528209251425857,0.9231027301876173
20262105,citrulline,0.7915217668991016,0.638435900336624
20262105,cytidine,0.7090002974967359,0.9891051986639103
20262105,dimethylglycine,0.6463689322123545,0.7576727964289666
20262105,glucuronate,0.8616491076000341,0.8211099188033828
20262105,glutamate,0.7995373683935736,1.0230362217995572
20262105,glutamine,0.9064265172164319,0.9748092939457832
20262105,glycine,0.8624904633292684,1.0307501822935816
20262105,guanosine,1.033558682725826,0.9875280904267613
20262105,histidine,0.7136787090062614,0.6161989423055028
20262105,homocysteine,0.956350790913485,1.0612942912294359
20262105,hypoxanthine,0.8470824685430809,0.9959009698703456
20262105,inosine,0.8068556540784153,0.9804962756051238
20262105,inositol,1.008302303312148,1.0254961097514568
20262105,isocitrate,0.40732445498343883,0.8072861940026257
20262105,isoleucine,1.0062734133522653,1.001112366879561
20262105,kynurenine,1.0174244195140472,1.0235418901999587
20262105,leucine,0.5534221410894757,0.813527927999934
20262105,lysine,0.9830325446951925,0.794438940864003
20262105,malate,0.7856618290608256,0.8735839598893455
20262105,methionine,0.8586685361384793,0.8011366447580675
20262105,ornithine,0.7571920680559053,0.9796557154111765
20262105,oxalate,0.9109022015137858,1.0167795726769657
20262105,phenylalanine,0.37842429338031375,1.056197602048071
20262105,proline,0.9317872828995192,0.8993545877070499
20262105,putrescine,0.9769862028737001,0.9946783384294449
20262105,sarcosine,1.0032100497967666,1.0164037108576705
20262105,serine,0.8815704710270653,1.00377920827155
20262105,taurine,0.9839544838503621,1.0107383952740625
20262105,taurocholate,0.9670539294603316,0.9373208712070743
20262105,thymidine,0.854904922393935,0.986599997253665
20262105,thymine,0.9594117102781149,1.0603271676976402
20262105,thyroxine,1.0152246769454036,0.9832736543364153
20262105,trimethylamine-N-oxide,0.8193859282895232,0.8738407033337431
20262105,tyrosine,0.3524381092087129,1.0001776823636568
20262105,uracil,0.7495122049675836,0.821167698593833
20262105,urate,0.7664925608217266,0.8863091064028162
20262105,uridine,0.6614090215543147,1.0317407540502244
20262105,valine,1.0179836442221435,1.0231807637942092
20262105,xanthine,0.6550539275038055,0.7964952594767678
20262105,xanthosine,0.6816794204503376,0.9209750430307366
20262106,AMP,0.41113214601127596,0.7049830674358093
20262106,CMP,0.5205147331591305,0.9222027986557318
20262106,GMP,0.4894928717251097,1.0193711632983433
20262106,NAD,0.6248033627337262,0.739573475083986
20262106,NADP,0.8868452877469701,1.232016586410727
20262106,UMP,0.35845537965257557,1.0005389369022202
20262106,acetylcholine,0.9775188652664414,0.9797515734516987
20262106,aconitate,0.4796825135815324,0.8366092671356516
20262106,adenine,0.9790126793445546,1.0224442884771254
20262106,adenosine,0.9483630443459022,1.0710626950102944
20262106,alanine,0.8673787412449926,0.8307769992530629
20262106,arginine,0.6859994500938009,0.9045242410724966
20262106,asparagine,0.9812737517492665,1.0956897106546906
20262106,aspartate,0.9976461590619886,1.0991246828072365
20262106,beta-alanine,0.938427672793752,0.9265900597401433
20262106,betaine,0.7952668947731993,0.8516981467625696
20262106,cAMP,0.9397117836257589,0.986276845594056
20262106,carnosine,0.6521003248113376,0.967134654612005
20262106,choline,0.9787329989557204,1.068959321589527
20262106,citrate,0.41528209251425857,0.9221128001241518
20262106,citrulline,0.7915217668991016,0.7474044093627051
20262106,cytidine,0.7090002974967359,0.9848059203498298
20262106,dimethylglycine,0.6463689322123545,0.5902302707409285
20262106,glucuronate,0.8616491076000341,0.847733346030208
20262106,glutamate,0.7995373683935736,1.0604271120535103
20262106,glutamine,0.9064265172164319,1.0134453760009292
20262106,glycine,0.8624904633292684,1.0033223239576143
20262106,guanosine,1.033558682725826,1.0346463520922904
20262106,histidine,0.7136787090062614,0.9550579378636022
20262106,homocysteine,0.956350790913485,0.9932004198848599
20262106,hypoxanthine,0.8470824685430809,1.0024733701756185
20262106,inosine,0.8068556540784153,0.9728153497102535
20262106,inositol,1.008302303312148,1.0432715927765908
20262106,isocitrate,0.40732445498343883,0.8112047118769402
20262106,isoleucine,1.0062734133522653,0.908857324703185
20262106,kynurenine,1.0174244195140472,1.0244916485090199
20262106,leucine,0.5534221410894757,0.8597631174301585
20262106,lysine,0.9830325446951925,0.9679752347890341
20262106,malate,0.7856618290608256,0.8808651883297208
20262106,methionine,0.8586685361384793,0.766868235655301
20262106,ornithine,0.7571920680559053,0.9402742813004791
20262106,oxalate,0.9109022015137858,1.0116160369283635
20262106,phenylalanine,0.37842429338031375,0.9569807007454999
20262106,proline,0.9317872828995192,0.8958108391895215
20262106,putrescine,0.9769862028737001,0.967115396750178
20262106,sarcosine,1.0032100497967666,1.0117440645735225
20262106,serine,0.8815704710270653,0.9469368306406493
20262106,taurine,0.9839544838503621,1.0157583970493367
20262106,taurocholate,0.9670539294603316,0.9465692389406433
20262106,thymidine,0.854904922393935,1.0000395245952776
20262106,thymine,0.9594117102781149,1.0590036786037271
20262106,thyroxine,1.0152246769454036,0.7769268723155395
20262106,trimethylamine-N-oxide,0.8193859282895232,0.8644303786905274
20262106,tyrosine,0.3524381092087129,0.49149904473250916
20262106,uracil,0.7495122049675836,0.7835121607684881
20262106,urate,0.7664925608217266,0.8702464560163248
20262106,uridine,0.6614090215543147,0.9427286645510785
20262106,valine,1.0179836442221435,0.9240379313294693
20262106,xanthine,0.6550539275038055,0.8039087939705368
20262106,xanthosine,0.6816794204503376,0.8030221232001408
20262107,AMP,0.41113214601127596,0.7581602039535789
20262107,CMP,0.5205147331591305,0.8397458254888707
20262107,GMP,0.4894928717251097,0.8271361831108409
20262107,NAD,0.6248033627337262,0.8173488098350745
20262107,NADP,0.8868452877469701,1.1937962174092533
20262107,UMP,0.35845537965257557,0.8079314832147009
20262107,acetylcholine,0.9775188652664414,1.1438748130963048
20262107,aconitate,0.4796825135815324,0.9972263186788367
20262107,adenine,0.9790126793445546,1.0168432272925494
20262107,adenosine,0.9483630443459022,1.0560828169403143
20262107,alanine,0.8673787412449926,0.848920122935135
20262107,arginine,0.6859994500938009,0.8961974907312374
20262107,asparagine,0.9812737517492665,1.0782775994808793
20262107,aspartate,0.9976461590619886,1.0383499167522379
20262107,beta-alanine,0.938427672793752,1.0202097890728123
20262107,betaine,0.7952668947731993,0.8214049052902276
20262107,cAMP,0.9397117836257589,0.9627709890351526
20262107,carnosine,0.6521003248113376,0.9968354448460524
20262107,choline,0.9787329989557204,1.0667386057958754
20262107,citrate,0.41528209251425857,0.962122331666682
20262107,citrulline,0.7915217668991016,0.7896620748645049
20262107,cytidine,0.7090002974967359,1.005090026762327
20262107,dimethylglycine,0.6463689322123545,0.8047655709486186
20262107,glucuronate,0.8616491076000341,0.8665896625414052
20262107,glutamate,0.7995373683935736,0.9451838030367495
20262107,glutamine,0.9064265172164319,0.9669666759545745
20262107,glycine,0.8624904633292684,1.1927593540629589
20262107,guanosine,1.033558682725826,1.028002402706139
20262107,histidine,0.7136787090062614,0.927076831177628
20262107,homocysteine,0.956350790913485,1.0183915392872611
20262107,hypoxanthine,0.8470824685430809,0.976410603291262
20262107,inosine,0.8068556540784153,0.9602641720117094
20262107,inositol,1.008302303312148,1.0097137148632185
20262107,isocitrate,0.40732445498343883,0.8958135850461768
20262107,isoleucine,1.0062734133522653,0.909497466130083
20262107,kynurenine,1.0174244195140472,1.0339524020186657
20262107,leucine,0.5534221410894757,0.9433909264248146
20262107,lysine,0.9830325446951925,0.7900562781302193
20262107,malate,0.7856618290608256,0.86636025244883
20262107,methionine,0.8586685361384793,0.7805370586669523
20262107,ornithine,0.7571920680559053,0.8769996523478549
20262107,oxalate,0.9109022015137858,0.9599310231944299
20262107,phenylalanine,0.37842429338031375,0.9046843309682847
20262107,proline,0.9317872828995192,0.9060360360973378
20262107,putrescine,0.9769862028737001,0.9995413858631929
20262107,sarcosine,1.0032100497967666,1.0149837647576336
20262107,serine,0.8815704710270653,0.9548961328795926
20262107,taurine,0.9839544838503621,1.0290270411876408
20262107,taurocholate,0.9670539294603316,0.9620167438480377
20262107,thymidine,0.854904922393935,0.9692771036720689
20262107,thymine,0.9594117102781149,1.0517535642349782
20262107,thyroxine,1.0152246769454036,1.0058001119955644
20262107,trimethylamine-N-oxide,0.8193859282895232,0.8864715770518682
20262107,tyrosine,0.3524381092087129,0.9633239219758883
20262107,uracil,0.7495122049675836,0.8604234432469032
20262107,urate,0.7664925608217266,0.8437485881764251
20262107,uridine,0.6614090215543147,1.0113467376324408
20262107,valine,1.0179836442221435,1.001476432349786
20262107,xanthine,0.6550539275038055,0.653692108528967
20262107,xanthosine,0.6816794204503376,0.911386580856159
20262108,AMP,0.41113214601127596,0.8549271372591327
20262108,CMP,0.5205147331591305,0.9186269760260746
20262108,GMP,0.4894928717251097,0.8730633161139217
20262108,NAD,0.6248033627337262,0.8391094191142427
20262108,NADP,0.8868452877469701,1.0048215689697204
20262108,UMP,0.35845537965257557,0.689005975549235
20262108,acetylcholine,0.9775188652664414,0.9880601264972086
20262108,aconitate,0.4796825135815324,0.9695957233586558
20262108,adenine,0.9790126793445546,1.0252243911084276
20262108,adenosine,0.9483630443459022,1.0428344195310968
20262108,alanine,0.8673787412449926,0.8757715001109998
20262108,arginine,0.6859994500938009,0.911426145059351
20262108,asparagine,0.9812737517492665,1.1028640686815914
20262108,aspartate,0.9976461590619886,1.0150318670229332
20262108,beta-alanine,0.938427672793752,0.9647161423456485
20262108,betaine,0.7952668947731993,0.8947380476915298
20262108,cAMP,0.9397117836257589,0.9337056490874199
20262108,carnosine,0.6521003248113376,0.8074217002443141
20262108,choline,0.9787329989557204,1.04224735173134
20262108,citrate,0.41528209251425857,0.7490858242730303
20262108,citrulline,0.7915217668991016,0.8134454566007676
20262108,cytidine,0.7090002974967359,0.9866948880701585
20262108,dimethylglycine,0.6463689322123545,0.7387626515008815
20262108,glucuronate,0.8616491076000341,0.8103851308326907
20262108,glutamate,0.7995373683935736,1.011120803070043
20262108,glutamine,0.9064265172164319,0.9689451643904878
20262108,glycine,0.8624904633292684,0.9894129347718653
20262108,guanosine,1.033558682725826,1.0103061154590243
20262108,histidine,0.7136787090062614,0.9843218066014646
20262108,homocysteine,0.956350790913485,1.0939379787809904
20262108,hypoxanthine,0.8470824685430809,0.9953311445235101
20262108,inosine,0.8068556540784153,0.963445443877088
20262108,inositol,1.008302303312148,1.0143214860507244
20262108,isocitrate,0.40732445498343883,0.9301468882569447
20262108,isoleucine,1.0062734133522653,0.9070053681002048
20262108,kynurenine,1.0174244195140472,1.0381667852065382
20262108,leucine,0.5534221410894757,0.7353373303388658
20262108,lysine,0.9830325446951925,0.9946734822798139
20262108,malate,0.7856618290608256,0.8493628249708866
20262108,methionine,0.8586685361384793,0.8371907300574202
20262108,ornithine,0.7571920680559053,0.9255735596983551
20262108,oxalate,0.9109022015137858,0.9607918111186237
20262108,phenylalanine,0.37842429338031375,0.8542468939030752
20262108,proline,0.9317872828995192,0.9049777309001614
20262108,putrescine,0.9769862028737001,1.011827690388072
20262108,sarcosine,1.0032100497967666,1.0018987830833461
20262108,serine,0.8815704710270653,0.9631309435800683
20262108,taurine,0.9839544838503621,1.0072070613846225
20262108,taurocholate,0.9670539294603316,0.9606558899866031
20262108,thymidine,0.854904922393935,0.9858935651002646
20262108,thymine,0.9594117102781149,1.0561671609839747
20262108,thyroxine,1.0152246769454036,0.9778052566524729
20262108,trimethylamine-N-oxide,0.8193859282895232,0.811049450653202
20262108,tyrosine,0.3524381092087129,0.8273737856985053
20262108,uracil,0.7495122049675836,0.9797814507990014
20262108,urate,0.7664925608217266,0.8264596237893316
20262108,uridine,0.6614090215543147,1.03460724477313
20262108,valine,1.0179836442221435,0.9192969838696252
20262108,xanthine,0.6550539275038055,0.7408551505047084
20262108,xanthosine,0.6816794204503376,0.9301280138227463
20262109,AMP,0.41113214601127596,0.7257409334136862
20262109,CMP,0.5205147331591305,0.7773650191921776
20262109,GMP,0.4894928717251097,0.74625095404893
20262109,NAD,0.6248033627337262,1.048468945563881
20262109,NADP,0.8868452877469701,0.9666754633659018
20262109,UMP,0.35845537965257557,0.7658529827250701
20262109,acetylcholine,0.9775188652664414,1.0921983435508282
20262109,aconitate,0.4796825135815324,0.9774092911192959
20262109,adenine,0.9790126793445546,1.0180163308948595
20262109,adenosine,0.9483630443459022,1.0703583631813323
20262109,alanine,0.8673787412449926,0.7513620748243864
20262109,arginine,0.6859994500938009,0.9283989966316891
20262109,asparagine,0.9812737517492665,1.1126629259485876
20262109,aspartate,0.9976461590619886,0.9736512937014966
20262109,beta-alanine,0.938427672793752,0.6244525841603393
20262109,betaine,0.7952668947731993,0.871337840194339
20262109,cAMP,0.9397117836257589,0.9757944004323996
20262109,carnosine,0.6521003248113376,0.8134143743807525
20262109,choline,0.9787329989557204,1.0375884318888882
20262109,citrate,0.41528209251425857,0.9566258221809033
20262109,citrulline,0.7915217668991016,0.7502670332147485
20262109,cytidine,0.7090002974967359,0.9406619498269239
20262109,dimethylglycine,0.6463689322123545,0.6388005668009933
20262109,glucuronate,0.8616491076000341,0.8311028685927565
20262109,glutamate,0.7995373683935736,1.0230092099029093
20262109,glutamine,0.9064265172164319,1.009342101080273
20262109,glycine,0.8624904633292684,1.0664144088926393
20262109,guanosine,1.033558682725826,1.007221492802423
20262109,histidine,0.7136787090062614,0.6129771919573723
20262109,homocysteine,0.956350790913485,1.0224367747159369
20262109,hypoxanthine,0.8470824685430809,0.9889904250812068
20262109,inosine,0.8068556540784153,0.9825061676136913
20262109,inositol,1.008302303312148,1.004497944622451
20262109,isocitrate,0.40732445498343883,0.8949445749644546
20262109,isoleucine,1.0062734133522653,1.0030294784315568
20262109,kynurenine,1.0174244195140472,1.0218029245231934
20262109,leucine,0.5534221410894757,0.355972091092722
20262109,lysine,0.9830325446951925,1.0086292414311293
20262109,malate,0.7856618290608256,1.115324350838884
20262109,methionine,0.8586685361384793,0.8257231825222473
20262109,ornithine,0.7571920680559053,0.8308169919078658
20262109,oxalate,0.9109022015137858,0.9292958858704862
20262109,phenylalanine,0.37842429338031375,1.1622763871754578
20262109,proline,0.9317872828995192,0.9085500979823075
20262109,putrescine,0.9769862028737001,0.9953556911568295
20262109,sarcosine,1.0032100497967666,0.9677830186086862
20262109,serine,0.8815704710270653,0.9470029028964185
20262109,taurine,0.9839544838503621,0.982699159448819
20262109,taurocholate,0.9670539294603316,0.9395194927934015
20262109,thymidine,0.854904922393935,1.0018378906870815
20262109,thymine,0.9594117102781149,1.0310769945516869
20262109,thyroxine,1.0152246769454036,0.9300024347386038
20262109,trimethylamine-N-oxide,0.8193859282895232,0.8076163839261545
20262109,tyrosine,0.3524381092087129,0.8305205714558994
20262109,uracil,0.7495122049675836,0.912630291580107
20262109,urate,0.7664925608217266,0.9016875532179891
20262109,uridine,0.6614090215543147,0.9894107700282021
20262109,valine,1.0179836442221435,1.0112237440956213
20262109,xanthine,0.6550539275038055,1.0028553102689548
20262109,xanthosine,0.6816794204503376,0.8026634320823764
20262110,AMP,0.41113214601127596,0.6943606615664685
20262110,CMP,0.5205147331591305,0.8809642882698667
20262110,GMP,0.4894928717251097,0.8151896031456807
20262110,NAD,0.6248033627337262,0.738928464923005
20262110,NADP,0.8868452877469701,0.9338491575351476
20262110,UMP,0.35845537965257557,0.8558690963932238
20262110,acetylcholine,0.9775188652664414,0.9822908279512882
20262110,aconitate,0.4796825135815324,1.005980766053763
20262110,adenine,0.9790126793445546,1.0203945328311728
20262110,adenosine,0.9483630443459022,1.061946417346792
20262110,alanine,0.8673787412449926,0.7115199003108261
20262110,arginine,0.6859994500938009,0.822272776938912
20262110,asparagine,0.9812737517492665,1.0212493312204907
20262110,aspartate,0.9976461590619886,1.0476101026973326
20262110,beta-alanine,0.938427672793752,0.9697154080616972
20262110,betaine,0.7952668947731993,0.8766361768905361
20262110,cAMP,0.9397117836257589,1.0434212395310527
20262110,carnosine,0.6521003248113376,0.960286521599597
20262110,choline,0.9787329989557204,1.0542740880714663
20262110,citrate,0.41528209251425857,0.9141972173329211
20262110,citrulline,0.7915217668991016,0.7642117240309045
20262110,cytidine,0.7090002974967359,0.9379591956413452
20262110,dimethylglycine,0.6463689322123545,0.7820766262397204
20262110,glucuronate,0.8616491076000341,0.8295803189032241
20262110,glutamate,0.7995373683935736,1.2346571461102773
20262110,glutamine,0.9064265172164319,0.9707644157342563
20262110,glycine,0.8624904633292684,1.0968485459976156
20262110,guanosine,1.033558682725826,1.0267698690119105
20262110,histidine,0.7136787090062614,0.9658642516801964
20262110,homocysteine,0.956350790913485,1.0259246501476056
20262110,hypoxanthine,0.8470824685430809,1.0034209125329048
20262110,inosine,0.8068556540784153,0.9443647931348121
20262110,inositol,1.008302303312148,1.006461636226013
20262110,isocitrate,0.40732445498343883,0.8186801596258151
20262110,isoleucine,1.0062734133522653,0.9065793695922106
20262110,kynurenine,1.0174244195140472,1.0199693701681425
20262110,leucine,0.5534221410894757,0.9298846939963678
20262110,lysine,0.9830325446951925,0.9821354619842724
20262110,malate,0.7856618290608256,0.8139876935853456
20262110,methionine,0.8586685361384793,0.836102051546434
20262110,ornithine,0.7571920680559053,0.9394245991255057
20262110,oxalate,0.9109022015137858,0.976202976594519
20262110,phenylalanine,0.37842429338031375,0.8361694964172273
20262110,proline,0.9317872828995192,0.8963696778098207
20262110,putrescine,0.9769862028737001,0.9949876933186638
20262110,sarcosine,1.0032100497967666,1.0254636187266826
20262110,serine,0.8815704710270653,0.9815667944375122
20262110,taurine,0.9839544838503621,0.9947242177740634
20262110,taurocholate,0.9670539294603316,0.9591088664096217
20262110,thymidine,0.854904922393935,1.0011457252298712
20262110,thymine,0.9594117102781149,1.0622902312300162
20262110,thyroxine,1.0152246769454036,0.9825810109689987
20262110,trimethylamine-N-oxide,0.8193859282895232,0.8036346092200971
20262110,tyrosine,0.3524381092087129,0.8055936065234217
20262110,uracil,0.7495122049675836,0.9848619031767772
20262110,urate,0.7664925608217266,0.9610817396283401
20262110,uridine,0.6614090215543147,0.9869043715017114
20262110,valine,1.0179836442221435,1.006072971060287
20262110,xanthine,0.6550539275038055,1.0190797528672786
20262110,xanthosine,0.6816794204503376,0.9068060728545708
20262111,AMP,0.41113214601127596,0.8964016113287395
20262111,CMP,0.5205147331591305,0.8749782112782456
20262111,GMP,0.4894928717251097,0.7961146151117734
20262111,NAD,0.6248033627337262,0.819463207845462
20262111,NADP,0.8868452877469701,0.9124696268513807
20262111,UMP,0.35845537965257557,0.8334858193737605
20262111,acetylcholine,0.9775188652664414,0.9793012892004899
20262111,aconitate,0.4796825135815324,1.0054555999263786
20262111,adenine,0.9790126793445546,0.9782598139756425
20262111,adenosine,0.9483630443459022,1.0412308329925108
20262111,alanine,0.8673787412449926,0.7970316727213824
20262111,arginine,0.6859994500938009,0.859140208745464
20262111,asparagine,0.9812737517492665,1.106456308575148
20262111,aspartate,0.9976461590619886,1.0380275448702396
20262111,beta-alanine,0.938427672793752,0.951614252836665
20262111,betaine,0.7952668947731993,0.8522901325355592
20262111,cAMP,0.9397117836257589,1.0214288977603194
20262111,carnosine,0.6521003248113376,0.9842337516306229
20262111,choline,0.9787329989557204,1.0380815890447483
20262111,citrate,0.41528209251425857,0.9072950942805178
20262111,citrulline,0.7915217668991016,0.8976606256545255
20262111,cytidine,0.7090002974967359,0.9636345579681338
20262111,dimethylglycine,0.6463689322123545,0.7325173929942209
20262111,glucuronate,0.8616491076000341,0.827528002144725
20262111,glutamate,0.7995373683935736,1.045228034028861
20262111,glutamine,0.9064265172164319,0.9748121385854638
20262111,glycine,0.8624904633292684,1.1236257430318262
20262111,guanosine,1.033558682725826,1.0326819308399928
20262111,histidine,0.7136787090062614,0.7952662170015734
20262111,homocysteine,0.956350790913485,1.0049604674952903
20262111,hypoxanthine,0.8470824685430809,0.9989690573924548
20262111,inosine,0.8068556540784153,0.9291532435509205
20262111,inositol,1.008302303312148,1.0066720762808685
20262111,isocitrate,0.40732445498343883,0.9236721404813021
20262111,isoleucine,1.0062734133522653,1.007517542154892
20262111,kynurenine,1.0174244195140472,1.026503895661569
20262111,leucine,0.5534221410894757,0.8593153593081676
20262111,lysine,0.9830325446951925,0.7914514296304505
20262111,malate,0.7856618290608256,0.8455374543537568
20262111,methionine,0.8586685361384793,0.8304068014713712
20262111,ornithine,0.7571920680559053,0.9382570000282525
20262111,oxalate,0.9109022015137858,0.9788359004072684
20262111,phenylalanine,0.37842429338031375,1.03559354212151
20262111,proline,0.9317872828995192,0.8993669577801195
20262111,putrescine,0.9769862028737001,1.0038797836234128
20262111,sarcosine,1.0032100497967666,1.013419105725838
20262111,serine,0.8815704710270653,0.9042644189031669
20262111,taurine,0.9839544838503621,0.9940317578575195
20262111,taurocholate,0.9670539294603316,0.9643391340609745
20262111,thymidine,0.854904922393935,1.0074308610113418
20262111,thymine,0.9594117102781149,1.0391816596209988
20262111,thyroxine,1.0152246769454036,0.9765682672325597
20262111,trimethylamine-N-oxide,0.8193859282895232,0.9246807911149479
20262111,tyrosine,0.3524381092087129,0.9647221552339197
20262111,uracil,0.7495122049675836,0.9106365801692367
20262111,urate,0.7664925608217266,0.87353691381307
20262111,uridine,0.6614090215543147,1.0234206772880257
20262111,valine,1.0179836442221435,0.9205222478734216
20262111,xanthine,0.6550539275038055,0.8463517169420213
20262111,xanthosine,0.6816794204503376,0.889306389399164
20262112,AMP,0.41113214601127596,0.6872937201985742
20262112,CMP,0.5205147331591305,0.880956353968624
20262112,GMP,0.4894928717251097,0.8295896840229751
20262112,NAD,0.6248033627337262,0.7211881293606487
20262112,NADP,0.8868452877469701,0.9259047985289972
20262112,UMP,0.35845537965257557,0.7739408086425313
20262112,acetylcholine,0.9775188652664414,0.9759381230029122
20262112,aconitate,0.4796825135815324,0.9169916686868074
20262112,adenine,0.9790126793445546,0.9943957557311339
20262112,adenosine,0.9483630443459022,1.0518072702935344
20262112,alanine,0.8673787412449926,0.9155850761006799
20262112,arginine,0.6859994500938009,0.8100242697823609
20262112,asparagine,0.9812737517492665,1.1346876910429518
20262112,aspartate,0.9976461590619886,1.0512109748010507
20262112,beta-alanine,0.938427672793752,0.9219729891830283
20262112,betaine,0.7952668947731993,0.8835266897448191
20262112,cAMP,0.9397117836257589,0.9680288561138342
20262112,carnosine,0.6521003248113376,0.932954283248802
20262112,choline,0.9787329989557204,1.106054822309486
20262112,citrate,0.41528209251425857,0.934000102346314
20262112,citrulline,0.7915217668991016,0.7144533641853709
20262112,cytidine,0.7090002974967359,0.9766644014911955
20262112,dimethylglycine,0.6463689322123545,0.7907126215174836
20262112,glucuronate,0.8616491076000341,0.9068778136264672
20262112,glutamate,0.7995373683935736,1.1158218156463662
20262112,glutamine,0.9064265172164319,0.9767272568741047
20262112,glycine,0.8624904633292684,1.115883043170638
20262112,guanosine,1.033558682725826,1.019724080173955
20262112,histidine,0.7136787090062614,0.9696853950069285
20262112,homocysteine,0.956350790913485,0.9934033265799093
20262112,hypoxanthine,0.8470824685430809,1.01274082202774
20262112,inosine,0.8068556540784153,0.9553392382115818
20262112,inositol,1.008302303312148,1.009785064979302
20262112,isocitrate,0.40732445498343883,1.126744326663206
20262112,isoleucine,1.0062734133522653,0.9968846196446832
20262112,kynurenine,1.0174244195140472,1.0219866881650874
20262112,leucine,0.5534221410894757,0.8160613123833637
20262112,lysine,0.9830325446951925,0.9679752347890341
20262112,malate,0.7856618290608256,0.8651329320086423
20262112,methionine,0.8586685361384793,0.8300703048061203
20262112,ornithine,0.7571920680559053,0.8900112611517645
20262112,oxalate,0.9109022015137858,1.0189013766910247
20262112,phenylalanine,0.37842429338031375,0.9232639157772708
20262112,proline,0.9317872828995192,0.8875426876684306
20262112,putrescine,0.9769862028737001,1.0033840986171811
20262112,sarcosine,1.0032100497967666,0.9775924008044959
20262112,serine,0.8815704710270653,0.9513806452002558
20262112,taurine,0.9839544838503621,1.0237238060464167
20262112,taurocholate,0.9670539294603316,0.9839309291295658
20262112,thymidine,0.854904922393935,1.0067177019948377
20262112,thymine,0.9594117102781149,1.0548036338425173
20262112,thyroxine,1.0152246769454036,0.7732742641201116
20262112,trimethylamine-N-oxide,0.8193859282895232,0.7943188339885237
20262112,tyrosine,0.3524381092087129,0.9119743348181754
20262112,uracil,0.7495122049675836,0.8389231298805245
20262112,urate,0.7664925608217266,0.957237295972212
20262112,uridine,0.6614090215543147,0.9713900317071169
20262112,valine,1.0179836442221435,1.0204321139385237
20262112,xanthine,0.6550539275038055,0.6249450125537093
20262112,xanthosine,0.6816794204503376,0.9050745134848707
20262113,AMP,0.41113214601127596,0.6929775064852534
20262113,CMP,0.5205147331591305,0.9556856453319038
20262113,GMP,0.4894928717251097,0.7819676678842891
20262113,NAD,0.6248033627337262,0.7444127389671037
20262113,NADP,0.8868452877469701,0.9391631541887657
20262113,UMP,0.35845537965257557,0.8074463744964288
20262113,acetylcholine,0.9775188652664414,0.9776207145438266
20262113,aconitate,0.4796825135815324,0.9329946405903815
20262113,adenine,0.9790126793445546,0.994767008973973
20262113,adenosine,0.9483630443459022,1.1014869768569038
20262113,alanine,0.8673787412449926,0.8379730813817479
20262113,arginine,0.6859994500938009,0.809534974517158
20262113,asparagine,0.9812737517492665,1.0973028765236172
20262113,aspartate,0.9976461590619886,1.0116047143192024
20262113,beta-alanine,0.938427672793752,0.9462198815263486
20262113,betaine,0.7952668947731993,0.9256698682577776
20262113,cAMP,0.9397117836257589,0.98696354170046
20262113,carnosine,0.6521003248113376,0.8208474623365904
20262113,choline,0.9787329989557204,1.0584988902246295
20262113,citrate,0.41528209251425857,0.9124697237871686
20262113,citrulline,0.7915217668991016,0.6288093609331654
20262113,cytidine,0.7090002974967359,0.9489743341162311
20262113,dimethylglycine,0.6463689322123545,0.6642493667905615
20262113,glucuronate,0.8616491076000341,0.8224550975049294
20262113,glutamate,0.7995373683935736,1.0053535515581682
20262113,glutamine,0.9064265172164319,0.9796665711545534
20262113,glycine,0.8624904633292684,1.0555602486859936
20262113,guanosine,1.033558682725826,0.9878429988245866
20262113,histidine,0.7136787090062614,0.947669873720742
20262113,homocysteine,0.956350790913485,0.9994320957832332
20262113,hypoxanthine,0.8470824685430809,0.9729239655359723
20262113,inosine,0.8068556540784153,0.955124948153294
20262113,inositol,1.008302303312148,0.9985754693710883
20262113,isocitrate,0.40732445498343883,0.9051877821075065
20262113,isoleucine,1.0062734133522653,1.0064387275334723
20262113,kynurenine,1.0174244195140472,1.0309750724480027
20262113,leucine,0.5534221410894757,0.3685429526214339
20262113,lysine,0.9830325446951925,0.7927437785635132
20262113,malate,0.7856618290608256,0.8667292847417092
20262113,methionine,0.8586685361384793,0.8395040179986695
20262113,ornithine,0.7571920680559053,0.881698375578699
20262113,oxalate,0.9109022015137858,0.9595214770250698
20262113,phenylalanine,0.37842429338031375,1.0825893609243085
20262113,proline,0.9317872828995192,0.9049554922524394
20262113,putrescine,0.9769862028737001,0.988752489488922
20262113,sarcosine,1.0032100497967666,0.8599795667824869
20262113,serine,0.8815704710270653,0.9589384277544206
20262113,taurine,0.9839544838503621,1.0251061411925027
20262113,taurocholate,0.9670539294603316,0.9772872316215143
20262113,thymidine,0.854904922393935,0.9733260144408897
20262113,thymine,0.9594117102781149,1.0615751838022567
20262113,thyroxine,1.0152246769454036,0.9894906282473795
20262113,trimethylamine-N-oxide,0.8193859282895232,1.3078908569256305
20262113,tyrosine,0.3524381092087129,0.48215123071188787
20262113,uracil,0.7495122049675836,0.8377280911292743
20262113,urate,0.7664925608217266,0.8812343721200225
20262113,uridine,0.6614090215543147,0.9196775289460872
20262113,valine,1.0179836442221435,0.9240379313294693
20262113,xanthine,0.6550539275038055,0.8189403164778384
20262113,xanthosine,0.6816794204503376,0.8152096054946266
20262114,AMP,0.41113214601127596,0.7196298646468973
20262114,CMP,0.5205147331591305,0.8749472797448519
20262114,GMP,0.4894928717251097,0.7770457507578351
20262114,NAD,0.6248033627337262,0.8456173855074072
20262114,NADP,0.8868452877469701,1.0210726533931929
20262114,UMP,0.35845537965257557,0.842283552274023
20262114,acetylcholine,0.9775188652664414,0.9711679229948791
20262114,aconitate,0.4796825135815324,0.9446612367994901
20262114,adenine,0.9790126793445546,1.0109320672236586
20262114,adenosine,0.9483630443459022,1.1054800089654453
20262114,alanine,0.8673787412449926,0.9953110258409917
20262114,arginine,0.6859994500938009,0.8231167863554327
20262114,asparagine,0.9812737517492665,1.1145224234721156
20262114,aspartate,0.9976461590619886,1.043683166436038
20262114,beta-alanine,0.938427672793752,0.6448044839393231
20262114,betaine,0.7952668947731993,0.9463245440058767
20262114,cAMP,0.9397117836257589,0.9854263445963461
20262114,carnosine,0.6521003248113376,0.9757452580811803
20262114,choline,0.9787329989557204,1.0715277235994276
20262114,citrate,0.41528209251425857,0.9320395219025646
20262114,citrulline,0.7915217668991016,0.7478943761466097
20262114,cytidine,0.7090002974967359,1.0261615531299941
20262114,dimethylglycine,0.6463689322123545,0.597555757340705
20262114,glucuronate,0.8616491076000341,0.8411127160515103
20262114,glutamate,0.7995373683935736,0.9902463891214005
20262114,glutamine,0.9064265172164319,0.9880384511920677
20262114,glycine,0.8624904633292684,1.1592081740345122
20262114,guanosine,1.033558682725826,1.0394749789366606
20262114,histidine,0.7136787090062614,0.9984725880538565
20262114,homocysteine,0.956350790913485,1.006459090688155
20262114,hypoxanthine,0.8470824685430809,1.0002669212777182
20262114,inosine,0.8068556540784153,0.9663079817363002
20262114,inositol,1.008302303312148,0.9656218187482831
20262114,isocitrate,0.40732445498343883,0.912633171653405
20262114,isoleucine,1.0062734133522653,0.8995576207583222
20262114,kynurenine,1.0174244195140472,1.030708975522562
20262114,leucine,0.5534221410894757,0.8344714952517293
20262114,lysine,0.9830325446951925,0.7846404019277033
20262114,malate,0.7856618290608256,0.8376574780551439
20262114,methionine,0.8586685361384793,0.8342865306780801
20262114,ornithine,0.7571920680559053,0.9472513463131981
20262114,oxalate,0.9109022015137858,0.9454623974783186
20262114,phenylalanine,0.37842429338031375,1.0450073294420203
20262114,proline,0.9317872828995192,0.9022919500110673
20262114,putrescine,0.9769862028737001,1.0262701380692654
20262114,sarcosine,1.0032100497967666,1.2288232188840917
20262114,serine,0.8815704710270653,0.9468387788820176
20262114,taurine,0.9839544838503621,1.0349646576018556
20262114,taurocholate,0.9670539294603316,0.9501210367498771
20262114,thymidine,0.854904922393935,0.9729050730259702
20262114,thymine,0.9594117102781149,1.0506410869282006
20262114,thyroxine,1.0152246769454036,0.9879621516600702
20262114,trimethylamine-N-oxide,0.8193859282895232,0.7994910926198289
20262114,tyrosine,0.3524381092087129,0.9845305538136533
20262114,uracil,0.7495122049675836,0.949729305549227
20262114,urate,0.7664925608217266,1.0019959322764203
20262114,uridine,0.6614090215543147,0.9308112917031377
20262114,valine,1.0179836442221435,1.0063395084177051
20262114,xanthine,0.6550539275038055,0.945036117579961
20262114,xanthosine,0.6816794204503376,0.9167510450377446
20262115,AMP,0.41113214601127596,0.7513910177826278
20262115,CMP,0.5205147331591305,0.8823722056567429
20262115,GMP,0.4894928717251097,0.7791330800526007
20262115,NAD,0.6248033627337262,0.8053775853664473
20262115,NADP,0.8868452877469701,1.019778682057909
20262115,UMP,0.35845537965257557,0.9249539590521825
20262115,acetylcholine,0.9775188652664414,0.9841071747604256
20262115,aconitate,0.4796825135815324,0.9951649754644514
20262115,adenine,0.9790126793445546,1.0104678911919889
20262115,adenosine,0.9483630443459022,1.0385581101954922
20262115,alanine,0.8673787412449926,0.8356157184580144
20262115,arginine,0.6859994500938009,0.8976721105360878
20262115,asparagine,0.9812737517492665,1.1001730064608994
20262115,aspartate,0.9976461590619886,1.0378268166521643
20262115,beta-alanine,0.938427672793752,0.6777488882667043
20262115,betaine,0.7952668947731993,0.9218483447246839
20262115,cAMP,0.9397117836257589,1.0108733897092819
20262115,carnosine,0.6521003248113376,1.0647025335922704
20262115,choline,0.9787329989557204,1.0820835892280642
20262115,citrate,0.41528209251425857,0.9565497213821871
20262115,citrulline,0.7915217668991016,0.6210810360285668
20262115,cytidine,0.7090002974967359,0.9776944482767808
20262115,dimethylglycine,0.6463689322123545,0.6803969211306254
20262115,glucuronate,0.8616491076000341,0.9105763660162148
20262115,glutamate,0.7995373683935736,1.1443231988601978
20262115,glutamine,0.9064265172164319,1.0517794173180908
20262115,glycine,0.8624904633292684,1.0758686932977826
20262115,guanosine,1.033558682725826,1.0771158288728948
20262115,histidine,0.7136787090062614,0.9185752129936632
20262115,homocysteine,0.956350790913485,1.020058917272705
20262115,hypoxanthine,0.8470824685430809,0.9917423361272074
20262115,inosine,0.8068556540784153,0.9588861258653809
20262115,inositol,1.008302303312148,1.0169258146861087
20262115,isocitrate,0.40732445498343883,0.913828976809177
20262115,isoleucine,1.0062734133522653,0.9756167648804336
20262115,kynurenine,1.0174244195140472,1.0309707455170958
20262115,leucine,0.5534221410894757,0.9250840935115394
20262115,lysine,0.9830325446951925,0.9832557703639613
20262115,malate,0.7856618290608256,0.82585350717815
20262115,methionine,0.8586685361384793,0.7198502804969403
20262115,ornithine,0.7571920680559053,0.893520922004819
20262115,oxalate,0.9109022015137858,0.9573013422862454
20262115,phenylalanine,0.37842429338031375,0.9841176601487751
20262115,proline,0.9317872828995192,0.9068725525462907
20262115,putrescine,0.9769862028737001,1.003500694594777
20262115,sarcosine,1.0032100497967666,0.9732879321260353
20262115,serine,0.8815704710270653,0.9452841229006411
20262115,taurine,0.9839544838503621,1.0267282161760851
20262115,taurocholate,0.9670539294603316,0.9569769002484478
20262115,thymidine,0.854904922393935,0.9906507393136841
20262115,thymine,0.9594117102781149,1.040221354786477
20262115,thyroxine,1.0152246769454036,0.9662246740964652
20262115,trimethylamine-N-oxide,0.8193859282895232,0.7841282634649938
20262115,tyrosine,0.3524381092087129,0.5079631437410516
20262115,uracil,0.7495122049675836,1.0315325666668613
20262115,urate,0.7664925608217266,0.844593073815026
20262115,uridine,0.6614090215543147,0.9649940161206669
20262115,valine,1.0179836442221435,0.9213040412709362
20262115,xanthine,0.6550539275038055,0.6385572507918268
20262115,xanthosine,0.6816794204503376,0.9255272007193163
20262116,AMP,0.41113214601127596,0.7143192217734321
20262116,CMP,0.5205147331591305,0.8250818150626105
20262116,GMP,0.4894928717251097,0.790841850727809
20262116,NAD,0.6248033627337262,0.7269634774676831
20262116,NADP,0.8868452877469701,1.0350845750611868
20262116,UMP,0.35845537965257557,0.7453486798390361
20262116,acetylcholine,0.9775188652664414,0.9858900277195674
20262116,aconitate,0.4796825135815324,0.9981966143930534
20262116,adenine,0.9790126793445546,1.0083763050777192
20262116,adenosine,0.9483630443459022,1.0762065742591262
20262116,alanine,0.8673787412449926,0.889851668498509
20262116,arginine,0.6859994500938009,0.8966141773580826
20262116,asparagine,0.9812737517492665,1.0982430347479923
20262116,aspartate,0.9976461590619886,1.0326456465425524
20262116,beta-alanine,0.938427672793752,1.0228413548602375
20262116,betaine,0.7952668947731993,0.8161995393382103
20262116,cAMP,0.9397117836257589,1.0458843383198324
20262116,carnosine,0.6521003248113376,0.7346861416908467
20262116,choline,0.9787329989557204,1.087967343080559
20262116,citrate,0.41528209251425857,0.9284700825545328
20262116,citrulline,0.7915217668991016,0.8858083744902867
20262116,cytidine,0.7090002974967359,0.9557449619900013
20262116,dimethylglycine,0.6463689322123545,0.7270242641601397
20262116,glucuronate,0.8616491076000341,0.8470770297662191
20262116,glutamate,0.7995373683935736,1.5568100240648406
20262116,glutamine,0.9064265172164319,0.9867564122405232
20262116,glycine,0.8624904633292684,1.3084633355421256
20262116,guanosine,1.033558682725826,0.9946960076998903
20262116,histidine,0.7136787090062614,0.9870000530062124
20262116,homocysteine,0.956350790913485,1.0414787262980878
20262116,hypoxanthine,0.8470824685430809,0.9520819131377217
20262116,inosine,0.8068556540784153,0.9822876212212155
20262116,inositol,1.008302303312148,0.9932983983808993
20262116,isocitrate,0.40732445498343883,0.9343734294916923
20262116,isoleucine,1.0062734133522653,0.9034577168379534
20262116,kynurenine,1.0174244195140472,1.024417996524667
20262116,leucine,0.5534221410894757,0.7425675290855298
20262116,lysine,0.9830325446951925,0.7951280041155462
20262116,malate,0.7856618290608256,0.8371264625657787
20262116,methionine,0.8586685361384793,0.8189104073466602
20262116,ornithine,0.7571920680559053,0.9568886523689788
20262116,oxalate,0.9109022015137858,0.997786918295155
20262116,phenylalanine,0.37842429338031375,0.9958017194688268
20262116,proline,0.9317872828995192,0.9303169277870657
20262116,putrescine,0.9769862028737001,0.9936111839532671
20262116,sarcosine,1.0032100497967666,1.00114410079837
20262116,serine,0.8815704710270653,0.9465776753300783
20262116,taurine,0.9839544838503621,1.0029358920997609
20262116,taurocholate,0.9670539294603316,0.9595610385919335
20262116,thymidine,0.854904922393935,0.9975064259651198
20262116,thymine,0.9594117102781149,1.0629214467357557
20262116,thyroxine,1.0152246769454036,0.9271288346883573
20262116,trimethylamine-N-oxide,0.8193859282895232,0.8627544481684412
20262116,tyrosine,0.3524381092087129,1.026171331611321
20262116,uracil,0.7495122049675836,0.8139930010706009
20262116,urate,0.7664925608217266,0.8992872030971953
20262116,uridine,0.6614090215543147,1.0097178668578168
20262116,valine,1.0179836442221435,1.0222992833171107
20262116,xanthine,0.6550539275038055,0.6950468666543766
20262116,xanthosine,0.6816794204503376,0.889306389399164
20262117,AMP,0.41113214601127596,0.7470752093987909
20262117,CMP,0.5205147331591305,0.8719953990011042
20262117,GMP,0.4894928717251097,0.8272276164060943
20262117,NAD,0.6248033627337262,0.9702330006793286
20262117,NADP,0.8868452877469701,1.1586135985381179
20262117,UMP,0.35845537965257557,0.8893815928435169
20262117,acetylcholine,0.9775188652664414,0.9901068884601238
20262117,aconitate,0.4796825135815324,0.9574673786322784
20262117,adenine,0.9790126793445546,0.9884471697781243
20262117,adenosine,0.9483630443459022,1.137121784060982
20262117,alanine,0.8673787412449926,0.7903016647435174
20262117,arginine,0.6859994500938009,0.959579725680112
20262117,asparagine,0.9812737517492665,1.1142916342147735
20262117,aspartate,0.9976461590619886,1.0367036170200543
20262117,beta-alanine,0.938427672793752,0.9754433403280379
20262117,betaine,0.7952668947731993,0.8981711703939029
20262117,cAMP,0.9397117836257589,1.1365258910165164
20262117,carnosine,0.6521003248113376,0.9790821930582444
20262117,choline,0.9787329989557204,1.040728248672936
20262117,citrate,0.41528209251425857,0.9491678008089738
20262117,citrulline,0.7915217668991016,0.8555591509922129
20262117,cytidine,0.7090002974967359,0.9382281048178475
20262117,dimethylglycine,0.6463689322123545,0.7008957964250715
20262117,glucuronate,0.8616491076000341,0.8596556612467429
20262117,glutamate,0.7995373683935736,0.9059000407612775
20262117,glutamine,0.9064265172164319,0.9832449736194266
20262117,glycine,0.8624904633292684,1.0855651309942327
20262117,guanosine,1.033558682725826,1.0107793703919867
20262117,histidine,0.7136787090062614,0.9261513731974904
20262117,homocysteine,0.956350790913485,1.0481023329484138
20262117,hypoxanthine,0.8470824685430809,0.9934440276946801
20262117,inosine,0.8068556540784153,0.9717685441132385
20262117,inositol,1.008302303312148,1.0326093411770125
20262117,isocitrate,0.40732445498343883,0.8163134126231439
20262117,isoleucine,1.0062734133522653,0.9100144081153707
20262117,kynurenine,1.0174244195140472,1.0346358031190754
20262117,leucine,0.5534221410894757,0.8375706577543865
20262117,lysine,0.9830325446951925,0.967309196060668
20262117,malate,0.7856618290608256,0.8472541890898903
20262117,methionine,0.8586685361384793,0.8338569215924142
20262117,ornithine,0.7571920680559053,0.8573818170945969
20262117,oxalate,0.9109022015137858,0.9720873147082058
20262117,phenylalanine,0.37842429338031375,1.0447481589225327
20262117,proline,0.9317872828995192,0.8969132039320632
20262117,putrescine,0.9769862028737001,0.9946876453815636
20262117,sarcosine,1.0032100497967666,1.0859818666315744
20262117,serine,0.8815704710270653,0.9671978137550756
20262117,taurine,0.9839544838503621,0.9911182841810243
20262117,taurocholate,0.9670539294603316,0.9647679639192522
20262117,thymidine,0.854904922393935,0.9623416701312293
20262117,thymine,0.9594117102781149,1.0582196720352754
20262117,thyroxine,1.0152246769454036,0.947363194121511
20262117,trimethylamine-N-oxide,0.8193859282895232,0.8513056585596831
20262117,tyrosine,0.3524381092087129,0.4846532767242648
20262117,uracil,0.7495122049675836,0.8460290282843645
20262117,urate,0.7664925608217266,0.9382565038690291
20262117,uridine,0.6614090215543147,1.109563389049765
20262117,valine,1.0179836442221435,0.9186533911668978
20262117,xanthine,0.6550539275038055,0.7660579903540068
20262117,xanthosine,0.6816794204503376,0.9241992899063803
20262118,AMP,0.41113214601127596,0.8143178678938565
20262118,CMP,0.5205147331591305,0.8516903269101879
20262118,GMP,0.4894928717251097,0.7510910891632242
20262118,NAD,0.6248033627337262,0.7013182153138462
20262118,NADP,0.8868452877469701,0.9282612443508786
20262118,UMP,0.35845537965257557,0.8486139479005508
20262118,acetylcholine,0.9775188652664414,0.9863286133138487
20262118,aconitate,0.4796825135815324,0.9443418499757148
20262118,adenine,0.9790126793445546,0.9915526692142279
20262118,adenosine,0.9483630443459022,1.0668410598566673
20262118,alanine,0.8673787412449926,0.9503385413752097
20262118,arginine,0.6859994500938009,0.8882322722120127
20262118,asparagine,0.9812737517492665,1.1227758519142688
20262118,aspartate,0.9976461590619886,1.0430091167493045
20262118,beta-alanine,0.938427672793752,0.9510325337135292
20262118,betaine,0.7952668947731993,0.8970183452335397
20262118,cAMP,0.9397117836257589,0.9958689522638802
20262118,carnosine,0.6521003248113376,0.9433525238783508
20262118,choline,0.9787329989557204,1.021385590958519
20262118,citrate,0.41528209251425857,0.899468893598697
20262118,citrulline,0.7915217668991016,0.8233105731341894
20262118,cytidine,0.7090002974967359,0.9460674246104762
20262118,dimethylglycine,0.6463689322123545,0.783777845995988
20262118,glucuronate,0.8616491076000341,0.8441505079205186
20262118,glutamate,0.7995373683935736,1.0489054241429498
20262118,glutamine,0.9064265172164319,0.9540729007578467
20262118,glycine,0.8624904633292684,1.0694719900173792
20262118,guanosine,1.033558682725826,1.106191530106828
20262118,histidine,0.7136787090062614,0.6025650115340302
20262118,homocysteine,0.956350790913485,1.0105541581027526
20262118,hypoxanthine,0.8470824685430809,0.9522101359450986
20262118,inosine,0.8068556540784153,0.963313224332636
20262118,inositol,1.008302303312148,1.0000316582457653
20262118,isocitrate,0.40732445498343883,0.9234602012538251
20262118,isoleucine,1.0062734133522653,1.005063099266904
20262118,kynurenine,1.0174244195140472,1.025415510842633
20262118,leucine,0.5534221410894757,0.9681099496029432
20262118,lysine,0.9830325446951925,0.7942198772553639
20262118,malate,0.7856618290608256,0.9235246288248664
20262118,methionine,0.8586685361384793,0.8057406736700697
20262118,ornithine,0.7571920680559053,0.968631004803474
20262118,oxalate,0.9109022015137858,0.9083490347607596
20262118,phenylalanine,0.37842429338031375,1.05789890173956
20262118,proline,0.9317872828995192,0.8914824216978511
20262118,putrescine,0.9769862028737001,1.0008742967963482
20262118,sarcosine,1.0032100497967666,0.8566083256029349
20262118,serine,0.8815704710270653,0.9245061447680943
20262118,taurine,0.9839544838503621,1.028074924268902
20262118,taurocholate,0.9670539294603316,0.948282915512466
20262118,thymidine,0.854904922393935,0.9831373053420012
20262118,thymine,0.9594117102781149,1.0463277460999212
20262118,thyroxine,1.0152246769454036,0.9829169691564498
20262118,trimethylamine-N-oxide,0.8193859282895232,0.8437414994441614
20262118,tyrosine,0.3524381092087129,0.9616154604397366
20262118,uracil,0.7495122049675836,0.8248337816507838
20262118,urate,0.7664925608217266,0.9049497416153489
20262118,uridine,0.6614090215543147,0.9751832694990881
20262118,valine,1.0179836442221435,0.9250256137774732
20262118,xanthine,0.6550539275038055,0.9262862064152139
20262118,xanthosine,0.6816794204503376,0.8026634320823764
20262119,AMP,0.41113214601127596,0.748824870136824
20262119,CMP,0.5205147331591305,0.8798989582890439
20262119,GMP,0.4894928717251097,0.7594991715997784
20262119,NAD,0.6248033627337262,0.8519729600653052
20262119,NADP,0.8868452877469701,1.07474493900589
20262119,UMP,0.35845537965257557,0.8519549702424949
20262119,acetylcholine,0.9775188652664414,0.9815970630492601
20262119,aconitate,0.4796825135815324,0.9788989742858675
20262119,adenine,0.9790126793445546,0.9875261641811619
20262119,adenosine,0.9483630443459022,1.0747991788425693
20262119,alanine,0.8673787412449926,0.8670348500294619
20262119,arginine,0.6859994500938009,0.8751381031371732
20262119,asparagine,0.9812737517492665,1.1300225250937073
20262119,aspartate,0.9976461590619886,1.0061746312713713
20262119,beta-alanine,0.938427672793752,0.9636929812625666
20262119,betaine,0.7952668947731993,0.8761583259846794
20262119,cAMP,0.9397117836257589,1.012006446118371
20262119,carnosine,0.6521003248113376,0.97712917523901
20262119,choline,0.9787329989557204,1.0309359649916843
20262119,citrate,0.41528209251425857,0.7794153102846036
20262119,citrulline,0.7915217668991016,0.7277857017877891
20262119,cytidine,0.7090002974967359,0.9731730669962751
20262119,dimethylglycine,0.6463689322123545,0.734218275871368
20262119,glucuronate,0.8616491076000341,0.8469780301438349
20262119,glutamate,0.7995373683935736,0.9347718159093024
20262119,glutamine,0.9064265172164319,0.9868011142417427
20262119,glycine,0.8624904633292684,1.1778698631055573
20262119,guanosine,1.033558682725826,1.0181324969637904
20262119,histidine,0.7136787090062614,0.6448727495856743
20262119,homocysteine,0.956350790913485,0.980713038400358
20262119,hypoxanthine,0.8470824685430809,1.002511841426453
20262119,inosine,0.8068556540784153,0.9603156204068215
20262119,inositol,1.008302303312148,1.0077662910890792
20262119,isocitrate,0.40732445498343883,0.9080837967356996
20262119,isoleucine,1.0062734133522653,0.9015845261578569
20262119,kynurenine,1.0174244195140472,1.0265011931790493
20262119,leucine,0.5534221410894757,0.8219198113626538
20262119,lysine,0.9830325446951925,1.0125384542819251
20262119,malate,0.7856618290608256,0.8627823401103679
20262119,methionine,0.8586685361384793,0.784556540493502
20262119,ornithine,0.7571920680559053,0.9177276963284831
20262119,oxalate,0.9109022015137858,0.968956884258199
20262119,phenylalanine,0.37842429338031375,1.0235051800731787
20262119,proline,0.9317872828995192,0.9148461828216009
20262119,putrescine,0.9769862028737001,0.9996857321299544
20262119,sarcosine,1.0032100497967666,1.0036289636217064
20262119,serine,0.8815704710270653,0.9086992367085954
20262119,taurine,0.9839544838503621,0.993729277876967
20262119,taurocholate,0.9670539294603316,0.948451719258428
20262119,thymidine,0.854904922393935,0.9943944398209923
20262119,thymine,0.9594117102781149,1.0273745498469389
20262119,thyroxine,1.0152246769454036,0.7707320045029795
20262119,trimethylamine-N-oxide,0.8193859282895232,0.846426444306778
20262119,tyrosine,0.3524381092087129,0.8923307061708177
20262119,uracil,0.7495122049675836,0.9717968466987315
20262119,urate,0.7664925608217266,0.9006561223663467
20262119,uridine,0.6614090215543147,1.0371076921900217
20262119,valine,1.0179836442221435,1.0019083808086982
20262119,xanthine,0.6550539275038055,0.7466644246039263
20262119,xanthosine,0.6816794204503376,0.9026495130864862
