model,groups,equal_group_rmse,row_weighted_rmse,skill_vs_training_mean,evaluated_pairs
all_visible_ridge,112,0.17795633061067606,0.17465362829632497,0.9702659730172437,758727
degree_preserving_null,112,0.416010731441111,0.40565033199968015,0.8396008072314562,758727
descriptor_local_svd,112,0.24344639925059225,0.2389164898505441,0.9443595341114357,758727
descriptor_mean,112,0.24251814580110817,0.23784645417712255,0.9448568121231756,758727
family_median,112,0.6679738734309266,0.6502632126380652,0.587829526199138,758727
null_local_svd,112,0.2774379936480894,0.2735673298320136,0.9270497188868722,758727
null_mean,112,0.24095891891111723,0.23555541838252736,0.9459140199089312,758727
pca_matched_dimension,112,0.19642015104634952,0.19285455460956513,0.9637458016286922,758727
population_mean,112,1.0652330100172904,1.012863093306374,0.0,758727
structural_median,112,0.3167797462633834,0.30910530059967556,0.9068653232028516,758727
