mask,fold,model,alpha,targets,ridge_coefficients,measured_inputs,representation_dimension,pca_training_rank,pca_rank_capped,transform_loadings,visible_schema_sha256
0,0,structural_median,10.0,102,13362,571,131,,False,0,e46608139b14e897a860c8be96b0901f2d94b9f0432d10166ffa05d9e2312a64
0,0,descriptor_local_svd,0.1,102,13362,571,131,,False,4241,e46608139b14e897a860c8be96b0901f2d94b9f0432d10166ffa05d9e2312a64
0,0,degree_preserving_null,10.0,102,13362,571,131,,False,0,e46608139b14e897a860c8be96b0901f2d94b9f0432d10166ffa05d9e2312a64
0,0,family_median,10.0,102,1326,571,13,,False,0,e46608139b14e897a860c8be96b0901f2d94b9f0432d10166ffa05d9e2312a64
0,0,all_visible_ridge,10.0,102,58242,571,571,,False,0,e46608139b14e897a860c8be96b0901f2d94b9f0432d10166ffa05d9e2312a64
0,0,pca_matched_dimension,1.0,102,13362,571,131,571.0,False,74801,e46608139b14e897a860c8be96b0901f2d94b9f0432d10166ffa05d9e2312a64
0,1,structural_median,10.0,101,13332,575,132,,False,0,b3a6f6d84d7fb6651413e8ae6530478e994861c8d9ad88d58f2db3ac0fd7f8b7
0,1,descriptor_local_svd,0.1,101,13332,575,132,,False,4275,b3a6f6d84d7fb6651413e8ae6530478e994861c8d9ad88d58f2db3ac0fd7f8b7
0,1,degree_preserving_null,10.0,101,13332,575,132,,False,0,b3a6f6d84d7fb6651413e8ae6530478e994861c8d9ad88d58f2db3ac0fd7f8b7
0,1,family_median,10.0,101,1313,575,13,,False,0,b3a6f6d84d7fb6651413e8ae6530478e994861c8d9ad88d58f2db3ac0fd7f8b7
0,1,all_visible_ridge,10.0,101,58075,575,575,,False,0,b3a6f6d84d7fb6651413e8ae6530478e994861c8d9ad88d58f2db3ac0fd7f8b7
0,1,pca_matched_dimension,1.0,101,13332,575,132,575.0,False,75900,b3a6f6d84d7fb6651413e8ae6530478e994861c8d9ad88d58f2db3ac0fd7f8b7
0,2,structural_median,10.0,101,13332,574,132,,False,0,23fe9ef8e0c1a4be4289bc14a1e7d6b0267efcd78469d2305e96422dccf5c8d0
0,2,descriptor_local_svd,0.1,101,13332,574,132,,False,4264,23fe9ef8e0c1a4be4289bc14a1e7d6b0267efcd78469d2305e96422dccf5c8d0
0,2,degree_preserving_null,10.0,101,13332,574,132,,False,0,23fe9ef8e0c1a4be4289bc14a1e7d6b0267efcd78469d2305e96422dccf5c8d0
0,2,family_median,10.0,101,1313,574,13,,False,0,23fe9ef8e0c1a4be4289bc14a1e7d6b0267efcd78469d2305e96422dccf5c8d0
0,2,all_visible_ridge,10.0,101,57974,574,574,,False,0,23fe9ef8e0c1a4be4289bc14a1e7d6b0267efcd78469d2305e96422dccf5c8d0
0,2,pca_matched_dimension,1.0,101,13332,574,132,574.0,False,75768,23fe9ef8e0c1a4be4289bc14a1e7d6b0267efcd78469d2305e96422dccf5c8d0
0,3,structural_median,10.0,100,13200,572,132,,False,0,7be6527544ef363374d6cd42325b52eff0d918279a3dfcc7a752f678ff853334
0,3,descriptor_local_svd,0.1,100,13200,572,132,,False,4249,7be6527544ef363374d6cd42325b52eff0d918279a3dfcc7a752f678ff853334
0,3,degree_preserving_null,10.0,100,13200,572,132,,False,0,7be6527544ef363374d6cd42325b52eff0d918279a3dfcc7a752f678ff853334
0,3,family_median,10.0,100,1300,572,13,,False,0,7be6527544ef363374d6cd42325b52eff0d918279a3dfcc7a752f678ff853334
0,3,all_visible_ridge,10.0,100,57200,572,572,,False,0,7be6527544ef363374d6cd42325b52eff0d918279a3dfcc7a752f678ff853334
0,3,pca_matched_dimension,10.0,100,13200,572,132,572.0,False,75504,7be6527544ef363374d6cd42325b52eff0d918279a3dfcc7a752f678ff853334
0,4,structural_median,10.0,102,13464,576,132,,False,0,7c4787049dff7268303c18547c8b2875c200703856fc421ccca4c034ad6b34e7
0,4,descriptor_local_svd,0.1,102,13464,576,132,,False,4280,7c4787049dff7268303c18547c8b2875c200703856fc421ccca4c034ad6b34e7
0,4,degree_preserving_null,10.0,102,13464,576,132,,False,0,7c4787049dff7268303c18547c8b2875c200703856fc421ccca4c034ad6b34e7
0,4,family_median,10.0,102,1326,576,13,,False,0,7c4787049dff7268303c18547c8b2875c200703856fc421ccca4c034ad6b34e7
0,4,all_visible_ridge,10.0,102,58752,576,576,,False,0,7c4787049dff7268303c18547c8b2875c200703856fc421ccca4c034ad6b34e7
0,4,pca_matched_dimension,1.0,102,13464,576,132,576.0,False,76032,7c4787049dff7268303c18547c8b2875c200703856fc421ccca4c034ad6b34e7
1,0,structural_median,10.0,102,13566,578,133,,False,0,87ca854075b7a5bcb9a4326744b75c5b7fe47c49edef58e43f00d800358048fa
1,0,descriptor_local_svd,0.1,102,13566,578,133,,False,4294,87ca854075b7a5bcb9a4326744b75c5b7fe47c49edef58e43f00d800358048fa
1,0,degree_preserving_null,10.0,102,13566,578,133,,False,0,87ca854075b7a5bcb9a4326744b75c5b7fe47c49edef58e43f00d800358048fa
1,0,family_median,10.0,102,1326,578,13,,False,0,87ca854075b7a5bcb9a4326744b75c5b7fe47c49edef58e43f00d800358048fa
1,0,all_visible_ridge,10.0,102,58956,578,578,,False,0,87ca854075b7a5bcb9a4326744b75c5b7fe47c49edef58e43f00d800358048fa
1,0,pca_matched_dimension,1.0,102,13566,578,133,578.0,False,76874,87ca854075b7a5bcb9a4326744b75c5b7fe47c49edef58e43f00d800358048fa
1,1,structural_median,10.0,103,13699,582,133,,False,0,d59ea538cd8fdd5379dfe9c96d00e4ebe9e022d87013d2ce875a82fdea15156a
1,1,descriptor_local_svd,0.1,103,13699,582,133,,False,4324,d59ea538cd8fdd5379dfe9c96d00e4ebe9e022d87013d2ce875a82fdea15156a
1,1,degree_preserving_null,10.0,103,13699,582,133,,False,0,d59ea538cd8fdd5379dfe9c96d00e4ebe9e022d87013d2ce875a82fdea15156a
1,1,family_median,10.0,103,1339,582,13,,False,0,d59ea538cd8fdd5379dfe9c96d00e4ebe9e022d87013d2ce875a82fdea15156a
1,1,all_visible_ridge,10.0,103,59946,582,582,,False,0,d59ea538cd8fdd5379dfe9c96d00e4ebe9e022d87013d2ce875a82fdea15156a
1,1,pca_matched_dimension,10.0,103,13699,582,133,582.0,False,77406,d59ea538cd8fdd5379dfe9c96d00e4ebe9e022d87013d2ce875a82fdea15156a
1,2,structural_median,10.0,102,13566,581,133,,False,0,3e7e9af6f07ba26edcddf0ae4eea393fe4968485edf578fc00045ca5f718971e
1,2,descriptor_local_svd,0.1,102,13566,581,133,,False,4313,3e7e9af6f07ba26edcddf0ae4eea393fe4968485edf578fc00045ca5f718971e
1,2,degree_preserving_null,10.0,102,13566,581,133,,False,0,3e7e9af6f07ba26edcddf0ae4eea393fe4968485edf578fc00045ca5f718971e
1,2,family_median,10.0,102,1326,581,13,,False,0,3e7e9af6f07ba26edcddf0ae4eea393fe4968485edf578fc00045ca5f718971e
1,2,all_visible_ridge,10.0,102,59262,581,581,,False,0,3e7e9af6f07ba26edcddf0ae4eea393fe4968485edf578fc00045ca5f718971e
1,2,pca_matched_dimension,1.0,102,13566,581,133,581.0,False,77273,3e7e9af6f07ba26edcddf0ae4eea393fe4968485edf578fc00045ca5f718971e
1,3,structural_median,10.0,104,13832,579,133,,False,0,e7c56a08e8630b3496a1a226df30d0b768fe18a651be844cf2f0e4b277de36ce
1,3,descriptor_local_svd,0.1,104,13832,579,133,,False,4301,e7c56a08e8630b3496a1a226df30d0b768fe18a651be844cf2f0e4b277de36ce
1,3,degree_preserving_null,10.0,104,13832,579,133,,False,0,e7c56a08e8630b3496a1a226df30d0b768fe18a651be844cf2f0e4b277de36ce
1,3,family_median,10.0,104,1352,579,13,,False,0,e7c56a08e8630b3496a1a226df30d0b768fe18a651be844cf2f0e4b277de36ce
1,3,all_visible_ridge,10.0,104,60216,579,579,,False,0,e7c56a08e8630b3496a1a226df30d0b768fe18a651be844cf2f0e4b277de36ce
1,3,pca_matched_dimension,1.0,104,13832,579,133,579.0,False,77007,e7c56a08e8630b3496a1a226df30d0b768fe18a651be844cf2f0e4b277de36ce
1,4,structural_median,10.0,102,13566,581,133,,False,0,fed0861c6c4cb2209025816744b7fe940362cb74ed9cd657cfc62977ac813238
1,4,descriptor_local_svd,0.1,102,13566,581,133,,False,4316,fed0861c6c4cb2209025816744b7fe940362cb74ed9cd657cfc62977ac813238
1,4,degree_preserving_null,10.0,102,13566,581,133,,False,0,fed0861c6c4cb2209025816744b7fe940362cb74ed9cd657cfc62977ac813238
1,4,family_median,10.0,102,1326,581,13,,False,0,fed0861c6c4cb2209025816744b7fe940362cb74ed9cd657cfc62977ac813238
1,4,all_visible_ridge,10.0,102,59262,581,581,,False,0,fed0861c6c4cb2209025816744b7fe940362cb74ed9cd657cfc62977ac813238
1,4,pca_matched_dimension,1.0,102,13566,581,133,581.0,False,77273,fed0861c6c4cb2209025816744b7fe940362cb74ed9cd657cfc62977ac813238
2,0,structural_median,10.0,100,13400,590,134,,False,0,baf0fa36d589ad4256c2afb8fbda7684811eaa731399047ac0132a8be4d85468
2,0,descriptor_local_svd,0.1,100,13400,590,134,,False,4400,baf0fa36d589ad4256c2afb8fbda7684811eaa731399047ac0132a8be4d85468
2,0,degree_preserving_null,10.0,100,13400,590,134,,False,0,baf0fa36d589ad4256c2afb8fbda7684811eaa731399047ac0132a8be4d85468
2,0,family_median,10.0,100,1300,590,13,,False,0,baf0fa36d589ad4256c2afb8fbda7684811eaa731399047ac0132a8be4d85468
2,0,all_visible_ridge,10.0,100,59000,590,590,,False,0,baf0fa36d589ad4256c2afb8fbda7684811eaa731399047ac0132a8be4d85468
2,0,pca_matched_dimension,1.0,100,13400,590,134,590.0,False,79060,baf0fa36d589ad4256c2afb8fbda7684811eaa731399047ac0132a8be4d85468
2,1,structural_median,10.0,103,13802,596,134,,False,0,075cb8d4a3bafb067eb096cb96b3ee6179202c71468288bfefe29fc996986dc2
2,1,descriptor_local_svd,0.1,103,13802,596,134,,False,4446,075cb8d4a3bafb067eb096cb96b3ee6179202c71468288bfefe29fc996986dc2
2,1,degree_preserving_null,10.0,103,13802,596,134,,False,0,075cb8d4a3bafb067eb096cb96b3ee6179202c71468288bfefe29fc996986dc2
2,1,family_median,10.0,103,1339,596,13,,False,0,075cb8d4a3bafb067eb096cb96b3ee6179202c71468288bfefe29fc996986dc2
2,1,all_visible_ridge,10.0,103,61388,596,596,,False,0,075cb8d4a3bafb067eb096cb96b3ee6179202c71468288bfefe29fc996986dc2
2,1,pca_matched_dimension,1.0,103,13802,596,134,596.0,False,79864,075cb8d4a3bafb067eb096cb96b3ee6179202c71468288bfefe29fc996986dc2
2,2,structural_median,10.0,102,13668,594,134,,False,0,52f641f03b78f521ea7ed8714f7d197a52689a3af4aece463aa891c3c926a574
2,2,descriptor_local_svd,0.1,102,13668,594,134,,False,4428,52f641f03b78f521ea7ed8714f7d197a52689a3af4aece463aa891c3c926a574
2,2,degree_preserving_null,10.0,102,13668,594,134,,False,0,52f641f03b78f521ea7ed8714f7d197a52689a3af4aece463aa891c3c926a574
2,2,family_median,10.0,102,1326,594,13,,False,0,52f641f03b78f521ea7ed8714f7d197a52689a3af4aece463aa891c3c926a574
2,2,all_visible_ridge,10.0,102,60588,594,594,,False,0,52f641f03b78f521ea7ed8714f7d197a52689a3af4aece463aa891c3c926a574
2,2,pca_matched_dimension,1.0,102,13668,594,134,594.0,False,79596,52f641f03b78f521ea7ed8714f7d197a52689a3af4aece463aa891c3c926a574
2,3,structural_median,10.0,101,13534,591,134,,False,0,b64193028b75adba3274b6a02fb95b79c24afd56c2e51b908ef6d1b0e8fddd01
2,3,descriptor_local_svd,0.1,101,13534,591,134,,False,4407,b64193028b75adba3274b6a02fb95b79c24afd56c2e51b908ef6d1b0e8fddd01
2,3,degree_preserving_null,10.0,101,13534,591,134,,False,0,b64193028b75adba3274b6a02fb95b79c24afd56c2e51b908ef6d1b0e8fddd01
2,3,family_median,10.0,101,1313,591,13,,False,0,b64193028b75adba3274b6a02fb95b79c24afd56c2e51b908ef6d1b0e8fddd01
2,3,all_visible_ridge,10.0,101,59691,591,591,,False,0,b64193028b75adba3274b6a02fb95b79c24afd56c2e51b908ef6d1b0e8fddd01
2,3,pca_matched_dimension,1.0,101,13534,591,134,591.0,False,79194,b64193028b75adba3274b6a02fb95b79c24afd56c2e51b908ef6d1b0e8fddd01
2,4,structural_median,10.0,100,13400,594,134,,False,0,1c8489d97aa6cb2b46b9c69e43080fa016cbded74ac97473f2f039b1fac57d68
2,4,descriptor_local_svd,0.1,100,13400,594,134,,False,4429,1c8489d97aa6cb2b46b9c69e43080fa016cbded74ac97473f2f039b1fac57d68
2,4,degree_preserving_null,10.0,100,13400,594,134,,False,0,1c8489d97aa6cb2b46b9c69e43080fa016cbded74ac97473f2f039b1fac57d68
2,4,family_median,10.0,100,1300,594,13,,False,0,1c8489d97aa6cb2b46b9c69e43080fa016cbded74ac97473f2f039b1fac57d68
2,4,all_visible_ridge,10.0,100,59400,594,594,,False,0,1c8489d97aa6cb2b46b9c69e43080fa016cbded74ac97473f2f039b1fac57d68
2,4,pca_matched_dimension,0.1,100,13400,594,134,594.0,False,79596,1c8489d97aa6cb2b46b9c69e43080fa016cbded74ac97473f2f039b1fac57d68
3,0,structural_median,10.0,106,13992,576,132,,False,0,e4dcc2ef89f992c8a473f00ab8232018c033318c4ecdf1b8ac302bf8918f24e7
3,0,descriptor_local_svd,0.1,106,13992,576,132,,False,4265,e4dcc2ef89f992c8a473f00ab8232018c033318c4ecdf1b8ac302bf8918f24e7
3,0,degree_preserving_null,10.0,106,13992,576,132,,False,0,e4dcc2ef89f992c8a473f00ab8232018c033318c4ecdf1b8ac302bf8918f24e7
3,0,family_median,10.0,106,1378,576,13,,False,0,e4dcc2ef89f992c8a473f00ab8232018c033318c4ecdf1b8ac302bf8918f24e7
3,0,all_visible_ridge,10.0,106,61056,576,576,,False,0,e4dcc2ef89f992c8a473f00ab8232018c033318c4ecdf1b8ac302bf8918f24e7
3,0,pca_matched_dimension,1.0,106,13992,576,132,576.0,False,76032,e4dcc2ef89f992c8a473f00ab8232018c033318c4ecdf1b8ac302bf8918f24e7
3,1,structural_median,10.0,109,14388,580,132,,False,0,bc3c36014c80389e30c3cf9cb6bd1f64f597eab17f7d2a27b38e4a16221bcee2
3,1,descriptor_local_svd,0.1,109,14388,580,132,,False,4294,bc3c36014c80389e30c3cf9cb6bd1f64f597eab17f7d2a27b38e4a16221bcee2
3,1,degree_preserving_null,10.0,109,14388,580,132,,False,0,bc3c36014c80389e30c3cf9cb6bd1f64f597eab17f7d2a27b38e4a16221bcee2
3,1,family_median,10.0,109,1417,580,13,,False,0,bc3c36014c80389e30c3cf9cb6bd1f64f597eab17f7d2a27b38e4a16221bcee2
3,1,all_visible_ridge,10.0,109,63220,580,580,,False,0,bc3c36014c80389e30c3cf9cb6bd1f64f597eab17f7d2a27b38e4a16221bcee2
3,1,pca_matched_dimension,1.0,109,14388,580,132,580.0,False,76560,bc3c36014c80389e30c3cf9cb6bd1f64f597eab17f7d2a27b38e4a16221bcee2
3,2,structural_median,10.0,108,14256,579,132,,False,0,b4672e15fc70091bbed7fa179d3c470ce2193a150af34d67915866e88ff2bbdc
3,2,descriptor_local_svd,0.1,108,14256,579,132,,False,4286,b4672e15fc70091bbed7fa179d3c470ce2193a150af34d67915866e88ff2bbdc
3,2,degree_preserving_null,10.0,108,14256,579,132,,False,0,b4672e15fc70091bbed7fa179d3c470ce2193a150af34d67915866e88ff2bbdc
3,2,family_median,10.0,108,1404,579,13,,False,0,b4672e15fc70091bbed7fa179d3c470ce2193a150af34d67915866e88ff2bbdc
3,2,all_visible_ridge,10.0,108,62532,579,579,,False,0,b4672e15fc70091bbed7fa179d3c470ce2193a150af34d67915866e88ff2bbdc
3,2,pca_matched_dimension,1.0,108,14256,579,132,579.0,False,76428,b4672e15fc70091bbed7fa179d3c470ce2193a150af34d67915866e88ff2bbdc
3,3,structural_median,10.0,106,13992,576,132,,False,0,e4dcc2ef89f992c8a473f00ab8232018c033318c4ecdf1b8ac302bf8918f24e7
3,3,descriptor_local_svd,0.1,106,13992,576,132,,False,4265,e4dcc2ef89f992c8a473f00ab8232018c033318c4ecdf1b8ac302bf8918f24e7
3,3,degree_preserving_null,10.0,106,13992,576,132,,False,0,e4dcc2ef89f992c8a473f00ab8232018c033318c4ecdf1b8ac302bf8918f24e7
3,3,family_median,10.0,106,1378,576,13,,False,0,e4dcc2ef89f992c8a473f00ab8232018c033318c4ecdf1b8ac302bf8918f24e7
3,3,all_visible_ridge,10.0,106,61056,576,576,,False,0,e4dcc2ef89f992c8a473f00ab8232018c033318c4ecdf1b8ac302bf8918f24e7
3,3,pca_matched_dimension,1.0,106,13992,576,132,576.0,False,76032,e4dcc2ef89f992c8a473f00ab8232018c033318c4ecdf1b8ac302bf8918f24e7
3,4,structural_median,10.0,107,14124,580,132,,False,0,1622d6bf1be88ce84b7755d6eb2feca0e36fc37cedfc9ea7e3dff026abda31ec
3,4,descriptor_local_svd,0.1,107,14124,580,132,,False,4296,1622d6bf1be88ce84b7755d6eb2feca0e36fc37cedfc9ea7e3dff026abda31ec
3,4,degree_preserving_null,10.0,107,14124,580,132,,False,0,1622d6bf1be88ce84b7755d6eb2feca0e36fc37cedfc9ea7e3dff026abda31ec
3,4,family_median,10.0,107,1391,580,13,,False,0,1622d6bf1be88ce84b7755d6eb2feca0e36fc37cedfc9ea7e3dff026abda31ec
3,4,all_visible_ridge,10.0,107,62060,580,580,,False,0,1622d6bf1be88ce84b7755d6eb2feca0e36fc37cedfc9ea7e3dff026abda31ec
3,4,pca_matched_dimension,1.0,107,14124,580,132,580.0,False,76560,1622d6bf1be88ce84b7755d6eb2feca0e36fc37cedfc9ea7e3dff026abda31ec
4,0,structural_median,10.0,97,12998,585,134,,False,0,18635959a700a65114133ad798b4f976d5e80a6aad78a648867a7b55363b2bff
4,0,descriptor_local_svd,0.1,97,12998,585,134,,False,4353,18635959a700a65114133ad798b4f976d5e80a6aad78a648867a7b55363b2bff
4,0,degree_preserving_null,10.0,97,12998,585,134,,False,0,18635959a700a65114133ad798b4f976d5e80a6aad78a648867a7b55363b2bff
4,0,family_median,10.0,97,1261,585,13,,False,0,18635959a700a65114133ad798b4f976d5e80a6aad78a648867a7b55363b2bff
4,0,all_visible_ridge,10.0,97,56745,585,585,,False,0,18635959a700a65114133ad798b4f976d5e80a6aad78a648867a7b55363b2bff
4,0,pca_matched_dimension,1.0,97,12998,585,134,585.0,False,78390,18635959a700a65114133ad798b4f976d5e80a6aad78a648867a7b55363b2bff
4,1,structural_median,10.0,97,12998,591,134,,False,0,4624a46960b1cbe70f8e96caaa43b958e8bf68a95ca1986a914629f3686b38da
4,1,descriptor_local_svd,0.1,97,12998,591,134,,False,4399,4624a46960b1cbe70f8e96caaa43b958e8bf68a95ca1986a914629f3686b38da
4,1,degree_preserving_null,10.0,97,12998,591,134,,False,0,4624a46960b1cbe70f8e96caaa43b958e8bf68a95ca1986a914629f3686b38da
4,1,family_median,10.0,97,1261,591,13,,False,0,4624a46960b1cbe70f8e96caaa43b958e8bf68a95ca1986a914629f3686b38da
4,1,all_visible_ridge,10.0,97,57327,591,591,,False,0,4624a46960b1cbe70f8e96caaa43b958e8bf68a95ca1986a914629f3686b38da
4,1,pca_matched_dimension,1.0,97,12998,591,134,591.0,False,79194,4624a46960b1cbe70f8e96caaa43b958e8bf68a95ca1986a914629f3686b38da
4,2,structural_median,10.0,96,12864,588,134,,False,0,277dfd3b720a719049a8632379c0e54eeb085b62dac8608bed7af09e17a99b10
4,2,descriptor_local_svd,0.1,96,12864,588,134,,False,4375,277dfd3b720a719049a8632379c0e54eeb085b62dac8608bed7af09e17a99b10
4,2,degree_preserving_null,10.0,96,12864,588,134,,False,0,277dfd3b720a719049a8632379c0e54eeb085b62dac8608bed7af09e17a99b10
4,2,family_median,10.0,96,1248,588,13,,False,0,277dfd3b720a719049a8632379c0e54eeb085b62dac8608bed7af09e17a99b10
4,2,all_visible_ridge,10.0,96,56448,588,588,,False,0,277dfd3b720a719049a8632379c0e54eeb085b62dac8608bed7af09e17a99b10
4,2,pca_matched_dimension,1.0,96,12864,588,134,588.0,False,78792,277dfd3b720a719049a8632379c0e54eeb085b62dac8608bed7af09e17a99b10
4,3,structural_median,10.0,96,12864,586,134,,False,0,1febebdc99f0a33250db54421557ada21ea521f1bb21ec9f3fa28850865b0694
4,3,descriptor_local_svd,0.1,96,12864,586,134,,False,4360,1febebdc99f0a33250db54421557ada21ea521f1bb21ec9f3fa28850865b0694
4,3,degree_preserving_null,10.0,96,12864,586,134,,False,0,1febebdc99f0a33250db54421557ada21ea521f1bb21ec9f3fa28850865b0694
4,3,family_median,10.0,96,1248,586,13,,False,0,1febebdc99f0a33250db54421557ada21ea521f1bb21ec9f3fa28850865b0694
4,3,all_visible_ridge,10.0,96,56256,586,586,,False,0,1febebdc99f0a33250db54421557ada21ea521f1bb21ec9f3fa28850865b0694
4,3,pca_matched_dimension,1.0,96,12864,586,134,586.0,False,78524,1febebdc99f0a33250db54421557ada21ea521f1bb21ec9f3fa28850865b0694
4,4,structural_median,10.0,99,13266,589,134,,False,0,387cd34e1fb4bce0ee4691ac9bbe7b124b43658aae3a8790e4b593c52502a734
4,4,descriptor_local_svd,0.1,99,13266,589,134,,False,4385,387cd34e1fb4bce0ee4691ac9bbe7b124b43658aae3a8790e4b593c52502a734
4,4,degree_preserving_null,10.0,99,13266,589,134,,False,0,387cd34e1fb4bce0ee4691ac9bbe7b124b43658aae3a8790e4b593c52502a734
4,4,family_median,10.0,99,1287,589,13,,False,0,387cd34e1fb4bce0ee4691ac9bbe7b124b43658aae3a8790e4b593c52502a734
4,4,all_visible_ridge,10.0,99,58311,589,589,,False,0,387cd34e1fb4bce0ee4691ac9bbe7b124b43658aae3a8790e4b593c52502a734
4,4,pca_matched_dimension,1.0,99,13266,589,134,589.0,False,78926,387cd34e1fb4bce0ee4691ac9bbe7b124b43658aae3a8790e4b593c52502a734
