mask,fold,targets_total,targets_retained,targets_dropped
0,0,174,102,CE(20:0);CE(22:1);CER(18:0);CER(26:0);DAG(14:0_16:0);DAG(16:0_16:1);DAG(16:1_18:2);DAG(16:1_22:6);DAG(18:0_18:3);DAG(18:1_20:1);DAG(18:1_20:4);DAG(18:1_22:4);DAG(18:1_22:6);DAG(18:2_20:4);HCER(18:0);LCER(18:1);LCER(20:1);LPC(20:5);LPC(22:6);LPE(16:1);PC(14:0_20:5);PC(14:0_22:6);PC(15:0_18:2);PC(18:0_20:1);PC(18:1_18:3);PC(18:1_20:5);PC(18:2_18:3);PC(18:2_20:1);PE(16:0_22:5);PE(18:0_20:5);PE(18:1_18:1);PE(18:1_20:3);PE(22:0_18:1);PE(O-16:0_18:1);PE(O-16:0_22:5);PE(O-18:0_22:6);PE(P-16:0_20:3);PE(P-18:0_16:1);PE(P-18:0_18:3);PE(P-18:0_20:5);PE(P-18:1_16:0);PE(P-18:1_22:5);PI(16:0_22:5);PI(18:0_18:0);PI(18:0_18:3);PI(18:1_16:1);PI(18:1_18:2);TAG42:0-FA16:0;TAG42:1-FA18:1;TAG42:2-FA18:2;TAG44:1-FA14:0;TAG44:1-FA14:1;TAG44:2-FA16:0;TAG45:0-FA14:0;TAG45:1-FA18:1;TAG46:0-FA12:0;TAG46:0-FA18:0;TAG46:2-FA14:1;TAG46:3-FA12:0;TAG46:3-FA14:0;TAG46:3-FA18:1;TAG47:0-FA15:0;TAG47:1-FA16:0;TAG48:1-FA18:0;TAG48:4-FA16:0;TAG49:2-FA14:0;TAG50:2-FA20:2;TAG50:6-FA20:4;TAG51:4-FA20:4;TAG53:6-FA20:4;TAG58:2-FA18:1;TAG60:11-FA22:5
0,1,174,101,CE(20:0);CE(22:1);CER(18:0);CER(26:0);DAG(14:0_16:0);DAG(16:0_16:1);DAG(16:1_18:2);DAG(16:1_22:6);DAG(18:0_18:3);DAG(18:1_20:1);DAG(18:1_20:4);DAG(18:1_22:4);DAG(18:1_22:6);DAG(18:2_20:4);HCER(18:0);LCER(18:1);LCER(20:1);LPC(20:5);LPC(22:6);LPE(16:1);PC(14:0_20:5);PC(14:0_22:6);PC(15:0_18:2);PC(18:0_20:1);PC(18:1_18:3);PC(18:1_20:5);PC(18:2_18:3);PC(18:2_20:1);PE(16:0_22:5);PE(18:0_20:5);PE(18:1_18:1);PE(18:1_20:3);PE(22:0_18:1);PE(O-16:0_18:1);PE(O-16:0_22:5);PE(O-18:0_22:6);PE(P-16:0_20:3);PE(P-18:0_16:1);PE(P-18:0_18:3);PE(P-18:0_20:5);PE(P-18:1_16:0);PE(P-18:1_22:5);PI(16:0_22:5);PI(18:0_18:0);PI(18:0_18:3);PI(18:1_16:1);PI(18:1_18:2);TAG42:0-FA16:0;TAG42:1-FA18:1;TAG42:2-FA18:2;TAG44:1-FA14:0;TAG44:1-FA14:1;TAG44:2-FA16:0;TAG45:0-FA14:0;TAG45:1-FA18:1;TAG46:0-FA12:0;TAG46:0-FA18:0;TAG46:2-FA14:1;TAG46:3-FA12:0;TAG46:3-FA14:0;TAG46:3-FA18:1;TAG47:0-FA15:0;TAG47:1-FA16:0;TAG48:1-FA18:0;TAG48:4-FA16:0;TAG49:2-FA14:0;TAG50:2-FA20:2;TAG50:6-FA20:4;TAG51:4-FA20:4;TAG52:8-FA18:2;TAG53:6-FA20:4;TAG54:5-FA22:1;TAG60:11-FA22:5
0,2,174,101,CE(20:0);CE(22:1);CER(18:0);CER(26:0);DAG(14:0_16:0);DAG(16:0_16:1);DAG(16:1_18:2);DAG(16:1_22:6);DAG(18:0_18:3);DAG(18:1_20:1);DAG(18:1_20:4);DAG(18:1_22:4);DAG(18:1_22:6);DAG(18:2_20:4);HCER(18:0);LCER(18:1);LCER(20:1);LPC(20:5);LPC(22:6);LPE(16:1);PC(14:0_20:5);PC(14:0_22:6);PC(15:0_18:2);PC(18:0_20:1);PC(18:1_18:3);PC(18:1_20:5);PC(18:2_18:3);PC(18:2_20:1);PE(16:0_22:5);PE(18:0_20:5);PE(18:1_20:3);PE(22:0_18:1);PE(O-16:0_18:1);PE(O-16:0_22:5);PE(O-18:0_22:6);PE(P-16:0_20:3);PE(P-18:0_16:1);PE(P-18:0_18:3);PE(P-18:0_20:5);PE(P-18:1_16:0);PE(P-18:1_22:5);PI(16:0_22:5);PI(18:0_18:0);PI(18:0_18:3);PI(18:1_16:1);PI(18:1_18:2);TAG42:0-FA16:0;TAG42:1-FA18:1;TAG42:2-FA18:2;TAG44:1-FA14:0;TAG44:1-FA14:1;TAG44:2-FA16:0;TAG45:0-FA14:0;TAG45:1-FA18:1;TAG46:0-FA12:0;TAG46:0-FA18:0;TAG46:2-FA14:1;TAG46:3-FA12:0;TAG46:3-FA14:0;TAG46:3-FA18:1;TAG47:0-FA15:0;TAG47:1-FA16:0;TAG48:1-FA18:0;TAG48:4-FA16:0;TAG49:2-FA14:0;TAG50:2-FA20:2;TAG50:6-FA20:4;TAG51:4-FA20:4;TAG52:8-FA18:2;TAG53:6-FA20:4;TAG54:5-FA22:1;TAG58:2-FA18:1;TAG60:11-FA22:5
0,3,174,100,CE(20:0);CE(22:1);CER(18:0);CER(26:0);DAG(14:0_16:0);DAG(16:0_16:1);DAG(16:1_18:2);DAG(16:1_22:6);DAG(18:0_18:3);DAG(18:1_20:1);DAG(18:1_20:4);DAG(18:1_22:4);DAG(18:1_22:6);DAG(18:2_20:4);HCER(18:0);LCER(18:1);LCER(20:1);LPC(20:5);LPC(22:6);LPE(16:1);PC(14:0_20:5);PC(14:0_22:6);PC(15:0_18:2);PC(18:0_20:1);PC(18:1_18:3);PC(18:1_20:5);PC(18:2_18:3);PC(18:2_20:1);PE(16:0_22:5);PE(18:0_20:5);PE(18:1_18:1);PE(18:1_20:3);PE(22:0_18:1);PE(O-16:0_18:1);PE(O-16:0_22:5);PE(O-18:0_22:6);PE(P-16:0_20:3);PE(P-18:0_16:1);PE(P-18:0_18:3);PE(P-18:0_20:5);PE(P-18:1_16:0);PE(P-18:1_22:5);PI(16:0_22:5);PI(18:0_18:0);PI(18:0_18:3);PI(18:1_16:1);PI(18:1_18:2);TAG42:0-FA16:0;TAG42:1-FA18:1;TAG42:2-FA18:2;TAG44:1-FA14:0;TAG44:1-FA14:1;TAG44:2-FA16:0;TAG45:0-FA14:0;TAG45:1-FA18:1;TAG46:0-FA12:0;TAG46:0-FA18:0;TAG46:2-FA14:1;TAG46:3-FA12:0;TAG46:3-FA14:0;TAG46:3-FA18:1;TAG47:0-FA15:0;TAG47:1-FA16:0;TAG48:1-FA18:0;TAG48:4-FA16:0;TAG49:2-FA14:0;TAG50:2-FA20:2;TAG50:6-FA20:4;TAG51:4-FA20:4;TAG52:8-FA18:2;TAG53:6-FA20:4;TAG54:5-FA22:1;TAG58:2-FA18:1;TAG60:11-FA22:5
0,4,174,102,CE(20:0);CE(22:1);CER(18:0);CER(26:0);DAG(14:0_16:0);DAG(16:0_16:1);DAG(16:1_18:2);DAG(16:1_22:6);DAG(18:0_18:3);DAG(18:1_20:1);DAG(18:1_20:4);DAG(18:1_22:4);DAG(18:1_22:6);DAG(18:2_20:4);HCER(18:0);LCER(18:1);LCER(20:1);LPC(20:5);LPC(22:6);LPE(16:1);PC(14:0_20:5);PC(14:0_22:6);PC(15:0_18:2);PC(18:0_20:1);PC(18:1_18:3);PC(18:1_20:5);PC(18:2_18:3);PC(18:2_20:1);PE(16:0_22:5);PE(18:0_20:5);PE(18:1_18:1);PE(18:1_20:3);PE(22:0_18:1);PE(O-16:0_18:1);PE(O-16:0_22:5);PE(O-18:0_22:6);PE(P-16:0_20:3);PE(P-18:0_16:1);PE(P-18:0_18:3);PE(P-18:0_20:5);PE(P-18:1_16:0);PE(P-18:1_22:5);PI(16:0_22:5);PI(18:0_18:0);PI(18:0_18:3);PI(18:1_16:1);PI(18:1_18:2);TAG42:0-FA16:0;TAG42:1-FA18:1;TAG42:2-FA18:2;TAG44:1-FA14:0;TAG44:1-FA14:1;TAG44:2-FA16:0;TAG45:0-FA14:0;TAG45:1-FA18:1;TAG46:0-FA12:0;TAG46:0-FA18:0;TAG46:2-FA14:1;TAG46:3-FA12:0;TAG46:3-FA14:0;TAG46:3-FA18:1;TAG47:0-FA15:0;TAG48:1-FA18:0;TAG48:4-FA16:0;TAG50:2-FA20:2;TAG50:6-FA20:4;TAG51:4-FA20:4;TAG52:8-FA18:2;TAG53:6-FA20:4;TAG54:5-FA22:1;TAG58:2-FA18:1;TAG60:11-FA22:5
1,0,171,102,CE(17:0);CE(20:1);CE(24:1);CER(14:0);DAG(12:0_16:0);DAG(14:0_18:1);DAG(15:0_18:1);DAG(16:0_18:3);DAG(18:0_18:2);DAG(18:1_18:2);DAG(18:1_22:5);DAG(18:2_18:3);DAG(20:0_20:0);HCER(22:1);LCER(18:0);LPC(14:0);LPC(18:3);LPC(20:1);PC(14:0_16:1);PC(14:0_20:4);PC(15:0_18:1);PC(17:0_22:5);PC(17:0_22:6);PC(18:0_20:0);PC(18:1_22:4);PC(18:1_22:5);PC(20:0_18:2);PE(16:0_20:5);PE(16:0_22:4);PE(17:0_20:2);PE(18:1_16:1);PE(18:2_18:2);PE(O-16:0_18:2);PE(O-16:0_22:6);PE(O-18:0_18:1);PE(O-18:0_18:2);PE(O-18:0_20:5);PE(P-16:0_16:0);PE(P-18:0_20:3);PE(P-18:0_22:4);PE(P-18:1_22:4);PI(16:0_16:0);PI(18:0_20:2);PI(18:0_22:4);TAG36:0-FA12:0;TAG40:0-FA16:0;TAG42:2-FA12:0;TAG44:0-FA14:0;TAG44:0-FA18:0;TAG44:2-FA12:0;TAG45:0-FA16:0;TAG46:1-FA14:1;TAG47:0-FA14:0;TAG47:1-FA15:0;TAG47:2-FA16:1;TAG48:2-FA18:0;TAG48:4-FA14:0;TAG48:4-FA14:1;TAG48:4-FA20:4;TAG50:3-FA20:3;TAG50:4-FA20:4;TAG50:5-FA20:5;TAG51:5-FA18:3;TAG52:4-FA22:1;TAG52:4-FA22:4;TAG54:0-FA16:0;TAG55:7-FA15:0;TAG56:1-FA16:0;TAG56:2-FA16:0
1,1,171,103,CE(17:0);CE(20:1);CE(24:1);CER(14:0);DAG(12:0_16:0);DAG(14:0_18:1);DAG(15:0_18:1);DAG(16:0_18:3);DAG(18:0_18:2);DAG(18:1_18:2);DAG(18:1_22:5);DAG(18:2_18:3);DAG(20:0_20:0);HCER(22:1);LCER(18:0);LPC(14:0);LPC(18:3);LPC(20:1);PC(14:0_16:1);PC(14:0_20:4);PC(15:0_18:1);PC(17:0_22:5);PC(17:0_22:6);PC(18:0_20:0);PC(18:1_22:4);PC(18:1_22:5);PC(20:0_18:2);PE(16:0_20:5);PE(16:0_22:4);PE(17:0_20:2);PE(18:1_16:1);PE(18:2_18:2);PE(O-16:0_18:2);PE(O-16:0_22:6);PE(O-18:0_18:1);PE(O-18:0_18:2);PE(O-18:0_20:5);PE(P-16:0_16:0);PE(P-18:0_20:3);PE(P-18:0_22:4);PE(P-18:1_22:4);PI(16:0_16:0);PI(18:0_20:2);PI(18:0_22:4);TAG36:0-FA12:0;TAG40:0-FA16:0;TAG42:2-FA12:0;TAG44:0-FA14:0;TAG44:0-FA18:0;TAG44:2-FA12:0;TAG45:0-FA16:0;TAG46:1-FA14:1;TAG47:0-FA14:0;TAG47:1-FA15:0;TAG47:2-FA16:1;TAG48:2-FA18:0;TAG48:4-FA14:0;TAG48:4-FA14:1;TAG48:4-FA20:4;TAG50:3-FA20:3;TAG50:4-FA20:4;TAG50:5-FA20:5;TAG51:5-FA18:3;TAG52:4-FA22:1;TAG52:4-FA22:4;TAG55:7-FA15:0;TAG56:1-FA16:0;TAG56:2-FA16:0
1,2,171,102,CE(17:0);CE(20:1);CE(24:1);CER(14:0);DAG(12:0_16:0);DAG(14:0_18:1);DAG(15:0_18:1);DAG(16:0_18:3);DAG(18:0_18:2);DAG(18:1_18:2);DAG(18:1_22:5);DAG(18:2_18:3);DAG(20:0_20:0);HCER(22:1);LCER(18:0);LPC(14:0);LPC(18:3);LPC(20:1);PC(14:0_16:1);PC(14:0_20:4);PC(15:0_18:1);PC(17:0_22:5);PC(17:0_22:6);PC(18:0_20:0);PC(18:1_22:4);PC(18:1_22:5);PC(20:0_18:2);PE(16:0_20:5);PE(16:0_22:4);PE(17:0_20:2);PE(18:1_16:1);PE(18:2_18:2);PE(O-16:0_18:2);PE(O-16:0_22:6);PE(O-18:0_18:1);PE(O-18:0_18:2);PE(O-18:0_20:5);PE(P-16:0_16:0);PE(P-18:0_20:3);PE(P-18:0_22:4);PE(P-18:1_22:4);PI(16:0_16:0);PI(18:0_20:2);PI(18:0_22:4);TAG36:0-FA12:0;TAG40:0-FA16:0;TAG42:2-FA12:0;TAG44:0-FA14:0;TAG44:0-FA18:0;TAG44:2-FA12:0;TAG45:0-FA16:0;TAG46:1-FA14:1;TAG47:0-FA14:0;TAG47:1-FA15:0;TAG47:2-FA16:1;TAG48:2-FA18:0;TAG48:4-FA14:0;TAG48:4-FA14:1;TAG48:4-FA20:4;TAG50:3-FA20:3;TAG50:4-FA20:4;TAG50:5-FA20:5;TAG51:5-FA18:3;TAG52:4-FA22:1;TAG52:4-FA22:4;TAG54:0-FA16:0;TAG55:7-FA15:0;TAG56:1-FA16:0;TAG56:2-FA16:0
1,3,171,104,CE(17:0);CE(20:1);CE(24:1);CER(14:0);DAG(12:0_16:0);DAG(14:0_18:1);DAG(15:0_18:1);DAG(16:0_18:3);DAG(18:0_18:2);DAG(18:1_18:2);DAG(18:1_22:5);DAG(18:2_18:3);DAG(20:0_20:0);HCER(22:1);LCER(18:0);LPC(14:0);LPC(18:3);LPC(20:1);PC(14:0_16:1);PC(14:0_20:4);PC(15:0_18:1);PC(17:0_22:5);PC(17:0_22:6);PC(18:0_20:0);PC(18:1_22:4);PC(18:1_22:5);PC(20:0_18:2);PE(16:0_20:5);PE(16:0_22:4);PE(17:0_20:2);PE(18:1_16:1);PE(18:2_18:2);PE(O-16:0_18:2);PE(O-16:0_22:6);PE(O-18:0_18:1);PE(O-18:0_18:2);PE(O-18:0_20:5);PE(P-16:0_16:0);PE(P-18:0_20:3);PE(P-18:0_22:4);PE(P-18:1_22:4);PI(16:0_16:0);PI(18:0_20:2);PI(18:0_22:4);TAG36:0-FA12:0;TAG40:0-FA16:0;TAG42:2-FA12:0;TAG44:0-FA14:0;TAG44:0-FA18:0;TAG44:2-FA12:0;TAG45:0-FA16:0;TAG46:1-FA14:1;TAG47:0-FA14:0;TAG47:1-FA15:0;TAG47:2-FA16:1;TAG48:2-FA18:0;TAG48:4-FA14:0;TAG48:4-FA14:1;TAG48:4-FA20:4;TAG50:3-FA20:3;TAG50:4-FA20:4;TAG50:5-FA20:5;TAG51:5-FA18:3;TAG52:4-FA22:4;TAG54:0-FA16:0;TAG55:7-FA15:0;TAG56:1-FA16:0
1,4,171,102,CE(17:0);CE(20:1);CE(24:1);CER(14:0);DAG(12:0_16:0);DAG(14:0_18:1);DAG(15:0_18:1);DAG(16:0_18:3);DAG(18:0_18:2);DAG(18:1_18:2);DAG(18:1_22:5);DAG(18:2_18:3);DAG(20:0_20:0);HCER(22:1);LCER(18:0);LPC(14:0);LPC(18:3);LPC(20:1);PC(14:0_16:1);PC(14:0_20:4);PC(15:0_18:1);PC(17:0_22:5);PC(17:0_22:6);PC(18:0_20:0);PC(18:1_22:4);PC(18:1_22:5);PC(20:0_18:2);PE(16:0_20:5);PE(16:0_22:4);PE(17:0_20:2);PE(18:1_16:1);PE(18:2_18:2);PE(O-16:0_18:2);PE(O-16:0_22:6);PE(O-18:0_18:1);PE(O-18:0_18:2);PE(O-18:0_20:5);PE(P-16:0_16:0);PE(P-18:0_20:3);PE(P-18:0_22:4);PE(P-18:1_22:4);PI(16:0_16:0);PI(18:0_20:2);PI(18:0_22:4);TAG36:0-FA12:0;TAG40:0-FA16:0;TAG42:2-FA12:0;TAG44:0-FA14:0;TAG44:0-FA18:0;TAG44:2-FA12:0;TAG45:0-FA16:0;TAG46:1-FA14:1;TAG47:0-FA14:0;TAG47:1-FA15:0;TAG47:2-FA16:1;TAG48:2-FA18:0;TAG48:4-FA14:0;TAG48:4-FA14:1;TAG48:4-FA20:4;TAG50:3-FA20:3;TAG50:4-FA20:4;TAG50:5-FA20:5;TAG51:5-FA18:3;TAG52:4-FA22:1;TAG52:4-FA22:4;TAG54:0-FA16:0;TAG55:7-FA15:0;TAG56:1-FA16:0;TAG56:2-FA16:0
2,0,166,100,CE(14:0);CE(14:1);CE(15:0);CE(16:0);CE(24:0);CER(26:1);DAG(14:1_18:1);DAG(16:0_18:2);DAG(16:0_20:3);DAG(16:0_20:4);DAG(18:0_18:1);DAG(18:0_22:6);DAG(18:1_20:2);DAG(18:2_20:3);LCER(14:0);LPC(15:0);LPC(22:5);LPE(17:0);PC(14:0_22:5);PC(15:0_20:3);PC(15:0_22:6);PC(16:0_20:1);PC(17:0_16:1);PC(18:0_14:0);PC(18:1_20:1);PC(18:2_20:2);PE(16:0_16:1);PE(16:0_22:6);PE(18:0_18:3);PE(18:1_18:3);PE(18:1_20:5);PE(18:1_22:6);PE(18:2_16:1);PE(18:2_20:4);PE(O-16:0_20:5);PE(O-18:0_20:3);PE(O-18:0_22:4);PE(P-16:0_20:5);PE(P-16:0_22:6);PE(P-18:0_16:0);PI(16:0_20:2);PI(18:0_22:6);PI(18:1_20:3);PI(18:1_20:4);TAG42:0-FA12:0;TAG42:1-FA12:0;TAG42:1-FA16:0;TAG44:1-FA16:1;TAG44:2-FA18:2;TAG45:1-FA15:0;TAG46:1-FA16:1;TAG46:3-FA14:1;TAG46:3-FA16:0;TAG46:3-FA18:3;TAG47:2-FA15:0;TAG47:2-FA18:2;TAG48:1-FA12:0;TAG48:4-FA16:1;TAG49:0-FA15:0;TAG49:3-FA18:3;TAG50:5-FA20:4;TAG52:2-FA14:0;TAG52:7-FA22:6;TAG56:4-FA22:4;TAG58:10-FA22:5;TAG60:12-FA22:6
2,1,166,103,CE(14:0);CE(14:1);CE(15:0);CE(16:0);CE(24:0);CER(26:1);DAG(14:1_18:1);DAG(16:0_18:2);DAG(16:0_20:3);DAG(16:0_20:4);DAG(18:0_18:1);DAG(18:0_22:6);DAG(18:1_20:2);DAG(18:2_20:3);LCER(14:0);LPC(15:0);LPC(22:5);LPE(17:0);PC(14:0_22:5);PC(15:0_20:3);PC(15:0_22:6);PC(16:0_20:1);PC(17:0_16:1);PC(18:0_14:0);PC(18:1_20:1);PC(18:2_20:2);PE(16:0_16:1);PE(16:0_22:6);PE(18:0_18:3);PE(18:1_18:3);PE(18:1_20:5);PE(18:1_22:6);PE(18:2_16:1);PE(18:2_20:4);PE(O-16:0_20:5);PE(O-18:0_20:3);PE(O-18:0_22:4);PE(P-16:0_20:5);PE(P-16:0_22:6);PE(P-18:0_16:0);PI(16:0_20:2);PI(18:0_22:6);PI(18:1_20:3);PI(18:1_20:4);TAG42:0-FA12:0;TAG42:1-FA12:0;TAG42:1-FA16:0;TAG44:1-FA16:1;TAG44:2-FA18:2;TAG45:1-FA15:0;TAG46:3-FA14:1;TAG46:3-FA16:0;TAG46:3-FA18:3;TAG47:2-FA15:0;TAG47:2-FA18:2;TAG48:1-FA12:0;TAG48:4-FA16:1;TAG49:0-FA15:0;TAG49:3-FA18:3;TAG50:5-FA20:4;TAG52:2-FA14:0;TAG52:7-FA22:6;TAG60:12-FA22:6
2,2,166,102,CE(14:0);CE(14:1);CE(15:0);CE(16:0);CE(24:0);CER(26:1);DAG(14:1_18:1);DAG(16:0_18:2);DAG(16:0_20:3);DAG(16:0_20:4);DAG(18:0_18:1);DAG(18:0_22:6);DAG(18:1_20:2);DAG(18:2_20:3);LCER(14:0);LPC(22:5);LPE(17:0);PC(14:0_22:5);PC(15:0_20:3);PC(15:0_22:6);PC(16:0_20:1);PC(17:0_16:1);PC(18:0_14:0);PC(18:1_20:1);PC(18:2_20:2);PE(16:0_16:1);PE(16:0_22:6);PE(18:0_18:3);PE(18:1_18:3);PE(18:1_20:5);PE(18:1_22:6);PE(18:2_16:1);PE(18:2_20:4);PE(O-16:0_20:5);PE(O-18:0_20:3);PE(O-18:0_22:4);PE(P-16:0_20:5);PE(P-16:0_22:6);PE(P-18:0_16:0);PI(16:0_20:2);PI(18:0_22:6);PI(18:1_20:3);TAG42:0-FA12:0;TAG42:1-FA12:0;TAG42:1-FA16:0;TAG44:1-FA16:1;TAG44:2-FA18:2;TAG45:1-FA15:0;TAG46:1-FA16:1;TAG46:3-FA14:1;TAG46:3-FA16:0;TAG46:3-FA18:3;TAG47:2-FA15:0;TAG47:2-FA18:2;TAG48:1-FA12:0;TAG48:4-FA16:1;TAG49:0-FA15:0;TAG49:3-FA18:3;TAG50:5-FA20:4;TAG52:2-FA14:0;TAG52:7-FA22:6;TAG56:4-FA22:4;TAG58:10-FA22:5;TAG60:12-FA22:6
2,3,166,101,CE(14:0);CE(14:1);CE(15:0);CE(16:0);CE(24:0);CER(26:1);DAG(14:1_18:1);DAG(16:0_18:2);DAG(16:0_20:3);DAG(16:0_20:4);DAG(18:0_18:1);DAG(18:0_22:6);DAG(18:1_20:2);DAG(18:2_20:3);LCER(14:0);LPC(15:0);LPC(22:5);LPE(17:0);PC(14:0_22:5);PC(15:0_20:3);PC(15:0_22:6);PC(16:0_20:1);PC(17:0_16:1);PC(18:0_14:0);PC(18:1_20:1);PC(18:2_20:2);PE(16:0_16:1);PE(16:0_22:6);PE(18:0_18:3);PE(18:1_18:3);PE(18:1_20:5);PE(18:1_22:6);PE(18:2_16:1);PE(18:2_20:4);PE(O-16:0_20:5);PE(O-18:0_20:3);PE(O-18:0_22:4);PE(P-16:0_20:5);PE(P-16:0_22:6);PE(P-18:0_16:0);PI(16:0_20:2);PI(18:0_22:6);PI(18:1_20:3);PI(18:1_20:4);TAG42:0-FA12:0;TAG42:1-FA12:0;TAG42:1-FA16:0;TAG44:1-FA16:1;TAG44:2-FA18:2;TAG45:1-FA15:0;TAG46:1-FA16:1;TAG46:3-FA14:1;TAG46:3-FA16:0;TAG46:3-FA18:3;TAG47:2-FA15:0;TAG47:2-FA18:2;TAG48:1-FA12:0;TAG48:4-FA16:1;TAG49:0-FA15:0;TAG49:3-FA18:3;TAG50:5-FA20:4;TAG52:2-FA14:0;TAG52:7-FA22:6;TAG56:4-FA22:4;TAG58:10-FA22:5
2,4,166,100,CE(14:0);CE(14:1);CE(15:0);CE(16:0);CE(24:0);CER(26:1);DAG(14:1_18:1);DAG(16:0_18:2);DAG(16:0_20:3);DAG(16:0_20:4);DAG(18:0_18:1);DAG(18:0_22:6);DAG(18:1_20:2);DAG(18:2_20:3);LCER(14:0);LPC(15:0);LPC(22:5);LPE(17:0);PC(14:0_22:5);PC(15:0_20:3);PC(15:0_22:6);PC(16:0_20:1);PC(17:0_16:1);PC(18:0_14:0);PC(18:1_20:1);PC(18:2_20:2);PE(16:0_16:1);PE(16:0_22:6);PE(18:0_18:3);PE(18:1_18:3);PE(18:1_20:5);PE(18:1_22:6);PE(18:2_16:1);PE(18:2_20:4);PE(O-16:0_20:5);PE(O-18:0_20:3);PE(O-18:0_22:4);PE(P-16:0_20:5);PE(P-16:0_22:6);PE(P-18:0_16:0);PI(16:0_20:2);PI(18:0_22:6);PI(18:1_20:3);PI(18:1_20:4);TAG42:0-FA12:0;TAG42:1-FA12:0;TAG42:1-FA16:0;TAG44:1-FA16:1;TAG44:2-FA18:2;TAG45:1-FA15:0;TAG46:1-FA16:1;TAG46:3-FA14:1;TAG46:3-FA16:0;TAG46:3-FA18:3;TAG47:2-FA15:0;TAG47:2-FA18:2;TAG48:1-FA12:0;TAG48:4-FA16:1;TAG49:0-FA15:0;TAG49:3-FA18:3;TAG50:5-FA20:4;TAG52:2-FA14:0;TAG52:7-FA22:6;TAG56:4-FA22:4;TAG58:10-FA22:5;TAG60:12-FA22:6
3,0,166,106,CE(18:0);CE(22:2);CER(20:0);CER(22:1);DAG(12:0_18:0);DAG(12:0_18:1);DAG(16:0_16:0);DAG(16:0_20:5);DAG(16:0_22:5);DAG(16:0_22:6);DAG(16:1_18:1);DAG(18:1_20:5);DAG(18:2_22:6);HCER(20:0);LCER(24:1);LPE(18:3);LPE(20:3);PC(14:0_20:2);PC(17:0_20:4);PC(18:0_16:1);PC(18:0_18:3);PC(18:0_22:4);PC(18:1_22:6);PC(18:2_20:3);PC(20:0_18:1);PE(17:0_20:4);PE(18:0_20:1);PE(18:0_20:2);PE(18:0_22:4);PE(18:1_22:5);PE(O-16:0_20:3);PE(O-18:0_16:0);PE(P-16:0_22:4);PE(P-18:0_22:5);PE(P-18:1_20:3);PE(P-18:1_20:5);PE(P-18:1_22:6);PI(16:0_18:0);PI(18:0_16:1);TAG40:0-FA12:0;TAG42:0-FA14:0;TAG42:1-FA16:1;TAG44:0-FA12:0;TAG44:0-FA16:0;TAG45:0-FA15:0;TAG45:1-FA16:0;TAG46:1-FA18:0;TAG47:1-FA17:0;TAG48:4-FA18:3;TAG49:0-FA18:0;TAG49:1-FA14:0;TAG49:2-FA17:0;TAG50:0-FA14:0;TAG50:1-FA20:1;TAG50:4-FA20:3;TAG51:3-FA18:3;TAG52:1-FA20:0;TAG52:5-FA20:3;TAG52:7-FA20:5;TAG52:8-FA16:1
3,1,166,109,CE(18:0);CE(22:2);CER(20:0);CER(22:1);DAG(12:0_18:0);DAG(12:0_18:1);DAG(16:0_16:0);DAG(16:0_20:5);DAG(16:0_22:5);DAG(16:0_22:6);DAG(16:1_18:1);DAG(18:1_20:5);DAG(18:2_22:6);HCER(20:0);LCER(24:1);LPE(18:3);LPE(20:3);PC(14:0_20:2);PC(17:0_20:4);PC(18:0_16:1);PC(18:0_18:3);PC(18:0_22:4);PC(18:1_22:6);PC(18:2_20:3);PC(20:0_18:1);PE(17:0_20:4);PE(18:0_20:1);PE(18:0_20:2);PE(18:0_22:4);PE(18:1_22:5);PE(O-16:0_20:3);PE(O-18:0_16:0);PE(P-16:0_22:4);PE(P-18:0_22:5);PE(P-18:1_20:3);PE(P-18:1_20:5);PE(P-18:1_22:6);PI(16:0_18:0);PI(18:0_16:1);TAG40:0-FA12:0;TAG42:0-FA14:0;TAG42:1-FA16:1;TAG44:0-FA12:0;TAG44:0-FA16:0;TAG45:0-FA15:0;TAG45:1-FA16:0;TAG46:1-FA18:0;TAG47:1-FA17:0;TAG48:4-FA18:3;TAG49:0-FA18:0;TAG49:1-FA14:0;TAG49:2-FA17:0;TAG50:0-FA14:0;TAG50:1-FA20:1;TAG50:4-FA20:3;TAG52:7-FA20:5;TAG52:8-FA16:1
3,2,166,108,CE(18:0);CE(22:2);CER(20:0);CER(22:1);DAG(12:0_18:0);DAG(12:0_18:1);DAG(16:0_16:0);DAG(16:0_20:5);DAG(16:0_22:5);DAG(16:0_22:6);DAG(16:1_18:1);DAG(18:1_20:5);DAG(18:2_22:6);HCER(20:0);LCER(24:1);LPE(18:3);LPE(20:3);PC(14:0_20:2);PC(17:0_20:4);PC(18:0_16:1);PC(18:0_22:4);PC(18:1_22:6);PC(18:2_20:3);PC(20:0_18:1);PE(17:0_20:4);PE(18:0_20:1);PE(18:0_20:2);PE(18:0_22:4);PE(18:1_22:5);PE(O-16:0_20:3);PE(O-18:0_16:0);PE(P-16:0_22:4);PE(P-18:1_20:3);PE(P-18:1_20:5);PE(P-18:1_22:6);PI(16:0_18:0);PI(18:0_16:1);TAG40:0-FA12:0;TAG42:0-FA14:0;TAG42:1-FA16:1;TAG44:0-FA12:0;TAG44:0-FA16:0;TAG45:0-FA15:0;TAG45:1-FA16:0;TAG46:1-FA18:0;TAG47:1-FA17:0;TAG48:4-FA18:3;TAG49:0-FA18:0;TAG49:1-FA14:0;TAG49:2-FA17:0;TAG50:0-FA14:0;TAG50:1-FA20:1;TAG50:4-FA20:3;TAG51:3-FA18:3;TAG52:1-FA20:0;TAG52:5-FA20:3;TAG52:7-FA20:5;TAG52:8-FA16:1
3,3,166,106,CE(18:0);CE(22:2);CER(20:0);CER(22:1);DAG(12:0_18:0);DAG(12:0_18:1);DAG(16:0_16:0);DAG(16:0_20:5);DAG(16:0_22:5);DAG(16:0_22:6);DAG(16:1_18:1);DAG(18:1_20:5);DAG(18:2_22:6);HCER(20:0);LCER(24:1);LPE(18:3);LPE(20:3);PC(14:0_20:2);PC(17:0_20:4);PC(18:0_16:1);PC(18:0_18:3);PC(18:0_22:4);PC(18:1_22:6);PC(18:2_20:3);PC(20:0_18:1);PE(17:0_20:4);PE(18:0_20:1);PE(18:0_20:2);PE(18:0_22:4);PE(18:1_22:5);PE(O-16:0_20:3);PE(O-18:0_16:0);PE(P-16:0_22:4);PE(P-18:0_22:5);PE(P-18:1_20:3);PE(P-18:1_20:5);PE(P-18:1_22:6);PI(16:0_18:0);PI(18:0_16:1);TAG40:0-FA12:0;TAG42:0-FA14:0;TAG42:1-FA16:1;TAG44:0-FA12:0;TAG44:0-FA16:0;TAG45:0-FA15:0;TAG45:1-FA16:0;TAG46:1-FA18:0;TAG47:1-FA17:0;TAG48:4-FA18:3;TAG49:0-FA18:0;TAG49:1-FA14:0;TAG49:2-FA17:0;TAG50:0-FA14:0;TAG50:1-FA20:1;TAG50:4-FA20:3;TAG51:3-FA18:3;TAG52:1-FA20:0;TAG52:5-FA20:3;TAG52:7-FA20:5;TAG52:8-FA16:1
3,4,166,107,CE(18:0);CE(22:2);CER(20:0);CER(22:1);DAG(12:0_18:0);DAG(12:0_18:1);DAG(16:0_16:0);DAG(16:0_20:5);DAG(16:0_22:5);DAG(16:0_22:6);DAG(16:1_18:1);DAG(18:1_20:5);DAG(18:2_22:6);HCER(20:0);LCER(24:1);LPE(18:3);LPE(20:3);PC(14:0_20:2);PC(17:0_20:4);PC(18:0_16:1);PC(18:0_18:3);PC(18:0_22:4);PC(18:1_22:6);PC(20:0_18:1);PE(17:0_20:4);PE(18:0_20:1);PE(18:0_20:2);PE(18:0_22:4);PE(18:1_22:5);PE(O-16:0_20:3);PE(O-18:0_16:0);PE(P-16:0_22:4);PE(P-18:0_22:5);PE(P-18:1_20:3);PE(P-18:1_20:5);PE(P-18:1_22:6);PI(16:0_18:0);PI(18:0_16:1);TAG40:0-FA12:0;TAG42:0-FA14:0;TAG42:1-FA16:1;TAG44:0-FA12:0;TAG44:0-FA16:0;TAG45:0-FA15:0;TAG45:1-FA16:0;TAG46:1-FA18:0;TAG47:1-FA17:0;TAG48:4-FA18:3;TAG49:0-FA18:0;TAG49:1-FA14:0;TAG49:2-FA17:0;TAG50:0-FA14:0;TAG50:1-FA20:1;TAG50:4-FA20:3;TAG51:3-FA18:3;TAG52:1-FA20:0;TAG52:5-FA20:3;TAG52:7-FA20:5;TAG52:8-FA16:1
4,0,164,97,CE(22:0);DAG(14:0_14:0);DAG(14:0_18:2);DAG(16:0_18:0);DAG(16:1_16:1);DAG(16:1_18:0);DAG(16:1_20:4);DAG(18:1_20:3);DAG(18:2_20:5);DAG(18:2_22:5);LCER(24:0);LPC(20:2);PC(14:0_20:3);PC(15:0_20:4);PC(16:0_12:0);PC(17:0_20:3);PC(17:0_20:5);PC(18:1_20:2);PC(18:2_20:5);PC(18:2_22:6);PC(20:0_14:1);PC(20:0_20:3);PC(20:0_20:4);PE(16:0_18:1);PE(16:0_18:3);PE(16:0_20:3);PE(18:0_16:0);PE(18:0_20:3);PE(18:0_22:6);PE(O-16:0_22:4);PE(O-18:0_22:5);PE(P-16:0_18:3);PE(P-18:0_22:6);PE(P-18:2_18:2);PE(P-18:2_20:4);PI(16:0_16:1);PI(16:0_20:3);PI(18:0_22:5);PI(18:2_18:2);TAG38:0-FA12:0;TAG40:0-FA14:0;TAG42:1-FA14:0;TAG44:1-FA12:0;TAG44:2-FA14:0;TAG44:2-FA16:1;TAG44:2-FA18:1;TAG44:3-FA18:2;TAG46:2-FA16:1;TAG46:3-FA16:1;TAG46:4-FA18:2;TAG47:0-FA17:0;TAG47:1-FA14:0;TAG47:2-FA14:0;TAG48:1-FA14:1;TAG48:5-FA18:2;TAG48:5-FA18:3;TAG49:1-FA16:1;TAG49:1-FA17:0;TAG50:5-FA16:0;TAG51:0-FA18:0;TAG52:3-FA22:1;TAG52:6-FA14:0;TAG53:4-FA20:4;TAG54:5-FA22:4;TAG54:8-FA20:4;TAG58:10-FA20:5;TAG58:6-FA16:0
4,1,164,97,CE(22:0);CER(16:0);DAG(14:0_14:0);DAG(14:0_18:2);DAG(16:0_18:0);DAG(16:1_16:1);DAG(16:1_18:0);DAG(16:1_20:4);DAG(18:1_20:3);DAG(18:2_20:5);DAG(18:2_22:5);LCER(24:0);LPC(20:2);PC(14:0_20:3);PC(15:0_20:4);PC(16:0_12:0);PC(17:0_20:3);PC(17:0_20:5);PC(18:1_20:2);PC(18:2_20:5);PC(18:2_22:6);PC(20:0_14:1);PC(20:0_20:3);PC(20:0_20:4);PE(16:0_18:1);PE(16:0_18:3);PE(16:0_20:3);PE(18:0_16:0);PE(18:0_20:3);PE(18:0_22:6);PE(O-16:0_22:4);PE(O-18:0_22:5);PE(P-16:0_18:3);PE(P-18:0_22:6);PE(P-18:2_18:2);PE(P-18:2_20:4);PI(16:0_16:1);PI(16:0_20:3);PI(18:0_22:5);PI(18:2_18:2);TAG38:0-FA12:0;TAG40:0-FA14:0;TAG42:1-FA14:0;TAG44:1-FA12:0;TAG44:2-FA14:0;TAG44:2-FA16:1;TAG44:2-FA18:1;TAG44:3-FA18:2;TAG46:2-FA16:1;TAG46:3-FA16:1;TAG46:4-FA18:2;TAG47:0-FA17:0;TAG47:1-FA14:0;TAG47:2-FA14:0;TAG48:1-FA14:1;TAG48:5-FA18:2;TAG48:5-FA18:3;TAG49:1-FA16:1;TAG50:5-FA16:0;TAG51:0-FA18:0;TAG52:2-FA20:0;TAG52:3-FA22:1;TAG52:6-FA14:0;TAG53:4-FA20:4;TAG54:5-FA22:4;TAG58:10-FA20:5;TAG58:6-FA16:0
4,2,164,96,CE(22:0);CER(16:0);DAG(14:0_14:0);DAG(14:0_18:2);DAG(16:0_18:0);DAG(16:1_16:1);DAG(16:1_18:0);DAG(16:1_20:4);DAG(18:1_20:3);DAG(18:2_20:5);DAG(18:2_22:5);LCER(24:0);LPC(20:2);PC(14:0_20:3);PC(15:0_20:4);PC(16:0_12:0);PC(17:0_20:3);PC(17:0_20:5);PC(18:1_20:2);PC(18:2_20:5);PC(18:2_22:6);PC(20:0_14:1);PC(20:0_20:3);PC(20:0_20:4);PE(16:0_18:3);PE(16:0_20:3);PE(18:0_16:0);PE(18:0_20:3);PE(18:0_22:6);PE(O-16:0_22:4);PE(O-18:0_22:5);PE(P-16:0_18:3);PE(P-18:0_22:6);PE(P-18:2_18:2);PE(P-18:2_20:4);PI(16:0_16:1);PI(16:0_20:3);PI(18:0_22:5);PI(18:2_18:2);TAG38:0-FA12:0;TAG40:0-FA14:0;TAG42:1-FA14:0;TAG44:1-FA12:0;TAG44:2-FA14:0;TAG44:2-FA16:1;TAG44:2-FA18:1;TAG44:3-FA18:2;TAG46:2-FA16:1;TAG46:3-FA16:1;TAG46:4-FA18:2;TAG47:0-FA17:0;TAG47:1-FA14:0;TAG47:2-FA14:0;TAG48:1-FA14:1;TAG48:5-FA18:2;TAG48:5-FA18:3;TAG49:1-FA16:1;TAG49:1-FA17:0;TAG50:5-FA16:0;TAG51:0-FA18:0;TAG52:2-FA20:0;TAG52:3-FA22:1;TAG52:6-FA14:0;TAG53:4-FA20:4;TAG54:5-FA22:4;TAG54:8-FA20:4;TAG58:10-FA20:5;TAG58:6-FA16:0
4,3,164,96,CE(22:0);CER(16:0);DAG(14:0_14:0);DAG(14:0_18:2);DAG(16:0_18:0);DAG(16:1_16:1);DAG(16:1_18:0);DAG(16:1_20:4);DAG(18:1_20:3);DAG(18:2_20:5);DAG(18:2_22:5);LCER(24:0);LPC(20:2);PC(14:0_20:3);PC(15:0_20:4);PC(16:0_12:0);PC(17:0_20:3);PC(17:0_20:5);PC(18:1_20:2);PC(18:2_20:5);PC(18:2_22:6);PC(20:0_14:1);PC(20:0_20:3);PC(20:0_20:4);PE(16:0_18:1);PE(16:0_18:3);PE(16:0_20:3);PE(18:0_16:0);PE(18:0_20:3);PE(18:0_22:6);PE(O-16:0_22:4);PE(O-18:0_22:5);PE(P-16:0_18:3);PE(P-18:0_22:6);PE(P-18:2_18:2);PE(P-18:2_20:4);PI(16:0_16:1);PI(16:0_20:3);PI(18:0_22:5);PI(18:2_18:2);TAG38:0-FA12:0;TAG40:0-FA14:0;TAG42:1-FA14:0;TAG44:1-FA12:0;TAG44:2-FA14:0;TAG44:2-FA16:1;TAG44:2-FA18:1;TAG44:3-FA18:2;TAG46:2-FA16:1;TAG46:3-FA16:1;TAG46:4-FA18:2;TAG47:0-FA17:0;TAG47:1-FA14:0;TAG47:2-FA14:0;TAG48:1-FA14:1;TAG48:5-FA18:2;TAG48:5-FA18:3;TAG49:1-FA16:1;TAG49:1-FA17:0;TAG50:5-FA16:0;TAG52:2-FA20:0;TAG52:3-FA22:1;TAG52:6-FA14:0;TAG53:4-FA20:4;TAG54:5-FA22:4;TAG54:8-FA20:4;TAG58:10-FA20:5;TAG58:6-FA16:0
4,4,164,99,CE(22:0);CER(16:0);DAG(14:0_14:0);DAG(14:0_18:2);DAG(16:0_18:0);DAG(16:1_16:1);DAG(16:1_18:0);DAG(16:1_20:4);DAG(18:1_20:3);DAG(18:2_20:5);DAG(18:2_22:5);LCER(24:0);LPC(20:2);PC(14:0_20:3);PC(15:0_20:4);PC(16:0_12:0);PC(17:0_20:3);PC(17:0_20:5);PC(18:1_20:2);PC(18:2_20:5);PC(18:2_22:6);PC(20:0_14:1);PC(20:0_20:3);PC(20:0_20:4);PE(16:0_18:1);PE(16:0_18:3);PE(16:0_20:3);PE(18:0_16:0);PE(18:0_20:3);PE(18:0_22:6);PE(O-16:0_22:4);PE(O-18:0_22:5);PE(P-16:0_18:3);PE(P-18:0_22:6);PE(P-18:2_18:2);PE(P-18:2_20:4);PI(16:0_16:1);PI(16:0_20:3);PI(18:0_22:5);PI(18:2_18:2);TAG38:0-FA12:0;TAG40:0-FA14:0;TAG42:1-FA14:0;TAG44:1-FA12:0;TAG44:2-FA14:0;TAG44:2-FA16:1;TAG44:2-FA18:1;TAG44:3-FA18:2;TAG46:2-FA16:1;TAG46:3-FA16:1;TAG46:4-FA18:2;TAG47:0-FA17:0;TAG47:1-FA14:0;TAG47:2-FA14:0;TAG48:1-FA14:1;TAG48:5-FA18:2;TAG48:5-FA18:3;TAG49:1-FA17:0;TAG50:5-FA16:0;TAG51:0-FA18:0;TAG52:2-FA20:0;TAG52:6-FA14:0;TAG53:4-FA20:4;TAG54:8-FA20:4;TAG58:10-FA20:5
