target,model,mean_lineage_mse,available_lineages,squared_error_sum,truth_energy_sum,prediction_rows,equal_lineage_rmse_sd,row_weighted_rmse_sd,skill_vs_training_mean
AMP,direct_neighbor_ridge,0.557303418952501,18,1562.9642041294312,2911.8879175061256,1752,0.7465275741407688,0.9445119672287163,0.46324712749657426
CMP,direct_neighbor_ridge,0.7548290694740496,18,2305.3911329826924,2708.6797986134443,1752,0.8688089948164956,1.1471105085499556,0.14888753769906382
GMP,direct_neighbor_ridge,0.6011694521659074,18,1337.871829887629,2212.3022786480947,1752,0.7753511798958633,0.8738566665535907,0.39525812417226147
NAD,direct_neighbor_ridge,0.5435904282255617,18,1126.626794569472,1877.5499967074636,1752,0.7372858524517893,0.8019051211860427,0.3999484452903179
NADP,direct_neighbor_ridge,0.7482067392409202,18,1456.1757219720216,1862.829251436805,1752,0.864989444583528,0.9116745725530236,0.21829887476328302
UMP,direct_neighbor_ridge,0.7083162547394211,18,2112.1694058649196,2806.0713220043235,1752,0.841615265272334,1.0979873154549957,0.2472859156137781
acetylcholine,direct_neighbor_ridge,0.9552819649699388,18,1808.3866389402908,1803.9206045687,1752,0.9773852694664161,1.0159646424193534,-0.0024757377682145254
aconitate,direct_neighbor_ridge,0.9926889543602636,18,1863.0933915214089,1879.48790412342,1752,0.9963377712203144,1.0312174698124863,0.008722861459253495
adenine,direct_neighbor_ridge,1.0339763111337792,18,1842.0917247581451,1859.7567944660898,1752,1.0168462573731485,1.025388812757243,0.00949859129995334
adenosine,direct_neighbor_ridge,1.1660431098085688,18,1876.6636536002334,1805.5016137384846,1752,1.0798347604187266,1.034966208832342,-0.03941399958895642
alanine,direct_neighbor_ridge,0.6530355891432282,18,1304.6867149969326,1855.4078239646374,1752,0.8081061744246409,0.8629508665373771,0.2968194387533213
arginine,direct_neighbor_ridge,0.718148232970185,18,1430.177502866984,1879.2579426772304,1752,0.8474362707426353,0.9034995075172398,0.23896689731185972
asparagine,direct_neighbor_ridge,1.234902878973188,18,1874.2294060587287,1861.1265921150375,1752,1.111261840869733,1.034294756211973,-0.007040259377950608
aspartate,direct_neighbor_ridge,1.0290813187712757,18,1703.6719652863887,1808.4529084800936,1752,1.0144364537866706,0.986111304721962,0.05793954750072394
beta-alanine,direct_neighbor_ridge,0.43358385040842196,18,747.654550277496,1784.7414271723476,1752,0.6584708424891887,0.6532560483992936,0.581085226747921
betaine,direct_neighbor_ridge,0.856454326001724,18,1835.8642218703499,1942.680357057325,1752,0.9254481757514702,1.0236540951644766,0.05498389624362843
cAMP,direct_neighbor_ridge,0.8878997850233452,18,1856.3331845223217,1832.6075526040904,1752,0.9422843440402399,1.029344890893095,-0.0129463789912454
carnosine,direct_neighbor_ridge,0.9470712438921574,18,2398.513242094205,2302.979826710119,1752,0.973175854556697,1.170048891110118,-0.04148252376164252
choline,direct_neighbor_ridge,1.1409062592356713,18,1950.4447705693915,1802.4385925979345,1752,1.0681321356628455,1.0551149525574848,-0.08211440799108116
citrate,direct_neighbor_ridge,0.9234151029459904,18,1908.8814389402685,1942.7267838571054,1752,0.9609449010978676,1.0438123396034233,0.017421567045902364
citrulline,direct_neighbor_ridge,0.38178379671072615,18,794.708700705977,1873.6950345980536,1752,0.617886556505906,0.6734989655280389,0.5758601661254557
cytidine,direct_neighbor_ridge,1.0358276824006731,18,2081.456038393465,2086.3148747826313,1752,1.0177561998831905,1.089975084125566,0.0023289084729708476
dimethylglycine,direct_neighbor_ridge,0.44523190122832684,18,842.2284275129499,1999.3858917054629,1752,0.6672569978863667,0.69334261971011,0.5787564416619272
glucuronate,direct_neighbor_ridge,0.7598232452300839,18,1951.4302731942562,2039.4869101673876,1752,0.8716784070000151,1.0553814782383637,0.043175877488669134
glutamate,direct_neighbor_ridge,0.9331981910222973,18,1790.2878988281327,1894.2950610636879,1752,0.9660218377564233,1.0108678566123463,0.05490547083892672
glutamine,direct_neighbor_ridge,0.9420227645150603,18,1614.0494621308512,1792.2378367437543,1752,0.9705785720461071,0.959823477792753,0.09942228144041776
glycine,direct_neighbor_ridge,1.1677707296764472,18,1702.7494016073294,1798.5103613130887,1752,1.0806344107404906,0.9858442716058479,0.053244597176434594
guanosine,direct_neighbor_ridge,1.0950940235203572,18,1807.907888741593,1809.5931012892795,1752,1.0464674020342712,1.0158301508620684,0.0009312660102902548
histidine,direct_neighbor_ridge,0.9048617810043336,18,2056.40598018229,2152.2095461548183,1752,0.9512422304567505,1.083396375101698,0.04451405121945162
homocysteine,direct_neighbor_ridge,1.0045241799968168,18,1899.417904737385,1777.935694102108,1752,1.0022595372441296,1.0412217053491961,-0.068327674076327
hypoxanthine,direct_neighbor_ridge,0.978445727167188,18,1845.832793413687,1836.748646916127,1752,0.9891641558240918,1.0264295058537944,-0.0049457755217690025
inosine,direct_neighbor_ridge,0.946346679795157,18,1814.6153479695272,1814.5814818263473,1752,0.9728035155133625,1.0177128051979525,-1.8663335606072806e-05
inositol,direct_neighbor_ridge,1.0180642327955998,18,1752.460745074129,1787.0890171312863,1752,1.0089916911429944,1.0001314825302956,0.01937691504183947
isocitrate,direct_neighbor_ridge,0.8196650856756295,18,1769.9386104120272,1862.9248355849923,1752,0.9053535694277841,1.005106428635086,0.04991410463630741
isoleucine,direct_neighbor_ridge,0.9863347638268567,18,1992.2236051109776,1992.5658644648922,1752,0.9931438787138834,1.066355442550871,0.00017176815081421104
kynurenine,direct_neighbor_ridge,1.0364834092477537,18,1768.3505374149495,1769.175467463554,1752,1.0180782922976768,1.004655412827958,0.0004662793848182467
leucine,direct_neighbor_ridge,0.6466390525960973,18,1247.9008668505805,2186.5402639745844,1752,0.8041387023369149,0.8439621936292203,0.42928063689885665
lysine,direct_neighbor_ridge,0.9557538149711257,18,2221.741451354391,2246.5395235307133,1752,0.9776266234975015,1.1261071293419598,0.011038342266665002
malate,direct_neighbor_ridge,0.725133372973106,18,1613.2290791388539,1863.9788235401907,1752,0.8515476340012378,0.9595795190549644,0.13452392335933117
methionine,direct_neighbor_ridge,0.5018977346200951,18,1006.7629244156261,2119.1081668392562,1752,0.7084474113299414,0.7580477375359339,0.524911969964583
ornithine,direct_neighbor_ridge,0.7630168712084932,18,1391.6179753894291,1795.485447799303,1752,0.8735083692835994,0.891236499122649,0.22493497393971507
oxalate,direct_neighbor_ridge,0.9453297567900818,18,2614.944666781123,2500.548955258076,1752,0.9722806985588481,1.22169895055546,-0.045748239114654865
phenylalanine,direct_neighbor_ridge,0.9942973393213423,18,1998.2051904192765,2110.8164558195376,1752,0.9971445929860635,1.067955091154741,0.05334962454447001
proline,direct_neighbor_ridge,0.8035491668266563,18,1312.3984251193724,1782.3339817497902,1752,0.8964090399068142,0.8654974633621983,0.26366301795416747
putrescine,direct_neighbor_ridge,1.000670479436093,18,1777.28789048613,1787.3389317911601,1752,1.0003351835440424,1.007191008422147,0.005623466890500528
sarcosine,direct_neighbor_ridge,0.9232036878679963,18,1619.5067614293473,1780.3808572575995,1752,0.9608348910546475,0.9614447490012349,0.09035937180096043
serine,direct_neighbor_ridge,0.8760607004606354,18,1503.4767283127096,1772.5481487738496,1752,0.9359811432185134,0.9263632211665602,0.15179921665161455
taurine,direct_neighbor_ridge,1.011751129286047,18,1691.1082001139557,1806.5115143054647,1752,1.0058584041931782,0.9824685269553103,0.06388185919527734
taurocholate,direct_neighbor_ridge,0.9119747881177845,18,1803.0315708509536,1832.1850378354036,1752,0.9549737106945848,1.014459269233217,0.015911857362885584
thymidine,direct_neighbor_ridge,0.9731910126554509,18,1738.2261862948467,1809.7331409350904,1752,0.9865044412750765,0.9960613606533266,0.039512430326217096
thymine,direct_neighbor_ridge,1.0762517975750294,18,1646.5597502897508,1765.8659403717634,1752,1.037425562426061,0.9694416996753815,0.06756242778933452
thyroxine,direct_neighbor_ridge,0.9261881653647228,18,1972.4476464358047,2033.9904394244193,1752,0.9623867026121687,1.0610496134546288,0.030257169254949923
trimethylamine-N-oxide,direct_neighbor_ridge,0.599850472678967,18,2140.9092424789033,2371.845051752321,1752,0.7745001437565825,1.1054321151623245,0.09736547043948007
tyrosine,direct_neighbor_ridge,0.2354812841889046,18,403.61267791881613,2106.623547159785,1752,0.48526413857702755,0.4799713877500252,0.8084077819869719
uracil,direct_neighbor_ridge,0.6571942509542256,18,1320.286409901207,2167.064261903017,1752,0.8106751821501788,0.8680945418013266,0.3907488425184993
urate,direct_neighbor_ridge,0.6981526078966285,18,1479.4682994580794,1881.969217352173,1752,0.8355552692052325,0.9189370905578974,0.21387221118334243
uridine,direct_neighbor_ridge,0.9369074972320524,18,2076.5938242594507,2063.8598310789216,1752,0.9679398210798295,1.0887012664806965,-0.006169989351395122
valine,direct_neighbor_ridge,0.8455309304430644,18,1538.0174520683502,1981.585884686991,1752,0.9195275582836353,0.9369438843947732,0.2238451717113974
xanthine,direct_neighbor_ridge,0.41501207457957623,18,1001.777165215538,2741.990508868753,1752,0.6442143079593748,0.7561683803328869,0.6346533067946922
xanthosine,direct_neighbor_ridge,0.8534225171568215,18,2050.9236006190267,2041.2690903384885,1752,0.9238087016026757,1.081951243589105,-0.004729660742052166
