target,model,rows,squared_error_sum,truth_energy_sum,row_weighted_rmse_sd,equal_lineage_weighted_rmse_sd,row_weighted_r2
AMP,all_metabolites_ridge,1752,307.0224328276879,2911.887917506125,0.4186181011705965,0.3729710073627322,0.8945624139645334
AMP,factorized_interaction_ridge,1752,397.2109838286039,2911.887917506125,0.4761497643343816,0.41113214601127596,0.8635898787722593
AMP,network_additive_ridge,1752,325.20287437107976,2911.887917506125,0.4308341664479812,0.3733491655570497,0.8883188901550859
AMP,network_metabolites_ridge,1752,284.4059695218301,2911.887917506125,0.4029046715844906,0.3577105298402566,0.9023293555318542
AMP,population_mean,1752,2911.887917506125,2911.887917506125,1.28919993895238,0.9591157097749454,0.0
AMP,random_factorized_ridge,1752,1428.7429509811084,2911.887917506125,0.903046262342,0.7819834206643603,0.5093413649640919
CMP,all_metabolites_ridge,1752,420.65451630825436,2708.6797986134443,0.4899996018008437,0.46456855252326473,0.8447012760520514
CMP,factorized_interaction_ridge,1752,574.5466125166135,2708.6797986134443,0.5726583311380455,0.5205147331591305,0.7878868470128066
CMP,network_additive_ridge,1752,521.921403144769,2708.6797986134443,0.5458024773310514,0.503544704619626,0.807315208164532
CMP,network_metabolites_ridge,1752,489.88892827472904,2708.6797986134443,0.5287882073130399,0.4929993201702131,0.8191410706701102
CMP,population_mean,1752,2708.6797986134443,2708.6797986134443,1.2434026352569139,0.9538924966277971,0.0
CMP,random_factorized_ridge,1752,1644.5180493174998,2708.6797986134443,0.9688404691347674,0.7841941266305551,0.3928710030032645
GMP,all_metabolites_ridge,1752,373.8587697745617,2212.3022786480947,0.4619412395266684,0.44614420070826033,0.8310091828847994
GMP,factorized_interaction_ridge,1752,467.7033981892964,2212.3022786480947,0.5166759084767582,0.4894928717251097,0.7885897407857378
GMP,network_additive_ridge,1752,428.1221423371135,2212.3022786480947,0.49432980224619616,0.47801346823224955,0.8064811728175172
GMP,network_metabolites_ridge,1752,419.86941109731066,2212.3022786480947,0.48954212316443846,0.4742164637042461,0.8102115542032138
GMP,population_mean,1752,2212.3022786480947,2212.3022786480947,1.1237124236656417,0.9362622537797243,0.0
GMP,random_factorized_ridge,1752,1539.064727694189,2212.3022786480947,0.9372628247002952,0.8069151914406614,0.3043153539421888
NAD,all_metabolites_ridge,1752,797.6610961775029,1877.5499967074636,0.674748852388757,0.5956947053333957,0.5751585323552987
NAD,factorized_interaction_ridge,1752,912.4408240893282,1877.5499967074636,0.7216644352665663,0.6248033627337262,0.5140258178533643
NAD,network_additive_ridge,1752,861.6703539089307,1877.5499967074636,0.7012994925554431,0.6178396726604855,0.5410666264973047
NAD,network_metabolites_ridge,1752,856.7049823367316,1877.5499967074636,0.6992759555885963,0.6257311503816482,0.5437112280157231
NAD,population_mean,1752,1877.5499967074636,1877.5499967074636,1.0352105858349827,0.9494495645265848,0.0
NAD,random_factorized_ridge,1752,1437.5425626245126,1877.5499967074636,0.9058229194027722,0.8123076220460368,0.23435191332031813
NADP,all_metabolites_ridge,1752,1301.3829160413075,1862.829251436805,0.8618575683139917,0.8312322775680091,0.3013944165641872
NADP,factorized_interaction_ridge,1752,1592.996532922727,1862.829251436805,0.9535431801534117,0.8868452877469701,0.14485102072879474
NADP,network_additive_ridge,1752,1374.283708377969,1862.829251436805,0.8856683969455813,0.8431446998931978,0.26225996971113663
NADP,network_metabolites_ridge,1752,1414.244069379282,1862.829251436805,0.8984525221608629,0.8428345392651108,0.24080853449747364
NADP,population_mean,1752,1862.829251436805,1862.829251436805,1.0311443667876936,0.9864000135234563,0.0
NADP,random_factorized_ridge,1752,1746.0840599481635,1862.829251436805,0.9983102332883407,0.9533889614318432,0.0626709030892636
UMP,all_metabolites_ridge,1752,268.70380378024254,2806.0713220043235,0.39162450257372833,0.36978411122779054,0.9042419906888495
UMP,factorized_interaction_ridge,1752,277.0789337383004,2806.0713220043235,0.3976808724777272,0.35845537965257557,0.9012573445423375
UMP,network_additive_ridge,1752,249.22595443474705,2806.0713220043235,0.37716343552558,0.3482350129417674,0.9111833143796467
UMP,network_metabolites_ridge,1752,256.9563904559852,2806.0713220043235,0.3829681532773307,0.35201315905769515,0.9084284178947932
UMP,population_mean,1752,2806.0713220043235,2806.0713220043235,1.265558723419249,0.9497780562504976,0.0
UMP,random_factorized_ridge,1752,1811.6667916407787,2806.0713220043235,1.0168856316827468,0.815578834522833,0.3543760711161328
acetylcholine,all_metabolites_ridge,1752,2017.2303845819717,1803.9206045687,1.0730271225889996,0.9853203739364536,-0.11824787602793196
acetylcholine,factorized_interaction_ridge,1752,1762.617804304259,1803.9206045687,1.003025618109838,0.9775188652664414,0.02289612977413502
acetylcholine,network_additive_ridge,1752,1749.5896775933636,1803.9206045687,0.9993118858503043,0.9736552187604025,0.03011824735397728
acetylcholine,network_metabolites_ridge,1752,1802.2241577719258,1803.9206045687,1.0142321019959561,0.973508993860866,0.000940422096447957
acetylcholine,population_mean,1752,1803.9206045687,1803.9206045687,1.0147093417672894,0.9756246801628999,0.0
acetylcholine,random_factorized_ridge,1752,1805.4756167442952,1803.9206045687,1.01514659645638,0.9678161604914515,-0.0008620180797629384
aconitate,all_metabolites_ridge,1752,393.79208253499866,1879.48790412342,0.4740961615502584,0.4630590767160582,0.7904790546025565
aconitate,factorized_interaction_ridge,1752,416.99511513401126,1879.48790412342,0.4878636187138966,0.4796825135815324,0.7781336532045973
aconitate,network_additive_ridge,1752,418.5197890706792,1879.48790412342,0.48875470140487126,0.47951956221117703,0.7773224354610178
aconitate,network_metabolites_ridge,1752,416.78181657184575,1879.48790412342,0.48773882838047417,0.4785744496607929,0.7782471407996479
aconitate,population_mean,1752,1879.48790412342,1879.48790412342,1.0357446927518363,1.0022253999670758,0.0
aconitate,random_factorized_ridge,1752,1698.438033162999,1879.48790412342,0.9845953997050938,0.9419284345978493,0.09632936214338739
adenine,all_metabolites_ridge,1752,1679.288246277449,1859.75679446609,0.979029038110871,1.0036369215186196,0.09703878954799094
adenine,factorized_interaction_ridge,1752,1656.701559420671,1859.75679446609,0.9724227027951075,0.9790126793445546,0.10918375760187149
adenine,network_additive_ridge,1752,1656.1872028246532,1859.75679446609,0.9722717369024815,0.9769728262432916,0.10946032956953322
adenine,network_metabolites_ridge,1752,1633.877995098261,1859.75679446609,0.9657011775520891,0.9725284327670286,0.12145609578626415
adenine,population_mean,1752,1859.75679446609,1859.75679446609,1.0302936570087315,1.0234530778216533,0.0
adenine,random_factorized_ridge,1752,1636.4927965960683,1859.75679446609,0.9664736059168035,0.971868842675868,0.12005010468807975
adenosine,all_metabolites_ridge,1752,1383.2603724874216,1805.5016137384846,0.8885562312410483,0.8799810432709473,0.23386367424882404
adenosine,factorized_interaction_ridge,1752,1490.275493845886,1805.5016137384846,0.9222873014144733,0.9483630443459022,0.1745919901117613
adenosine,network_additive_ridge,1752,1405.1811224376615,1805.5016137384846,0.8955691037860783,0.9347560990835252,0.22172258847884196
adenosine,network_metabolites_ridge,1752,1776.3600850901375,1805.5016137384846,1.0069280799324603,1.0335846334614762,0.01614040576125897
adenosine,population_mean,1752,1805.5016137384846,1805.5016137384846,1.0151539049641563,1.0788859574614587,0.0
adenosine,random_factorized_ridge,1752,1837.8870640929663,1805.5016137384846,1.0242178952042948,1.0322511910984495,-0.017937092998451698
alanine,all_metabolites_ridge,1752,733.5453652920427,1855.4078239646374,0.647062807610803,0.6042022617089456,0.6046446738999935
alanine,factorized_interaction_ridge,1752,1577.6843757279432,1855.4078239646374,0.9489493035281886,0.8673787412449926,0.14968323656372995
alanine,network_additive_ridge,1752,1579.0642595917259,1855.4078239646374,0.9493642007215753,0.8650017798709647,0.14893952736623706
alanine,network_metabolites_ridge,1752,1570.9767285106414,1855.4078239646374,0.9469298891171057,0.8697207551327616,0.15329842408782313
alanine,population_mean,1752,1855.4078239646374,1855.4078239646374,1.029088300668812,0.9746929910314224,0.0
alanine,random_factorized_ridge,1752,1917.9022816800452,1855.4078239646374,1.0462758160020285,0.9731589050981658,-0.03368232951711381
arginine,all_metabolites_ridge,1752,445.1221006571599,1879.2579426772304,0.5040487337012836,0.49101183703091267,0.7631394336303672
arginine,factorized_interaction_ridge,1752,944.7907856503451,1879.2579426772304,0.7343460676416121,0.6859994500938009,0.4972532699239912
arginine,network_additive_ridge,1752,927.9899981688754,1879.2579426772304,0.7277875077858126,0.6813855349043105,0.5061933877757934
arginine,network_metabolites_ridge,1752,892.7398268314693,1879.2579426772304,0.7138309993829509,0.682751494209356,0.5249508827087072
arginine,population_mean,1752,1879.2579426772304,1879.2579426772304,1.0356813274508634,0.9383988317779052,0.0
arginine,random_factorized_ridge,1752,1835.5137291805122,1879.2579426772304,1.023556375409701,0.9238159323895823,0.023277386516935117
asparagine,all_metabolites_ridge,1752,456.20090937880775,1861.1265921150375,0.5102829086944929,0.5358435514144355,0.7548791622710801
asparagine,factorized_interaction_ridge,1752,1536.8656240296937,1861.1265921150375,0.9365929779843764,0.9812737517492665,0.1742283246390265
asparagine,network_additive_ridge,1752,1526.043445117352,1861.1265921150375,0.9332895390239069,0.9782252861792122,0.18004317837234685
asparagine,network_metabolites_ridge,1752,1520.403148505029,1861.1265921150375,0.9315632110973435,0.9758950713886371,0.183073760298487
asparagine,population_mean,1752,1861.1265921150375,1861.1265921150375,1.030673016841699,1.1084332975519648,0.0
asparagine,random_factorized_ridge,1752,1931.044031174242,1861.1265921150375,1.0498543145219996,1.1254966028326663,-0.03756726670577981
aspartate,all_metabolites_ridge,1752,1077.7878059876823,1808.4529084800934,0.7843313638693367,0.767858583939892,0.40402771842507945
aspartate,factorized_interaction_ridge,1752,2772.6762977887797,1808.4529084800934,1.2580054831126695,0.9976461590619886,-0.533175834873723
aspartate,network_additive_ridge,1752,2592.972663757759,1808.4529084800934,1.2165554768165063,0.974077885930131,-0.43380712408873956
aspartate,network_metabolites_ridge,1752,1373.697916897324,1808.4529084800934,0.8854796177666698,0.8701324034266312,0.2404016104285278
aspartate,population_mean,1752,1808.4529084800934,1808.4529084800934,1.0159832576012662,1.043088642079789,0.0
aspartate,random_factorized_ridge,1752,2049.66135044497,1808.4529084800934,1.0816182464603195,1.0430349794897387,-0.13337833727039072
beta-alanine,all_metabolites_ridge,1752,614.2614459075946,1784.7414271723476,0.5921197920360146,0.5853415385308774,0.6558260840726946
beta-alanine,factorized_interaction_ridge,1752,2000.8865514110141,1784.7414271723476,1.0686713872423066,0.938427672793752,-0.1211072488977385
beta-alanine,network_additive_ridge,1752,1288.2124439045049,1784.7414271723476,0.8574853207419701,0.8635106040766353,0.27820779845656274
beta-alanine,network_metabolites_ridge,1752,1292.1358883714795,1784.7414271723476,0.8587901281630433,0.8757520430028712,0.27600947190502934
beta-alanine,population_mean,1752,1784.7414271723476,1784.7414271723476,1.0093007625123251,1.0299135721158426,0.0
beta-alanine,random_factorized_ridge,1752,2194.6191689076304,1784.7414271723476,1.119212451652312,1.0074248645238204,-0.2296566524959709
betaine,all_metabolites_ridge,1752,1203.0766662530375,1942.6803570573247,0.8286661540652461,0.7673833477611127,0.38071301236843824
betaine,factorized_interaction_ridge,1752,1483.2380025710006,1942.6803570573247,0.9201070771551192,0.7952668947731993,0.23649920215503928
betaine,network_additive_ridge,1752,1403.8234850948324,1942.6803570573247,0.8951363653081302,0.778274860724802,0.27737804111980924
betaine,network_metabolites_ridge,1752,1296.188503137115,1942.6803570573247,0.8601358151548231,0.7578525965532006,0.33278344096683166
betaine,population_mean,1752,1942.6803570573247,1942.6803570573247,1.0530127350788305,0.9424885526917717,0.0
betaine,random_factorized_ridge,1752,1851.8590756489684,1942.6803570573247,1.0281036860635002,0.9529069828229574,0.046750501737675365
cAMP,all_metabolites_ridge,1752,1749.499385227323,1832.6075526040906,0.9992860994045119,0.9192254818070658,0.04534968070969314
cAMP,factorized_interaction_ridge,1752,1760.2777887447696,1832.6075526040906,1.0023595987794398,0.9397117836257589,0.039468223164606187
cAMP,network_additive_ridge,1752,1730.4371599426606,1832.6075526040906,0.9938271695267978,0.9266262198749043,0.05575137596494584
cAMP,network_metabolites_ridge,1752,1727.9008408687405,1832.6075526040906,0.9930985712331653,0.9175576979246879,0.05713537062889673
cAMP,population_mean,1752,1832.6075526040906,1832.6075526040906,1.0227457538690294,0.9414019183231486,0.0
cAMP,random_factorized_ridge,1752,1976.2912671673341,1832.6075526040906,1.062082920332363,1.024310006742863,-0.07840397381265429
carnosine,all_metabolites_ridge,1752,498.4920992850983,2302.9798267101187,0.5334111490490714,0.507795155906888,0.7835447390795384
carnosine,factorized_interaction_ridge,1752,908.9041951154951,2302.9798267101187,0.720264488424287,0.6521003248113376,0.6053355810702458
carnosine,network_additive_ridge,1752,859.3309861584462,2302.9798267101187,0.7003468588443708,0.6358200746103375,0.6268612620085221
carnosine,network_metabolites_ridge,1752,875.9693213461205,2302.9798267101187,0.7070943991807661,0.6511186534809461,0.6196365633834183
carnosine,population_mean,1752,2302.9798267101187,2302.9798267101187,1.146510445857391,0.9487564443821772,0.0
carnosine,random_factorized_ridge,1752,1230.0304603913307,2302.9798267101187,0.8378974761799077,0.7695885003930839,0.4658961202675973
choline,all_metabolites_ridge,1752,1199.6976437433805,1802.4385925979345,0.8275016187762245,0.8704103919035631,0.33440304226164885
choline,factorized_interaction_ridge,1752,1609.051184024869,1802.4385925979345,0.9583361675632704,0.9787329989557204,0.10729209270554274
choline,network_additive_ridge,1752,1635.0226034117386,1802.4385925979345,0.9660393778583305,0.9868749446705198,0.09288304737466357
choline,network_metabolites_ridge,1752,1589.3217919840495,1802.4385925979345,0.9524427234975378,0.9816703225559996,0.11823803678477074
choline,population_mean,1752,1802.4385925979345,1802.4385925979345,1.014292438612365,1.0539001543251647,0.0
choline,random_factorized_ridge,1752,1809.273366897623,1802.4385925979345,1.0162136969700821,1.0518936650124786,-0.0037919595861721778
citrate,all_metabolites_ridge,1752,327.8995004234782,1942.7267838571051,0.43261674620864915,0.412026618192856,0.8312168735469514
citrate,factorized_interaction_ridge,1752,334.3508248628094,1942.7267838571051,0.4368518191652591,0.41528209251425857,0.8278961160977116
citrate,network_additive_ridge,1752,357.3360099395452,1942.7267838571051,0.45161810169970534,0.427502901677141,0.8160647122854365
citrate,network_metabolites_ridge,1752,347.787425006177,1942.7267838571051,0.4455432686364703,0.42561117754827477,0.8209797549011616
citrate,population_mean,1752,1942.7267838571051,1942.7267838571051,1.0530253176221083,0.9647102124905019,0.0
citrate,random_factorized_ridge,1752,1892.8266667500927,1942.7267838571051,1.0394135450105615,0.9501166354525474,0.02568560722055846
citrulline,all_metabolites_ridge,1752,675.4661188043241,1873.6950345980536,0.6209186920592638,0.5867457274370379,0.6395005023060086
citrulline,factorized_interaction_ridge,1752,1262.0728094792507,1873.6950345980536,0.8487409455335256,0.7915217668991016,0.3264257063316648
citrulline,network_additive_ridge,1752,1262.5480192928037,1873.6950345980536,0.8489007192264584,0.7912342360007633,0.3261720845817119
citrulline,network_metabolites_ridge,1752,1281.762824522429,1873.6950345980536,0.855336065933337,0.7991142478351875,0.3159170511452022
citrulline,population_mean,1752,1873.6950345980536,1873.6950345980536,1.0341472990759604,0.9368812595645463,0.0
citrulline,random_factorized_ridge,1752,1357.4967888196236,1873.6950345980536,0.8802425428583738,0.8388543388342243,0.27549747223894694
cytidine,all_metabolites_ridge,1752,1181.1237935002118,2086.3148747826313,0.8210708960749976,0.7804577374354239,0.43387078921954647
cytidine,factorized_interaction_ridge,1752,1224.486289364373,2086.3148747826313,0.8360069972248371,0.7090002974967359,0.4130865363781918
cytidine,network_additive_ridge,1752,1280.411481070031,2086.3148747826313,0.8548850629940746,0.7328906457229635,0.3862808071080669
cytidine,network_metabolites_ridge,1752,1400.916187048684,2086.3148747826313,0.8942089777026639,0.8557197652079098,0.3285212103016605
cytidine,population_mean,1752,2086.3148747826313,2086.3148747826313,1.0912465314748265,1.0172610049596078,0.0
cytidine,random_factorized_ridge,1752,2349.673447229497,2086.3148747826313,1.1580750460767226,1.0428143492838984,-0.12623145989615048
dimethylglycine,all_metabolites_ridge,1752,446.55767280477284,1999.385891705463,0.5048608882069202,0.47173629083853175,0.7766525838472021
dimethylglycine,factorized_interaction_ridge,1752,905.6467583169583,1999.385891705463,0.7189726460068049,0.6463689322123545,0.5470375368386502
dimethylglycine,network_additive_ridge,1752,891.3666709649206,1999.385891705463,0.7132818032980026,0.647560373990482,0.5541797735680776
dimethylglycine,network_metabolites_ridge,1752,871.3732853711807,1999.385891705463,0.7052369680808956,0.6393812491896307,0.56417953683373
dimethylglycine,population_mean,1752,1999.385891705463,1999.385891705463,1.0682705616942603,0.9348610653169384,0.0
dimethylglycine,random_factorized_ridge,1752,1104.7781964428416,1999.385891705463,0.7940914067997588,0.7487695299769732,0.44744123631858135
glucuronate,all_metabolites_ridge,1752,1743.2763854963466,2039.4869101673876,0.9975072771550927,0.8073369674394628,0.14523776700617796
glucuronate,factorized_interaction_ridge,1752,1868.223915700957,2039.4869101673876,1.0326363597256716,0.8616491076000341,0.08397356884843876
glucuronate,network_additive_ridge,1752,1874.687870983802,2039.4869101673876,1.0344212505652093,0.8597669219413429,0.08080416616650898
glucuronate,network_metabolites_ridge,1752,1998.4194298531716,2039.4869101673876,1.0680123405210422,0.8727937915009619,0.020136182345414255
glucuronate,population_mean,1752,2039.4869101673876,2039.4869101673876,1.0789303509264792,0.8854123280928039,0.0
glucuronate,random_factorized_ridge,1752,2276.824990310946,2039.4869101673876,1.1399814221607054,0.9125412175175426,-0.1163714652741159
glutamate,all_metabolites_ridge,1752,1294.8762636087413,1894.2950610636876,0.859700311357077,0.7865703273658122,0.31643370126212533
glutamate,factorized_interaction_ridge,1752,1329.1273288274124,1894.2950610636876,0.8709961653801758,0.7995373683935736,0.29835253432953646
glutamate,network_additive_ridge,1752,1195.9000860395954,1894.2950610636876,0.8261908818852163,0.7660061144339382,0.36868331094730744
glutamate,network_metabolites_ridge,1752,1608.9660732225655,1894.2950610636876,0.9583108216204165,0.8957213483179951,0.15062541929497708
glutamate,population_mean,1752,1894.2950610636876,1894.2950610636876,1.039816638720327,1.0149615909790155,0.0
glutamate,random_factorized_ridge,1752,2232.7574982071396,1894.2950610636876,1.1288954622683638,1.0476900688020923,-0.1786746131056256
glutamine,all_metabolites_ridge,1752,923.1440487516849,1792.237836743754,0.725884772967026,0.6976520429642666,0.48492101336901317
glutamine,factorized_interaction_ridge,1752,1685.8449159752743,1792.237836743754,0.980938453137777,0.9064265172164319,0.05936317077301578
glutamine,network_additive_ridge,1752,1728.5393467885951,1792.237836743754,0.9932820426261294,0.9150558468738773,0.03554131524803106
glutamine,network_metabolites_ridge,1752,1740.1013396135136,1792.237836743754,0.9965984784137807,0.9422800201306326,0.029090166528882855
glutamine,population_mean,1752,1792.237836743754,1792.237836743754,1.011418213101969,0.998413564435253,0.0
glutamine,random_factorized_ridge,1752,2351.505062612979,1792.237836743754,1.158526328969732,1.04864003107665,-0.3120496701963036
glycine,all_metabolites_ridge,1752,1043.2401069438806,1798.5103613130887,0.7716583972494526,0.8037509948051024,0.41994212022097377
glycine,factorized_interaction_ridge,1752,1137.2148373962088,1798.5103613130887,0.8056644629275391,0.8624904633292684,0.36769069455572634
glycine,network_additive_ridge,1752,1148.8342323934064,1798.5103613130887,0.8097699065749542,0.8881808917353552,0.36123012849664937
glycine,network_metabolites_ridge,1752,1186.1447796618056,1798.5103613130887,0.8228142415288364,0.889430742901039,0.3404848783880212
glycine,population_mean,1752,1798.5103613130887,1798.5103613130887,1.013186562229237,1.1141374135352267,0.0
glycine,random_factorized_ridge,1752,1646.1810268848933,1798.5103613130887,0.9693302031519079,1.0302952195382702,0.08469750172413804
guanosine,all_metabolites_ridge,1752,1165.943793192983,1809.5931012892795,0.8157775632146282,0.796083912343626,0.3556873131521755
guanosine,factorized_interaction_ridge,1752,1859.6498859229935,1809.5931012892795,1.0302640432503183,1.033558682725826,-0.027661900677036222
guanosine,network_additive_ridge,1752,1829.492460020544,1809.5931012892795,1.0218761452231429,1.0254434983875693,-0.010996592945169192
guanosine,network_metabolites_ridge,1752,1822.817514342613,1809.5931012892795,1.0200102723379836,1.0423099904331337,-0.007307948424378763
guanosine,population_mean,1752,1809.5931012892795,1809.5931012892795,1.0163034855339683,1.0492018367139784,0.0
guanosine,random_factorized_ridge,1752,1773.2796457254694,1809.5931012892795,1.006054628988889,1.025814624983311,0.020067193855866194
histidine,all_metabolites_ridge,1752,265.08960039954974,2152.2095461548183,0.3889818113268562,0.37816008832970793,0.8768290936757696
histidine,factorized_interaction_ridge,1752,985.3543694567767,2152.2095461548183,0.749944582981851,0.7136787090062614,0.5421661560709872
histidine,network_additive_ridge,1752,932.6357851266803,2152.2095461548183,0.7296069910394746,0.6960944798363988,0.5666612543407092
histidine,network_metabolites_ridge,1752,922.8398429650341,2152.2095461548183,0.7257651618709193,0.6893908096499445,0.5712128288744938
histidine,population_mean,1752,2152.2095461548183,2152.2095461548183,1.1083456619000907,0.9651502782739844,0.0
histidine,random_factorized_ridge,1752,808.6844311559227,2152.2095461548183,0.6793952249348971,0.6627554811175038,0.6242538592021698
homocysteine,all_metabolites_ridge,1752,1396.203150378796,1777.935694102108,0.8927035377887731,0.8692046484335721,0.21470548400013667
homocysteine,factorized_interaction_ridge,1752,1698.8433009359915,1777.935694102108,0.9847128608596827,0.956350790913485,0.04448551959921121
homocysteine,network_additive_ridge,1752,1684.0835769668363,1777.935694102108,0.9804258862147951,0.9483081877045375,0.052787126917247074
homocysteine,network_metabolites_ridge,1752,1695.6804993463022,1777.935694102108,0.9837957950172137,0.9564522927693714,0.046264437475814546
homocysteine,population_mean,1752,1777.935694102108,1777.935694102108,1.007374547211107,0.9987438548961379,0.0
homocysteine,random_factorized_ridge,1752,4094.905207098815,1777.935694102108,1.5288147898244842,1.152743241140747,-1.3031795923118699
hypoxanthine,all_metabolites_ridge,1752,1352.7323620949874,1836.748646916127,0.8786964849203018,0.8382632007970986,0.26351797543653865
hypoxanthine,factorized_interaction_ridge,1752,1359.6821507002462,1836.748646916127,0.88095078575898,0.8470824685430809,0.25973423038414545
hypoxanthine,network_additive_ridge,1752,1390.7937068133865,1836.748646916127,0.8909725160951175,0.8535549106449574,0.2427958451753821
hypoxanthine,network_metabolites_ridge,1752,1439.508363184724,1836.748646916127,0.906442051980482,0.8706792880105849,0.21627362263114414
hypoxanthine,population_mean,1752,1836.748646916127,1836.748646916127,1.0239006374463715,0.9999962238459924,0.0
hypoxanthine,random_factorized_ridge,1752,1691.8071953197111,1836.748646916127,0.9826715505824091,0.9659437824808397,0.07891196862443339
inosine,all_metabolites_ridge,1752,926.1459811598784,1814.5814818263473,0.7270640517624478,0.6512968814378423,0.48960904184488463
inosine,factorized_interaction_ridge,1752,1303.1255130145958,1814.5814818263473,0.862434403903119,0.8068556540784153,0.2818589156420682
inosine,network_additive_ridge,1752,1306.9699997117068,1814.5814818263473,0.8637056458990086,0.8082227862863346,0.2797402526139182
inosine,network_metabolites_ridge,1752,1348.4098089437157,1814.5814818263473,0.87729145778841,0.833909737315545,0.2569031358202979
inosine,population_mean,1752,1814.5814818263473,1814.5814818263473,1.0177033083730669,0.9787322359655708,0.0
inosine,random_factorized_ridge,1752,1850.2128883837377,1814.5814818263473,1.0276466244258842,0.987680873722462,-0.019636156829688334
inositol,all_metabolites_ridge,1752,1682.3355501163007,1787.089017131286,0.9799169281829154,0.9564417828697808,0.058616815396885014
inositol,factorized_interaction_ridge,1752,1784.200000632906,1787.089017131286,1.009147658073405,1.008302303312148,0.0016166046966241687
inositol,network_additive_ridge,1752,1784.905384906517,1787.089017131286,1.0093471218513306,1.0074146292960817,0.0012218933717551561
inositol,network_metabolites_ridge,1752,1763.4490436552996,1787.089017131286,1.003262100484717,1.0042002439877715,0.0132282014210654
inositol,population_mean,1752,1787.089017131286,1787.089017131286,1.00996434482345,1.0120138023456753,0.0
inositol,random_factorized_ridge,1752,1794.5415431759334,1787.089017131286,1.0120680326568907,1.0186965212429981,-0.004170204155028889
isocitrate,all_metabolites_ridge,1752,393.0870289887215,1862.9248355849923,0.4736715555883329,0.437689117920472,0.7889946918522426
isocitrate,factorized_interaction_ridge,1752,330.5063993515741,1862.9248355849923,0.4343330578131786,0.40732445498343883,0.8225873674351498
isocitrate,network_additive_ridge,1752,328.5172577921144,1862.9248355849923,0.43302407593338826,0.40406783767590454,0.8236551193494858
isocitrate,network_metabolites_ridge,1752,368.24897970395597,1862.9248355849923,0.458462401733913,0.4345234601332948,0.8023275160276023
isocitrate,population_mean,1752,1862.9248355849923,1862.9248355849923,1.0311708211155906,0.9673841331733899,0.0
isocitrate,random_factorized_ridge,1752,1858.6790438289913,1862.9248355849923,1.0299950801820348,0.9632499249457498,0.002279099872898316
isoleucine,all_metabolites_ridge,1752,152.75012609498938,1992.5658644648925,0.2952730008507155,0.343034663171641,0.9233399864872167
isoleucine,factorized_interaction_ridge,1752,2099.8867808227496,1992.5658644648925,1.0947901690133301,1.0062734133522653,-0.05386066190925054
isoleucine,network_additive_ridge,1752,2064.535158250398,1992.5658644648925,1.085535649991835,1.0025647926044141,-0.036118903304023675
isoleucine,network_metabolites_ridge,1752,2124.271355553727,1992.5658644648925,1.1011283532950231,1.0086876053782177,-0.06609843791748604
isoleucine,population_mean,1752,1992.5658644648925,1992.5658644648925,1.0664470373020745,0.992912546051462,0.0
isoleucine,random_factorized_ridge,1752,1827.9127089822598,1992.5658644648925,1.021434859300155,0.983105158096889,0.08263373292649001
kynurenine,all_metabolites_ridge,1752,1827.1146500906343,1769.1754674635542,1.0212118579058562,0.9979023357720441,-0.03274925731936973
kynurenine,factorized_interaction_ridge,1752,1791.5519653102447,1769.1754674635542,1.011224664783086,1.0174244195140472,-0.012647981083963034
kynurenine,network_additive_ridge,1752,1815.284049179392,1769.1754674635542,1.017900305843671,1.0188813728591508,-0.026062186913513585
kynurenine,network_metabolites_ridge,1752,1779.1428475758923,1769.1754674635542,1.007716474465221,1.0153194712709561,-0.005633912687376563
kynurenine,population_mean,1752,1769.1754674635542,1769.1754674635542,1.0048897198244582,1.0166759855734182,0.0
kynurenine,random_factorized_ridge,1752,1733.2148450016484,1769.1754674635542,0.9946244917390437,1.010438594182658,0.020326204564356853
leucine,all_metabolites_ridge,1752,69.21684375366269,2186.5402639745844,0.1987645111925789,0.21246189947289792,0.9683441256975329
leucine,factorized_interaction_ridge,1752,863.5993515656367,2186.5402639745844,0.7020840436288848,0.5534221410894757,0.6050384409588558
leucine,network_additive_ridge,1752,504.77473483750697,2186.5402639745844,0.5367619892712513,0.49160210084500044,0.7691445507982768
leucine,network_metabolites_ridge,1752,429.3717506585153,2186.5402639745844,0.49505070462282386,0.47812072784015647,0.8036296162788127
leucine,population_mean,1752,2186.5402639745844,2186.5402639745844,1.1171505112676967,0.9765137219671646,0.0
leucine,random_factorized_ridge,1752,199.83671846866875,2186.5402639745844,0.33773074174625123,0.32975341092016974,0.9086059736647998
lysine,all_metabolites_ridge,1752,134.98362265740036,2246.5395235307137,0.2775706157399599,0.2707548093105763,0.9399148685150854
lysine,factorized_interaction_ridge,1752,2258.0228765727047,2246.5395235307137,1.1352646575986762,0.9830325446951925,-0.005111574010477904
lysine,network_additive_ridge,1752,2278.2034665128417,2246.5395235307137,1.140326463937694,0.9872140420716935,-0.014094540803966993
lysine,network_metabolites_ridge,1752,2299.458104190361,2246.5395235307137,1.1456334871444027,0.9928921999445556,-0.023555597444588683
lysine,population_mean,1752,2246.5395235307137,2246.5395235307137,1.1323742391719982,0.9824673194792958,0.0
lysine,random_factorized_ridge,1752,2139.717962892051,2246.5395235307137,1.1051245210971323,0.9654024764284767,0.04754937962132055
malate,all_metabolites_ridge,1752,889.246982423725,1863.9788235401907,0.7124331989928883,0.6273915993561892,0.522930748357533
malate,factorized_interaction_ridge,1752,1274.9995197186204,1863.9788235401907,0.8530764630994045,0.7856618290608256,0.31597961113256756
malate,network_additive_ridge,1752,1266.523624704143,1863.9788235401907,0.85023620969355,0.7835991847729081,0.32052681677001116
malate,network_metabolites_ridge,1752,1311.3620236498198,1863.9788235401907,0.8651556540508757,0.7934345783634652,0.29647160842782794
malate,population_mean,1752,1863.9788235401907,1863.9788235401907,1.0314624828944727,0.9369173065581806,0.0
malate,random_factorized_ridge,1752,1876.7550709091333,1863.9788235401907,1.0349914165122682,0.9151947582790175,-0.006854287831809858
methionine,all_metabolites_ridge,1752,205.50540772288747,2119.1081668392562,0.3424873824650579,0.34682999072903886,0.9030226908948173
methionine,factorized_interaction_ridge,1752,1511.6065425532036,2119.1081668392562,0.9288644263087451,0.8586685361384793,0.28667796849283456
methionine,network_additive_ridge,1752,1279.8347369481876,2119.1081668392562,0.8546925055714574,0.7779589033939317,0.39605030220938753
methionine,network_metabolites_ridge,1752,1311.3149087978531,2119.1081668392562,0.8651401121768686,0.7874172476448782,0.3811949152393964
methionine,population_mean,1752,2119.1081668392562,2119.1081668392562,1.0997893547894757,0.9521446178838063,0.0
methionine,random_factorized_ridge,1752,735.4632220514031,2119.1081668392562,0.6479081293619232,0.61928249136879,0.6529373849054723
ornithine,all_metabolites_ridge,1752,603.721963528234,1795.485447799303,0.5870180251331162,0.5504464321449397,0.6637555797134385
ornithine,factorized_interaction_ridge,1752,971.0798428890356,1795.485447799303,0.7444926572623037,0.7571920680559053,0.45915471268270525
ornithine,network_additive_ridge,1752,888.1004149683407,1795.485447799303,0.7119737562214914,0.7243149032171362,0.505370307480425
ornithine,network_metabolites_ridge,1752,819.6158635018105,1795.485447799303,0.6839716907067485,0.6915407824061337,0.5435129454786725
ornithine,population_mean,1752,1795.485447799303,1795.485447799303,1.0123341647265796,0.9598399604308459,0.0
ornithine,random_factorized_ridge,1752,1619.773789611037,1795.485447799303,0.961524008399042,0.9195877811713113,0.09786303665319751
oxalate,all_metabolites_ridge,1752,562.6616068654586,2500.5489552580757,0.5667044072505344,0.49976808665518163,0.7749847665720315
oxalate,factorized_interaction_ridge,1752,2302.5189931376217,2500.5489552580757,1.1463957299288492,0.9109022015137858,0.079194595132418
oxalate,network_additive_ridge,1752,2272.2266346604533,2500.5489552580757,1.138829667092908,0.9089234239607336,0.09130887844347668
oxalate,network_metabolites_ridge,1752,2288.6102775265203,2500.5489552580757,1.1429279964113621,0.8996224593618249,0.0847568600030395
oxalate,population_mean,1752,2500.5489552580757,2500.5489552580757,1.1946773497041625,0.9565477220429691,0.0
oxalate,random_factorized_ridge,1752,2038.2803824320931,2500.5489552580757,1.0786111647703154,0.846534613617019,0.18486683568179652
phenylalanine,all_metabolites_ridge,1752,94.68367052371823,2110.8164558195376,0.23247191429976083,0.26556574833914176,0.9551435795079792
phenylalanine,factorized_interaction_ridge,1752,282.22108572972184,2110.8164558195376,0.40135407633982,0.37842429338031375,0.8662976665016818
phenylalanine,network_additive_ridge,1752,199.46307458807175,2110.8164558195376,0.33741485869080773,0.35666486308397255,0.9055043018836856
phenylalanine,network_metabolites_ridge,1752,180.7264143666715,2110.8164558195376,0.3211765030317416,0.3484858357068001,0.9143808009131219
phenylalanine,population_mean,1752,2110.8164558195376,2110.8164558195376,1.0976356012534423,1.0144666246659675,0.0
phenylalanine,random_factorized_ridge,1752,495.5538886571178,2110.8164558195376,0.5318368105623483,0.48299068267056544,0.7652311799584128
proline,all_metabolites_ridge,1752,750.8932716459994,1782.3339817497902,0.654669420414804,0.6578395194351472,0.5787022638098294
proline,factorized_interaction_ridge,1752,1393.6812943138784,1782.3339817497902,0.891896961996409,0.9317872828995192,0.2180582827997004
proline,network_additive_ridge,1752,1364.8903275509206,1782.3339817497902,0.8826363864079342,0.9225813717552893,0.2342118023183557
proline,network_metabolites_ridge,1752,1436.459997003934,1782.3339817497902,0.9054817825687546,0.9486729087853047,0.19405677515405817
proline,population_mean,1752,1782.3339817497902,1782.3339817497902,1.0086198077193669,1.0565686097641316,0.0
proline,random_factorized_ridge,1752,1730.004769058438,1782.3339817497902,0.9937029960907573,1.0674409532124283,0.029359936592792013
putrescine,all_metabolites_ridge,1752,1417.983351106433,1787.3389317911601,0.8996394987996444,0.8677559085824169,0.20665111362766653
putrescine,factorized_interaction_ridge,1752,1680.5796448978856,1787.3389317911601,0.9794054099980745,0.9769862028737001,0.05973085741845674
putrescine,network_additive_ridge,1752,1679.275450448555,1787.3389317911601,0.9790253081044394,0.977346508592042,0.06046054244133248
putrescine,network_metabolites_ridge,1752,1789.2205782561284,1787.3389317911601,1.0105664858347079,1.0024897420387997,-0.0010527642136024529
putrescine,population_mean,1752,1787.3389317911601,1787.3389317911601,1.010034961359492,0.9980347088398602,0.0
putrescine,random_factorized_ridge,1752,1787.2675717114648,1787.3389317911601,1.01001479817346,0.9974925516676607,3.9925320500788786e-05
sarcosine,all_metabolites_ridge,1752,1224.315666823709,1780.3808572575995,0.8359487496934183,0.795064733227711,0.3123293469299724
sarcosine,factorized_interaction_ridge,1752,1773.675716734654,1780.3808572575995,1.0061669764197134,1.0032100497967666,0.0037661270596188734
sarcosine,network_additive_ridge,1752,1688.83924027663,1780.3808572575995,0.9818092167307442,0.9739075674213868,0.05141687330989109
sarcosine,network_metabolites_ridge,1752,1642.634286592992,1780.3808572575995,0.968285416392677,0.9654694271374001,0.07736915958351998
sarcosine,population_mean,1752,1780.3808572575995,1780.3808572575995,1.0080670213032807,1.0183620683817485,0.0
sarcosine,random_factorized_ridge,1752,1800.6789640957124,1780.3808572575995,1.0137972168329736,1.0127234626587727,-0.011400991397637839
serine,all_metabolites_ridge,1752,879.8838797772626,1772.5481487738496,0.7086725805030734,0.7385000985717233,0.5036050894380966
serine,factorized_interaction_ridge,1752,1337.2541974333794,1772.5481487738496,0.87365493402173,0.8815704710270653,0.24557524806397069
serine,network_additive_ridge,1752,1349.9969186711398,1772.5481487738496,0.877807602186339,0.8827684149814211,0.23838631994002935
serine,network_metabolites_ridge,1752,1468.128012342134,1772.5481487738496,0.9154084387770975,0.8998745467883067,0.1717415330253773
serine,population_mean,1752,1772.5481487738496,1772.5481487738496,1.0058471034003447,1.0025141330018605,0.0
serine,random_factorized_ridge,1752,1670.0002965077579,1772.5481487738496,0.9763178356823926,0.981223101434093,0.057853352156909565
taurine,all_metabolites_ridge,1752,776.6877532585389,1806.5115143054647,0.6658189901609771,0.669415294910163,0.5700621074883401
taurine,factorized_interaction_ridge,1752,1552.6959712377177,1806.5115143054647,0.9414042663572288,0.9839544838503621,0.14050037381872404
taurine,network_additive_ridge,1752,1542.3731765220734,1806.5115143054647,0.9382696769049701,0.9729896059825137,0.14621458855463898
taurine,network_metabolites_ridge,1752,1535.1906417113225,1806.5115143054647,0.9360824569842049,0.9679215993439954,0.15019050277044865
taurine,population_mean,1752,1806.5115143054647,1806.5115143054647,1.0154377765418388,1.0321306733458113,0.0
taurine,random_factorized_ridge,1752,1750.475593007902,1806.5115143054647,0.9995648576680133,1.0178473531193708,0.031018856427885155
taurocholate,all_metabolites_ridge,1752,1574.6550168555998,1832.1850378354038,0.9480378128283086,0.8691567618395964,0.14055895865412016
taurocholate,factorized_interaction_ridge,1752,1818.4009212743715,1832.1850378354038,1.0187738067012382,0.9670539294603316,0.007523321212860257
taurocholate,network_additive_ridge,1752,1818.6422703360836,1832.1850378354038,1.0188414133388446,0.9673425058696759,0.007391593763542592
taurocholate,network_metabolites_ridge,1752,1813.5554600130092,1832.1850378354038,1.0174155468561479,0.9656365977264951,0.010167956531510702
taurocholate,population_mean,1752,1832.1850378354038,1832.1850378354038,1.0226278480754751,0.9640029377526903,0.0
taurocholate,random_factorized_ridge,1752,1754.1476936689396,1832.1850378354038,1.0006127385511163,0.9501762546459447,0.042592501605983935
thymidine,all_metabolites_ridge,1752,1712.4532338854006,1809.7331409350904,0.9886494044461658,0.950943561709917,0.05375373023197516
thymidine,factorized_interaction_ridge,1752,1457.2555274926708,1809.7331409350904,0.912012529295353,0.854904922393935,0.19476772871623171
thymidine,network_additive_ridge,1752,1460.8175324411898,1809.7331409350904,0.9131264761461225,0.8497106244651783,0.1927994799905226
thymidine,network_metabolites_ridge,1752,1609.0886311684933,1809.7331409350904,0.9583473190864998,0.927296180907828,0.11086966648736063
thymidine,population_mean,1752,1809.7331409350904,1809.7331409350904,1.0163428092987028,0.99764257586915,0.0
thymidine,random_factorized_ridge,1752,1827.9304028264542,1809.7331409350904,1.0214398029348895,1.0020972500960574,-0.010055218352226891
thymine,all_metabolites_ridge,1752,1354.873218490824,1765.8659403717634,0.879391529757319,0.8810303561524911,0.2327428784284803
thymine,factorized_interaction_ridge,1752,1602.6027233940813,1765.8659403717634,0.9564139176350043,0.9594117102781149,0.092455046130688
thymine,network_additive_ridge,1752,1578.7676229671147,1765.8659403717634,0.9492750246739953,0.9555962365240774,0.10595273011792694
thymine,network_metabolites_ridge,1752,1553.584284403087,1765.8659403717634,0.941673521332111,0.9823661385951795,0.12021391381725466
thymine,population_mean,1752,1765.8659403717634,1765.8659403717634,1.003949375978322,1.057768566131646,0.0
thymine,random_factorized_ridge,1752,1789.7884268207647,1765.8659403717634,1.0107268358809134,1.046216951215039,-0.013547170202492742
thyroxine,all_metabolites_ridge,1752,774.0652418348369,2033.9904394244193,0.6646939599605309,0.6279419722020629,0.6194351621171421
thyroxine,factorized_interaction_ridge,1752,2133.4374073990925,2033.9904394244193,1.103501434154995,1.0152246769454036,-0.04889254445208446
thyroxine,network_additive_ridge,1752,2084.721902996732,2033.9904394244193,1.0908298501528255,0.997012288178591,-0.024941839739752503
thyroxine,network_metabolites_ridge,1752,2045.0349186121637,2033.9904394244193,1.0803968593239615,0.9721338379542168,-0.005429956293634186
thyroxine,population_mean,1752,2033.9904394244193,2033.9904394244193,1.077475497243467,0.9700744393735947,0.0
thyroxine,random_factorized_ridge,1752,1895.621078693572,2033.9904394244193,1.0401805139193037,0.9581996182462478,0.06802852070927301
trimethylamine-N-oxide,all_metabolites_ridge,1752,1247.3980374463376,2371.845051752321,0.8437921433569004,0.62245006443655,0.47408114348584496
trimethylamine-N-oxide,factorized_interaction_ridge,1752,2227.7760160438893,2371.845051752321,1.127635425566742,0.8193859282895232,0.060741335359151494
trimethylamine-N-oxide,network_additive_ridge,1752,2187.4017277212856,2371.845051752321,1.1173705597864327,0.8091141803939027,0.07776364813324066
trimethylamine-N-oxide,network_metabolites_ridge,1752,2145.9054332174715,2371.845051752321,1.1067212242813511,0.7906719547439102,0.09525901296458017
trimethylamine-N-oxide,population_mean,1752,2371.845051752321,2371.845051752321,1.1635260365622138,0.8380911108830797,0.0
trimethylamine-N-oxide,random_factorized_ridge,1752,2024.2796831484538,2371.845051752321,1.0749003572670215,0.7737898043491008,0.146537974032952
tyrosine,all_metabolites_ridge,1752,100.9152441198371,2106.623547159785,0.2400000524636514,0.24051746968042628,0.9520962137464503
tyrosine,factorized_interaction_ridge,1752,198.07552355597946,2106.623547159785,0.33623920902035903,0.3524381092087129,0.905974883921225
tyrosine,network_additive_ridge,1752,195.54519261236578,2106.623547159785,0.3340846492446778,0.35022814819570836,0.907176014966696
tyrosine,network_metabolites_ridge,1752,196.1374121176074,2106.623547159785,0.3345901637715883,0.35057264673973293,0.9068948923588906
tyrosine,population_mean,1752,2106.623547159785,2106.623547159785,1.0965448921196375,0.9892237161407431,0.0
tyrosine,random_factorized_ridge,1752,1547.9795072036366,2106.623547159785,0.9399733757048861,0.8732697513443793,0.265184560720082
uracil,all_metabolites_ridge,1752,917.5842323242205,2167.064261903017,0.7236955799384851,0.6702880349554845,0.5765772854754017
uracil,factorized_interaction_ridge,1752,1105.1027406441383,2167.064261903017,0.7942080360190571,0.7495122049675836,0.4900461605722354
uracil,network_additive_ridge,1752,1135.1735575698433,2167.064261903017,0.8049410616735708,0.7594949415223745,0.4761698683669926
uracil,network_metabolites_ridge,1752,1493.125618971293,2167.064261903017,0.9231688091014395,0.8504439581745336,0.3109915357747175
uracil,population_mean,1752,2167.064261903017,2167.064261903017,1.1121640280494196,0.9509688468243518,0.0
uracil,random_factorized_ridge,1752,1530.0310790288886,2167.064261903017,0.9345081114707441,0.8462473222850214,0.29396137164604186
urate,all_metabolites_ridge,1752,986.4462089001843,1881.969217352173,0.7503599626666955,0.6757984300114253,0.4758436005196409
urate,factorized_interaction_ridge,1752,1233.06309447304,1881.969217352173,0.838929756365066,0.7664925608217266,0.3448016667308236
urate,network_additive_ridge,1752,1173.6539897961895,1881.969217352173,0.8184704208414288,0.7577289998566067,0.37636918873335456
urate,network_metabolites_ridge,1752,1153.1261129539212,1881.969217352173,0.8112810888407824,0.7584929279944626,0.38727684686771546
urate,population_mean,1752,1881.969217352173,1881.969217352173,1.0364281659804222,0.9439444983455444,0.0
urate,random_factorized_ridge,1752,1723.064792280148,1881.969217352173,0.9917078554088076,0.9132599593558052,0.0844351882097173
uridine,all_metabolites_ridge,1752,1330.1839666076537,2063.8598310789216,0.8713423115302137,0.7914855599352885,0.35548725423263117
uridine,factorized_interaction_ridge,1752,1046.0294861953485,2063.8598310789216,0.7726893253374837,0.6614090215543147,0.4931683487204086
uridine,network_additive_ridge,1752,1074.6071537521595,2063.8598310789216,0.7831731913028136,0.6928628279849817,0.47932163920725734
uridine,network_metabolites_ridge,1752,1339.9284707303877,2063.8598310789216,0.8745280758441772,0.8051975664643254,0.3507657591116956
uridine,population_mean,1752,2063.8598310789216,2063.8598310789216,1.0853580914559406,0.9660530747423228,0.0
uridine,random_factorized_ridge,1752,1784.8582064050051,2063.8598310789216,1.0093337822648767,0.960738751892471,0.13518438630014085
valine,all_metabolites_ridge,1752,85.11288281833737,1981.585884686991,0.2204096471744015,0.2316042500620439,0.9570480979522209
valine,factorized_interaction_ridge,1752,2096.582751654115,1981.585884686991,1.0939285409799917,1.0179836442221435,-0.058032744306355744
valine,network_additive_ridge,1752,2078.3281885941356,1981.585884686991,1.0891558114510786,1.016174389113986,-0.04882064646036066
valine,network_metabolites_ridge,1752,2078.6441428518497,1981.585884686991,1.0892385968215827,1.0210891276974259,-0.048980091609902576
valine,population_mean,1752,1981.585884686991,1981.585884686991,1.063504664599547,1.012377450082975,0.0
valine,random_factorized_ridge,1752,1981.877834261645,1981.585884686991,1.063583005463171,1.010032042232013,-0.00014733127486921127
xanthine,all_metabolites_ridge,1752,792.6843106546125,2741.9905088687533,0.6726406044788916,0.5361180947316098,0.7109091705129039
xanthine,factorized_interaction_ridge,1752,1170.7626233798949,2741.9905088687533,0.8174616238670619,0.6550539275038055,0.573024552932202
xanthine,network_additive_ridge,1752,1232.1658565312446,2741.9905088687533,0.8386244773448077,0.6626483776337642,0.5506308820012685
xanthine,network_metabolites_ridge,1752,1231.177238091104,2741.9905088687533,0.838287978006523,0.6636418466100602,0.5509914297263401
xanthine,population_mean,1752,2741.9905088687533,2741.9905088687533,1.2510248102409198,0.9786311131451408,0.0
xanthine,random_factorized_ridge,1752,1195.4747591203188,2741.9905088687533,0.8260439496805451,0.6647297445043081,0.5640120725240845
xanthosine,all_metabolites_ridge,1752,888.7129597386173,2041.2690903384882,0.7122192468324424,0.6030008521697512,0.564627239032337
xanthosine,factorized_interaction_ridge,1752,1083.5978215760729,2041.2690903384882,0.7864425645222154,0.6816794204503376,0.46915483769149313
xanthosine,network_additive_ridge,1752,1064.6352278732118,2041.2690903384882,0.7795309545233289,0.6737172564317072,0.478444447666294
xanthosine,network_metabolites_ridge,1752,1094.6109913100233,2041.2690903384882,0.7904289740871708,0.6835613601693291,0.46375958148246277
xanthosine,population_mean,1752,2041.2690903384882,2041.2690903384882,1.0794016528963595,0.9193321253440264,0.0
xanthosine,random_factorized_ridge,1752,2089.53057897015,2041.2690903384882,1.092087194344598,0.9351229149324526,-0.02364288415480731
