feature,removed_descriptor
DG 26:1; [M+NH4]+@5.51,chain_unsaturation:1
DG 30:0; [M+NH4]+@7.35,chain_unsaturation:0
DG 32:0; [M+NH4]+@7.86,chain_carbon:32
DG 32:0; [M+NH4]+@7.86,chain_unsaturation:0
DG 32:1; [M+NH4]+@7.43,chain_carbon:32
DG 32:1; [M+NH4]+@7.43,chain_unsaturation:1
DG 32:2; [M+NH4]+@6.99,chain_carbon:32
DG 32:2; [M+NH4]+@6.99,chain_unsaturation:2
DG 33:1; [M+NH4]+@7.70,chain_carbon:33
DG 33:1; [M+NH4]+@7.70,chain_unsaturation:1
DG 34:0; [M+NH4]+@8.36,chain_carbon:34
DG 34:0; [M+NH4]+@8.36,chain_unsaturation:0
DG 34:2; [M+NH4]+@7.52,chain_carbon:34
DG 34:2; [M+NH4]+@7.52,chain_unsaturation:2
DG 34:3; [M+NH4]+@7.16,chain_carbon:34
DG 34:3; [M+NH4]+@7.16,chain_unsaturation:3
DG 34:4; [M+NH4]+@6.83,chain_carbon:34
DG 34:4; [M+NH4]+@6.83,chain_unsaturation:4
DG 35:1; [M+NH4]+@8.16,chain_carbon:35
DG 35:1; [M+NH4]+@8.16,chain_unsaturation:1
DG 35:2; [M+NH4]+@7.81,chain_carbon:35
DG 35:2; [M+NH4]+@7.81,chain_unsaturation:2
DG 36:0; [M+NH4]+@8.68,chain_carbon:36
DG 36:0; [M+NH4]+@8.68,chain_unsaturation:0
DG 36:1; [M+NH4]+@8.41,chain_carbon:36
DG 36:1; [M+NH4]+@8.41,chain_unsaturation:1
DG 36:2; [M+NH4]+@8.00,chain_carbon:36
DG 36:2; [M+NH4]+@8.00,chain_unsaturation:2
DG 36:3; [M+NH4]+@7.67,chain_carbon:36
DG 36:3; [M+NH4]+@7.67,chain_unsaturation:3
DG 36:4; [M+NH4]+@7.34,chain_carbon:36
DG 36:4; [M+NH4]+@7.34,chain_unsaturation:4
DG 36:5; [M+NH4]+@6.97,chain_carbon:36
DG 36:5; [M+NH4]+@6.97,chain_unsaturation:5
DG 38:1; [M+NH4]+@8.64,chain_carbon:38
DG 38:1; [M+NH4]+@8.64,chain_unsaturation:1
DG 38:2; [M+NH4]+@8.47,chain_carbon:38
DG 38:2; [M+NH4]+@8.47,chain_unsaturation:2
DG 38:3; [M+NH4]+@8.17,chain_carbon:38
DG 38:3; [M+NH4]+@8.17,chain_unsaturation:3
DG 38:4; [M+NH4]+@8.01,chain_carbon:38
DG 38:4; [M+NH4]+@8.01,chain_unsaturation:4
DG 38:5; [M+NH4]+@7.55,chain_carbon:38
DG 38:5; [M+NH4]+@7.55,chain_unsaturation:5
DG 38:6; [M+NH4]+@7.24,chain_carbon:38
DG 38:6; [M+NH4]+@7.24,chain_unsaturation:6
DG 38:7; [M+NH4]+@6.87,chain_carbon:38
DG 38:7; [M+NH4]+@6.87,chain_unsaturation:7
DG 40:3; [M+NH4]+@8.57,chain_carbon:40
DG 40:3; [M+NH4]+@8.57,chain_unsaturation:3
DG 40:6; [M+NH4]+@7.74,chain_carbon:40
DG 40:6; [M+NH4]+@7.74,chain_unsaturation:6
DG 40:7; [M+NH4]+@7.46,chain_carbon:40
DG 40:7; [M+NH4]+@7.46,chain_unsaturation:7
PC 19:1; [M+H]+@1.76,chain_unsaturation:1
PC 21:4; [M+Na]+@1.26,chain_unsaturation:4
PC 26:0; [M+H]+@4.42,chain_unsaturation:0
PC 28:0; [M+H]+@5.17,chain_unsaturation:0
PC 29:0; [M+H]+@5.50,chain_unsaturation:0
PC 30:0; [M+H]+@5.78,chain_unsaturation:0
PC 30:3; [M+H]+@5.13,chain_unsaturation:3
PC 31:1; [M+Na]+@5.66,chain_unsaturation:1
PC 32:0; [M+H]+@6.45,chain_carbon:32
PC 32:0; [M+H]+@6.45,chain_unsaturation:0
PC 32:1; [M+H]+@5.93,chain_carbon:32
PC 32:1; [M+H]+@5.93,chain_unsaturation:1
PC 32:2; [M+H]+@6.54,chain_carbon:32
PC 32:2; [M+H]+@6.54,chain_unsaturation:2
PC 32:3; [M+H]+@5.11,chain_carbon:32
PC 32:3; [M+H]+@5.11,chain_unsaturation:3
PC 32:4; [M+H]+@5.35,chain_carbon:32
PC 32:4; [M+H]+@5.35,chain_unsaturation:4
PC 33:3; [M+H]+@5.47,chain_carbon:33
PC 33:3; [M+H]+@5.47,chain_unsaturation:3
PC 34:1; [M+H]+@6.54,chain_carbon:34
PC 34:1; [M+H]+@6.54,chain_unsaturation:1
PC 34:2; [M+H]+@6.12,chain_carbon:34
PC 34:2; [M+H]+@6.12,chain_unsaturation:2
PC 34:3; [M+H]+@5.61,chain_carbon:34
PC 34:3; [M+H]+@5.61,chain_unsaturation:3
PC 35:2; [M+H]+@6.48,chain_carbon:35
PC 35:2; [M+H]+@6.48,chain_unsaturation:2
PC 35:3; [M+H]+@6.31,chain_carbon:35
PC 35:3; [M+H]+@6.31,chain_unsaturation:3
PC 35:4; [M+H]+@5.58,chain_carbon:35
PC 35:4; [M+H]+@5.58,chain_unsaturation:4
PC 35:5; [M+H]+@5.43,chain_carbon:35
PC 35:5; [M+H]+@5.43,chain_unsaturation:5
PC 36:0; [M+H]+@7.63,chain_carbon:36
PC 36:0; [M+H]+@7.63,chain_unsaturation:0
PC 36:1; [M+H]+@7.16,chain_carbon:36
PC 36:1; [M+H]+@7.16,chain_unsaturation:1
PC 36:3; [M+H]+@6.29,chain_carbon:36
PC 36:3; [M+H]+@6.29,chain_unsaturation:3
PC 36:4; [M+H]+@6.00,chain_carbon:36
PC 36:4; [M+H]+@6.00,chain_unsaturation:4
PC 36:5; [M+H]+@5.71,chain_carbon:36
PC 36:5; [M+H]+@5.71,chain_unsaturation:5
PC 36:6; [M+H]+@5.43,chain_carbon:36
PC 36:6; [M+H]+@5.43,chain_unsaturation:6
PC 36:7; [M+H]+@5.28,chain_carbon:36
PC 36:7; [M+H]+@5.28,chain_unsaturation:7
PC 37:6; [M+H]+@5.63,chain_unsaturation:6
PC 38:2; [M+H]+@7.32,chain_carbon:38
PC 38:2; [M+H]+@7.32,chain_unsaturation:2
PC 38:3; [M+H]+@6.95,chain_carbon:38
PC 38:3; [M+H]+@6.95,chain_unsaturation:3
PC 38:4; [M+H]+@6.73,chain_carbon:38
PC 38:4; [M+H]+@6.73,chain_unsaturation:4
PC 38:5; [M+H]+@6.23,chain_carbon:38
PC 38:5; [M+H]+@6.23,chain_unsaturation:5
PC 38:6; [M+H]+@6.03,chain_carbon:38
PC 38:6; [M+H]+@6.03,chain_unsaturation:6
PC 38:7; [M+H]+@5.50,chain_carbon:38
PC 38:7; [M+H]+@5.50,chain_unsaturation:7
PC 38:8; [M+H]+@5.31,chain_carbon:38
PC 38:9; [M+H]+@5.39,chain_carbon:38
PC 39:7; [M+H]+@6.12,chain_unsaturation:7
PC 40:10; [M+H]+@5.44,chain_carbon:40
PC 40:2; [M+H]+@7.83,chain_carbon:40
PC 40:2; [M+H]+@7.83,chain_unsaturation:2
PC 40:3; [M+H]+@7.59,chain_carbon:40
PC 40:3; [M+H]+@7.59,chain_unsaturation:3
PC 40:4; [M+H]+@7.58,chain_carbon:40
PC 40:4; [M+H]+@7.58,chain_unsaturation:4
PC 40:6; [M+H]+@6.66,chain_carbon:40
PC 40:6; [M+H]+@6.66,chain_unsaturation:6
PC 40:7; [M+H]+@6.79,chain_carbon:40
PC 40:7; [M+H]+@6.79,chain_unsaturation:7
PC 40:8; [M+H]+@6.30,chain_carbon:40
PC 40:9; [M+H]+@5.98,chain_carbon:40
PC 41:5; [M+H]+@7.05,chain_unsaturation:5
PC 41:6; [M+H]+@7.01,chain_unsaturation:6
PC 42:4; [M+H]+@7.89,chain_carbon:42
PC 42:4; [M+H]+@7.89,chain_unsaturation:4
PC 42:5; [M+H]+@7.62,chain_carbon:42
PC 42:5; [M+H]+@7.62,chain_unsaturation:5
PC 42:7; [M+H]+@6.76,chain_carbon:42
PC 42:7; [M+H]+@6.76,chain_unsaturation:7
PC 42:8; [M+H]+@6.31,chain_carbon:42
PC 42:9; [M+H]+@5.72,chain_carbon:42
PC 44:5; [M+H]+@7.89,chain_unsaturation:5
SM 21:0; [M]+@1.61,chain_unsaturation:0
SM 30:1; [M]+@4.30,chain_unsaturation:1
SM 31:1; [M]+@4.71,chain_unsaturation:1
SM 32:0; [M]+@5.36,chain_carbon:32
SM 32:0; [M]+@5.36,chain_unsaturation:0
SM 32:1; [M]+@5.08,chain_carbon:32
SM 32:1; [M]+@5.08,chain_unsaturation:1
SM 32:2; [M]+@4.57,chain_carbon:32
SM 32:2; [M]+@4.57,chain_unsaturation:2
SM 33:0; [M]+@5.70,chain_carbon:33
SM 33:0; [M]+@5.70,chain_unsaturation:0
SM 33:1; [M]+@5.26,chain_carbon:33
SM 33:1; [M]+@5.26,chain_unsaturation:1
SM 33:2; [M]+@4.88,chain_carbon:33
SM 33:2; [M]+@4.88,chain_unsaturation:2
SM 34:1; [M]+@5.76,chain_carbon:34
SM 34:1; [M]+@5.76,chain_unsaturation:1
SM 34:2; [M]+@5.17,chain_carbon:34
SM 34:2; [M]+@5.17,chain_unsaturation:2
SM 35:0; [M]+@6.38,chain_carbon:35
SM 35:0; [M]+@6.38,chain_unsaturation:0
SM 35:2; [M]+@5.45,chain_carbon:35
SM 35:2; [M]+@5.45,chain_unsaturation:2
SM 36:1; [M]+@6.41,chain_carbon:36
SM 36:1; [M]+@6.41,chain_unsaturation:1
SM 36:2; [M]+@5.91,chain_carbon:36
SM 36:2; [M]+@5.91,chain_unsaturation:2
SM 37:1; [M]+@6.80,chain_unsaturation:1
SM 37:2; [M]+@6.31,chain_unsaturation:2
SM 38:1; [M]+@6.99,chain_carbon:38
SM 38:1; [M]+@6.99,chain_unsaturation:1
SM 39:0; [M]+@7.60,chain_unsaturation:0
SM 39:1; [M]+@7.33,chain_unsaturation:1
SM 39:2; [M]+@6.91,chain_unsaturation:2
SM 40:0; [M]+@7.85,chain_carbon:40
SM 40:0; [M]+@7.85,chain_unsaturation:0
SM 40:1; [M]+@7.59,chain_carbon:40
SM 40:1; [M]+@7.59,chain_unsaturation:1
SM 40:2; [M]+@7.14,chain_carbon:40
SM 40:2; [M]+@7.14,chain_unsaturation:2
SM 40:4; [M]+@6.24,chain_carbon:40
SM 40:4; [M]+@6.24,chain_unsaturation:4
SM 41:1; [M]+@7.60,chain_unsaturation:1
SM 41:2; [M+Na]+@7.45,chain_unsaturation:2
SM 42:1; [M]+@8.10,chain_carbon:42
SM 42:1; [M]+@8.10,chain_unsaturation:1
SM 42:2; [M]+@7.61,chain_carbon:42
SM 42:2; [M]+@7.61,chain_unsaturation:2
SM 42:4; [M]+@6.83,chain_carbon:42
SM 42:4; [M]+@6.83,chain_unsaturation:4
SM 42:5; [M]+@6.45,chain_carbon:42
SM 42:5; [M]+@6.45,chain_unsaturation:5
SM 43:1; [M+Na]+@8.32,chain_unsaturation:1
SM 43:2; [M]+@8.08,chain_unsaturation:2
SM 44:1; [M]+@8.61,chain_unsaturation:1
