mask,fold,inner_fold,model,alpha,group_mse,validation_groups,training_targets
0,0,0,structural_median,0.1,0.39376756519357603,4,53
0,0,0,structural_median,1.0,0.38017932285498535,4,53
0,0,0,structural_median,10.0,0.33734858468070633,4,53
0,0,0,structural_median,100.0,0.3273337099069702,4,53
0,0,0,descriptor_local_svd,0.1,0.3125405605418273,4,53
0,0,0,descriptor_local_svd,1.0,0.2978944136191518,4,53
0,0,0,descriptor_local_svd,10.0,0.28329898738753206,4,53
0,0,0,descriptor_local_svd,100.0,0.3099744082472086,4,53
0,0,0,degree_preserving_null,0.1,0.4789597085611872,4,53
0,0,0,degree_preserving_null,1.0,0.4676825534532014,4,53
0,0,0,degree_preserving_null,10.0,0.4152736588876577,4,53
0,0,0,degree_preserving_null,100.0,0.3848655641195466,4,53
0,0,0,family_median,0.1,0.5317158578819707,4,53
0,0,0,family_median,1.0,0.5315331908835225,4,53
0,0,0,family_median,10.0,0.5312812622847309,4,53
0,0,0,family_median,100.0,0.5596443190517275,4,53
0,0,0,all_visible_ridge,0.1,0.7823031279067091,4,53
0,0,0,all_visible_ridge,1.0,0.4436980541877375,4,53
0,0,0,all_visible_ridge,10.0,0.274579071197976,4,53
0,0,0,all_visible_ridge,100.0,0.2396067546495365,4,53
0,0,0,pca_matched_dimension,0.1,0.25914381501773576,4,53
0,0,0,pca_matched_dimension,1.0,0.25870226507876454,4,53
0,0,0,pca_matched_dimension,10.0,0.25554961930559517,4,53
0,0,0,pca_matched_dimension,100.0,0.28969703364236044,4,53
0,0,1,structural_median,0.1,6.413371022569296,4,53
0,0,1,structural_median,1.0,6.001542171221648,4,53
0,0,1,structural_median,10.0,4.157725310502954,4,53
0,0,1,structural_median,100.0,1.8343327396366984,4,53
0,0,1,descriptor_local_svd,0.1,3.13509656887204,4,53
0,0,1,descriptor_local_svd,1.0,3.084282019786687,4,53
0,0,1,descriptor_local_svd,10.0,2.8395809116520225,4,53
0,0,1,descriptor_local_svd,100.0,1.813961927393952,4,53
0,0,1,degree_preserving_null,0.1,0.8253109643643155,4,53
0,0,1,degree_preserving_null,1.0,0.8127979540950705,4,53
0,0,1,degree_preserving_null,10.0,0.7543289623002762,4,53
0,0,1,degree_preserving_null,100.0,0.7213733892843602,4,53
0,0,1,family_median,0.1,0.9053121908896036,4,53
0,0,1,family_median,1.0,0.904732028150289,4,53
0,0,1,family_median,10.0,0.9010636211970631,4,53
0,0,1,family_median,100.0,0.9211648837545958,4,53
0,0,1,all_visible_ridge,0.1,7.118889305299094,4,53
0,0,1,all_visible_ridge,1.0,4.637673951949634,4,53
0,0,1,all_visible_ridge,10.0,2.9077126849263797,4,53
0,0,1,all_visible_ridge,100.0,1.8197108652613336,4,53
0,0,1,pca_matched_dimension,0.1,2.556016387000003,4,53
0,0,1,pca_matched_dimension,1.0,2.5394247753914447,4,53
0,0,1,pca_matched_dimension,10.0,2.384711237231943,4,53
0,0,1,pca_matched_dimension,100.0,1.5285962368515487,4,53
0,0,2,structural_median,0.1,0.6628875105809895,4,53
0,0,2,structural_median,1.0,0.6364196218444375,4,53
0,0,2,structural_median,10.0,0.5601666428163381,4,53
0,0,2,structural_median,100.0,0.5684560010447686,4,53
0,0,2,descriptor_local_svd,0.1,0.5351460989128596,4,53
0,0,2,descriptor_local_svd,1.0,0.5084401885089398,4,53
0,0,2,descriptor_local_svd,10.0,0.478256039738446,4,53
0,0,2,descriptor_local_svd,100.0,0.5052375219418381,4,53
0,0,2,degree_preserving_null,0.1,0.8680130193483715,4,53
0,0,2,degree_preserving_null,1.0,0.8473668278309027,4,53
0,0,2,degree_preserving_null,10.0,0.7619481436642808,4,53
0,0,2,degree_preserving_null,100.0,0.711733764055201,4,53
0,0,2,family_median,0.1,1.2874840958865272,4,53
0,0,2,family_median,1.0,1.2876519671303772,4,53
0,0,2,family_median,10.0,1.2904678533267844,4,53
0,0,2,family_median,100.0,1.3479676674145908,4,53
0,0,2,all_visible_ridge,0.1,1.725832712742292,4,53
0,0,2,all_visible_ridge,1.0,0.8091697307060643,4,53
0,0,2,all_visible_ridge,10.0,0.4511770390197347,4,53
0,0,2,all_visible_ridge,100.0,0.39404235168942564,4,53
0,0,2,pca_matched_dimension,0.1,0.4366390872653718,4,53
0,0,2,pca_matched_dimension,1.0,0.43577513505081206,4,53
0,0,2,pca_matched_dimension,10.0,0.42986573323590827,4,53
0,0,2,pca_matched_dimension,100.0,0.5119745365522788,4,53
0,1,0,structural_median,0.1,0.3457680602643311,4,53
0,1,0,structural_median,1.0,0.3344935207485408,4,53
0,1,0,structural_median,10.0,0.2988647007874548,4,53
0,1,0,structural_median,100.0,0.2938978998603146,4,53
0,1,0,descriptor_local_svd,0.1,0.2707794600827886,4,53
0,1,0,descriptor_local_svd,1.0,0.2622567219006861,4,53
0,1,0,descriptor_local_svd,10.0,0.25172567340654606,4,53
0,1,0,descriptor_local_svd,100.0,0.2704994580602088,4,53
0,1,0,degree_preserving_null,0.1,0.42623798886812875,4,53
0,1,0,degree_preserving_null,1.0,0.4164133565636656,4,53
0,1,0,degree_preserving_null,10.0,0.3722082080308682,4,53
0,1,0,degree_preserving_null,100.0,0.34940679894932397,4,53
0,1,0,family_median,0.1,0.48406162390261365,4,53
0,1,0,family_median,1.0,0.4838919359035651,4,53
0,1,0,family_median,10.0,0.4830040684574065,4,53
0,1,0,family_median,100.0,0.49597390121335305,4,53
0,1,0,all_visible_ridge,0.1,0.6766039964000012,4,53
0,1,0,all_visible_ridge,1.0,0.3729969701032294,4,53
0,1,0,all_visible_ridge,10.0,0.22946995981867915,4,53
0,1,0,all_visible_ridge,100.0,0.20394390872127888,4,53
0,1,0,pca_matched_dimension,0.1,0.22415285642089203,4,53
0,1,0,pca_matched_dimension,1.0,0.2238178507813172,4,53
0,1,0,pca_matched_dimension,10.0,0.22150396952432622,4,53
0,1,0,pca_matched_dimension,100.0,0.25201730787380217,4,53
0,1,1,structural_median,0.1,5.231457617591141,4,53
0,1,1,structural_median,1.0,4.933172098603444,4,53
0,1,1,structural_median,10.0,3.733958458162418,4,53
0,1,1,structural_median,100.0,1.9881228403315025,4,53
0,1,1,descriptor_local_svd,0.1,4.003952238679249,4,53
0,1,1,descriptor_local_svd,1.0,3.428380633304074,4,53
0,1,1,descriptor_local_svd,10.0,2.800345713085084,4,53
0,1,1,descriptor_local_svd,100.0,1.6245921096888927,4,53
0,1,1,degree_preserving_null,0.1,1.241426254879101,4,53
0,1,1,degree_preserving_null,1.0,1.2192437787549188,4,53
0,1,1,degree_preserving_null,10.0,1.1091292502765233,4,53
0,1,1,degree_preserving_null,100.0,1.020080547955707,4,53
0,1,1,family_median,0.1,1.5413895015089083,4,53
0,1,1,family_median,1.0,1.541363679063801,4,53
0,1,1,family_median,10.0,1.544205816534887,4,53
0,1,1,family_median,100.0,1.6179500560341473,4,53
0,1,1,all_visible_ridge,0.1,12.761962583730938,4,53
0,1,1,all_visible_ridge,1.0,8.02711408370668,4,53
0,1,1,all_visible_ridge,10.0,4.520989501874852,4,53
0,1,1,all_visible_ridge,100.0,2.2180879464316634,4,53
0,1,1,pca_matched_dimension,0.1,2.907021230374056,4,53
0,1,1,pca_matched_dimension,1.0,2.888853053757205,4,53
0,1,1,pca_matched_dimension,10.0,2.720257764560636,4,53
0,1,1,pca_matched_dimension,100.0,1.8311489749406065,4,53
0,1,2,structural_median,0.1,0.45915469588245195,4,53
0,1,2,structural_median,1.0,0.4466486038078495,4,53
0,1,2,structural_median,10.0,0.4095221668256244,4,53
0,1,2,structural_median,100.0,0.4245034092031741,4,53
0,1,2,descriptor_local_svd,0.1,0.35343255373439203,4,53
0,1,2,descriptor_local_svd,1.0,0.33881189910553616,4,53
0,1,2,descriptor_local_svd,10.0,0.3290142825518551,4,53
0,1,2,descriptor_local_svd,100.0,0.3761639081894197,4,53
0,1,2,degree_preserving_null,0.1,0.5438125628702339,4,53
0,1,2,degree_preserving_null,1.0,0.5347075128516969,4,53
0,1,2,degree_preserving_null,10.0,0.4933825439640359,4,53
0,1,2,degree_preserving_null,100.0,0.4902890974691085,4,53
0,1,2,family_median,0.1,0.7002881793083282,4,53
0,1,2,family_median,1.0,0.699599000495858,4,53
0,1,2,family_median,10.0,0.6960248606562724,4,53
0,1,2,family_median,100.0,0.7206613278684757,4,53
0,1,2,all_visible_ridge,0.1,0.8582867775720607,4,53
0,1,2,all_visible_ridge,1.0,0.4935419253989486,4,53
0,1,2,all_visible_ridge,10.0,0.3095172079233841,4,53
0,1,2,all_visible_ridge,100.0,0.2768587621044785,4,53
0,1,2,pca_matched_dimension,0.1,0.297257761561571,4,53
0,1,2,pca_matched_dimension,1.0,0.2969704026532014,4,53
0,1,2,pca_matched_dimension,10.0,0.2954679127430229,4,53
0,1,2,pca_matched_dimension,100.0,0.3501031489457027,4,53
0,2,0,structural_median,0.1,0.4252584547997955,4,53
0,2,0,structural_median,1.0,0.4093595101452478,4,53
0,2,0,structural_median,10.0,0.3612859844939953,4,53
0,2,0,structural_median,100.0,0.3539173339880567,4,53
0,2,0,descriptor_local_svd,0.1,0.33919799481831353,4,53
0,2,0,descriptor_local_svd,1.0,0.3191928262641022,4,53
0,2,0,descriptor_local_svd,10.0,0.30455008118220767,4,53
0,2,0,descriptor_local_svd,100.0,0.33270431627510877,4,53
0,2,0,degree_preserving_null,0.1,0.4856158317475312,4,53
0,2,0,degree_preserving_null,1.0,0.47426680959110545,4,53
0,2,0,degree_preserving_null,10.0,0.42608325408412645,4,53
0,2,0,degree_preserving_null,100.0,0.4141689366140648,4,53
0,2,0,family_median,0.1,0.5729652557947266,4,53
0,2,0,family_median,1.0,0.572225491569152,4,53
0,2,0,family_median,10.0,0.5678537946571416,4,53
0,2,0,family_median,100.0,0.5848279316374886,4,53
0,2,0,all_visible_ridge,0.1,1.0133185537544986,4,53
0,2,0,all_visible_ridge,1.0,0.5683858400104579,4,53
0,2,0,all_visible_ridge,10.0,0.3100532695142168,4,53
0,2,0,all_visible_ridge,100.0,0.2441434094431788,4,53
0,2,0,pca_matched_dimension,0.1,0.2700500087231748,4,53
0,2,0,pca_matched_dimension,1.0,0.26952065499259986,4,53
0,2,0,pca_matched_dimension,10.0,0.2655612024946139,4,53
0,2,0,pca_matched_dimension,100.0,0.2958830031668934,4,53
0,2,1,structural_median,0.1,0.6985496478485486,4,53
0,2,1,structural_median,1.0,0.6701987311989939,4,53
0,2,1,structural_median,10.0,0.5766133438391308,4,53
0,2,1,structural_median,100.0,0.5631910039317438,4,53
0,2,1,descriptor_local_svd,0.1,0.5030265197679042,4,53
0,2,1,descriptor_local_svd,1.0,0.4698093471093979,4,53
0,2,1,descriptor_local_svd,10.0,0.43682295738142746,4,53
0,2,1,descriptor_local_svd,100.0,0.48237078765761715,4,53
0,2,1,degree_preserving_null,0.1,0.857106442557387,4,53
0,2,1,degree_preserving_null,1.0,0.8335852372644,4,53
0,2,1,degree_preserving_null,10.0,0.7312789942863448,4,53
0,2,1,degree_preserving_null,100.0,0.6789023023896742,4,53
0,2,1,family_median,0.1,1.2027856320403398,4,53
0,2,1,family_median,1.0,1.2021714402309647,4,53
0,2,1,family_median,10.0,1.2001574948452571,4,53
0,2,1,family_median,100.0,1.2599809130777784,4,53
0,2,1,all_visible_ridge,0.1,1.94235481114239,4,53
0,2,1,all_visible_ridge,1.0,0.8954502039435768,4,53
0,2,1,all_visible_ridge,10.0,0.4504753188970581,4,53
0,2,1,all_visible_ridge,100.0,0.36033518496994466,4,53
0,2,1,pca_matched_dimension,0.1,0.404576342816377,4,53
0,2,1,pca_matched_dimension,1.0,0.40371993095021347,4,53
0,2,1,pca_matched_dimension,10.0,0.39789472718926316,4,53
0,2,1,pca_matched_dimension,100.0,0.48121204801876655,4,53
0,2,2,structural_median,0.1,0.4388432848622506,4,53
0,2,2,structural_median,1.0,0.4217075900834495,4,53
0,2,2,structural_median,10.0,0.3700500354413736,4,53
0,2,2,structural_median,100.0,0.3567485533458872,4,53
0,2,2,descriptor_local_svd,0.1,0.33044720037278,4,53
0,2,2,descriptor_local_svd,1.0,0.3160020592145511,4,53
0,2,2,descriptor_local_svd,10.0,0.3022036022678774,4,53
0,2,2,descriptor_local_svd,100.0,0.33330847606692593,4,53
0,2,2,degree_preserving_null,0.1,0.49282083512807917,4,53
0,2,2,degree_preserving_null,1.0,0.48105088684109965,4,53
0,2,2,degree_preserving_null,10.0,0.4297466180597274,4,53
0,2,2,degree_preserving_null,100.0,0.40691882517155287,4,53
0,2,2,family_median,0.1,0.5595756199116091,4,53
0,2,2,family_median,1.0,0.5596132776522811,4,53
0,2,2,family_median,10.0,0.5611741006481185,4,53
0,2,2,family_median,100.0,0.5936396610021281,4,53
0,2,2,all_visible_ridge,0.1,0.7828791247023811,4,53
0,2,2,all_visible_ridge,1.0,0.4389641512223248,4,53
0,2,2,all_visible_ridge,10.0,0.2790658654172901,4,53
0,2,2,all_visible_ridge,100.0,0.25203900091056053,4,53
0,2,2,pca_matched_dimension,0.1,0.27212583939508467,4,53
0,2,2,pca_matched_dimension,1.0,0.2719354797416642,4,53
0,2,2,pca_matched_dimension,10.0,0.27112861962677215,4,53
0,2,2,pca_matched_dimension,100.0,0.3184429464969897,4,53
0,3,0,structural_median,0.1,0.383660747216096,4,53
0,3,0,structural_median,1.0,0.3746540125407037,4,53
0,3,0,structural_median,10.0,0.3473692592826188,4,53
0,3,0,structural_median,100.0,0.3497082954691456,4,53
0,3,0,descriptor_local_svd,0.1,0.3135587392488598,4,53
0,3,0,descriptor_local_svd,1.0,0.2999670115090538,4,53
0,3,0,descriptor_local_svd,10.0,0.2892207612933194,4,53
0,3,0,descriptor_local_svd,100.0,0.32352515515992253,4,53
0,3,0,degree_preserving_null,0.1,0.4887001079751344,4,53
0,3,0,degree_preserving_null,1.0,0.4791724972643687,4,53
0,3,0,degree_preserving_null,10.0,0.43331451105145846,4,53
0,3,0,degree_preserving_null,100.0,0.4055592685949836,4,53
0,3,0,family_median,0.1,0.5501550171313571,4,53
0,3,0,family_median,1.0,0.5493490137707457,4,53
0,3,0,family_median,10.0,0.5440914801518899,4,53
0,3,0,family_median,100.0,0.553005612617536,4,53
0,3,0,all_visible_ridge,0.1,0.7167109547720166,4,53
0,3,0,all_visible_ridge,1.0,0.43686726893339106,4,53
0,3,0,all_visible_ridge,10.0,0.27490513835533514,4,53
0,3,0,all_visible_ridge,100.0,0.243682540013647,4,53
0,3,0,pca_matched_dimension,0.1,0.25834882438499474,4,53
0,3,0,pca_matched_dimension,1.0,0.25811491115925944,4,53
0,3,0,pca_matched_dimension,10.0,0.2568584905510697,4,53
0,3,0,pca_matched_dimension,100.0,0.2993624371714013,4,53
0,3,1,structural_median,0.1,5.240037529648601,4,53
0,3,1,structural_median,1.0,5.029226971235537,4,53
0,3,1,structural_median,10.0,3.981926122204756,4,53
0,3,1,structural_median,100.0,2.12614885689722,4,53
0,3,1,descriptor_local_svd,0.1,3.1461892081238463,4,53
0,3,1,descriptor_local_svd,1.0,2.9844907992330287,4,53
0,3,1,descriptor_local_svd,10.0,2.970751642133801,4,53
0,3,1,descriptor_local_svd,100.0,2.098135654336079,4,53
0,3,1,degree_preserving_null,0.1,1.1558953612673664,4,53
0,3,1,degree_preserving_null,1.0,1.1351754392939672,4,53
0,3,1,degree_preserving_null,10.0,1.0437624119271525,4,53
0,3,1,degree_preserving_null,100.0,1.0005960130437097,4,53
0,3,1,family_median,0.1,1.2161781435591383,4,53
0,3,1,family_median,1.0,1.2155393600667987,4,53
0,3,1,family_median,10.0,1.2116800843182112,4,53
0,3,1,family_median,100.0,1.237971238612158,4,53
0,3,1,all_visible_ridge,0.1,11.739583817884297,4,53
0,3,1,all_visible_ridge,1.0,6.913913566536292,4,53
0,3,1,all_visible_ridge,10.0,3.6142880456346513,4,53
0,3,1,all_visible_ridge,100.0,2.3995275003044827,4,53
0,3,1,pca_matched_dimension,0.1,3.514318853258722,4,53
0,3,1,pca_matched_dimension,1.0,3.4924529484558535,4,53
0,3,1,pca_matched_dimension,10.0,3.288215810478161,4,53
0,3,1,pca_matched_dimension,100.0,2.1397778101732134,4,53
0,3,2,structural_median,0.1,0.6376211705470458,4,53
0,3,2,structural_median,1.0,0.6060087703564523,4,53
0,3,2,structural_median,10.0,0.5184867077316194,4,53
0,3,2,structural_median,100.0,0.5075372613087079,4,53
0,3,2,descriptor_local_svd,0.1,0.5122308749548368,4,53
0,3,2,descriptor_local_svd,1.0,0.4853389240546398,4,53
0,3,2,descriptor_local_svd,10.0,0.4373139569264761,4,53
0,3,2,descriptor_local_svd,100.0,0.4524874245687255,4,53
0,3,2,degree_preserving_null,0.1,0.8943996328765438,4,53
0,3,2,degree_preserving_null,1.0,0.8664383195132892,4,53
0,3,2,degree_preserving_null,10.0,0.7489088718430208,4,53
0,3,2,degree_preserving_null,100.0,0.6747516876360936,4,53
0,3,2,family_median,0.1,1.2032589153128967,4,53
0,3,2,family_median,1.0,1.203455872940328,4,53
0,3,2,family_median,10.0,1.206756741604899,4,53
0,3,2,family_median,100.0,1.267101349544707,4,53
0,3,2,all_visible_ridge,0.1,1.430654616589167,4,53
0,3,2,all_visible_ridge,1.0,0.8515466615595367,4,53
0,3,2,all_visible_ridge,10.0,0.4892246172546135,4,53
0,3,2,all_visible_ridge,100.0,0.37746592488527225,4,53
0,3,2,pca_matched_dimension,0.1,0.4481715160528248,4,53
0,3,2,pca_matched_dimension,1.0,0.4471655713718196,4,53
0,3,2,pca_matched_dimension,10.0,0.4397543917769437,4,53
0,3,2,pca_matched_dimension,100.0,0.5040483619478099,4,53
0,4,0,structural_median,0.1,4.1639329223573185,4,53
0,4,0,structural_median,1.0,3.911643124113946,4,53
0,4,0,structural_median,10.0,2.867747042653656,4,53
0,4,0,structural_median,100.0,1.5063125220156826,4,53
0,4,0,descriptor_local_svd,0.1,2.3013906106894186,4,53
0,4,0,descriptor_local_svd,1.0,2.1475723396349475,4,53
0,4,0,descriptor_local_svd,10.0,1.9290958410387948,4,53
0,4,0,descriptor_local_svd,100.0,1.5356525659055218,4,53
0,4,0,degree_preserving_null,0.1,1.0292109865949224,4,53
0,4,0,degree_preserving_null,1.0,1.0124388973565404,4,53
0,4,0,degree_preserving_null,10.0,0.9424700545328487,4,53
0,4,0,degree_preserving_null,100.0,0.9213720566023986,4,53
0,4,0,family_median,0.1,1.1407231295140976,4,53
0,4,0,family_median,1.0,1.1392123683129711,4,53
0,4,0,family_median,10.0,1.130691352549019,4,53
0,4,0,family_median,100.0,1.1638436666993113,4,53
0,4,0,all_visible_ridge,0.1,7.587229466117396,4,53
0,4,0,all_visible_ridge,1.0,4.20895928573628,4,53
0,4,0,all_visible_ridge,10.0,2.1270968344955428,4,53
0,4,0,all_visible_ridge,100.0,1.3511166975224773,4,53
0,4,0,pca_matched_dimension,0.1,1.7900618431054962,4,53
0,4,0,pca_matched_dimension,1.0,1.7796020871235025,4,53
0,4,0,pca_matched_dimension,10.0,1.6829456297533731,4,53
0,4,0,pca_matched_dimension,100.0,1.195086035585229,4,53
0,4,1,structural_median,0.1,0.3874627246462807,4,53
0,4,1,structural_median,1.0,0.37288766115988214,4,53
0,4,1,structural_median,10.0,0.3300629986290171,4,53
0,4,1,structural_median,100.0,0.3265313528561954,4,53
0,4,1,descriptor_local_svd,0.1,0.3188706523404867,4,53
0,4,1,descriptor_local_svd,1.0,0.3018536836196295,4,53
0,4,1,descriptor_local_svd,10.0,0.2814653156091204,4,53
0,4,1,descriptor_local_svd,100.0,0.30339018991071015,4,53
0,4,1,degree_preserving_null,0.1,0.5182485728976941,4,53
0,4,1,degree_preserving_null,1.0,0.503951173115603,4,53
0,4,1,degree_preserving_null,10.0,0.4385154077626322,4,53
0,4,1,degree_preserving_null,100.0,0.3958321575131904,4,53
0,4,1,family_median,0.1,0.5497898602696153,4,53
0,4,1,family_median,1.0,0.5499130760271697,4,53
0,4,1,family_median,10.0,0.5518568833811016,4,53
0,4,1,family_median,100.0,0.5864473516711515,4,53
0,4,1,all_visible_ridge,0.1,0.7518656370770511,4,53
0,4,1,all_visible_ridge,1.0,0.43651779328508733,4,53
0,4,1,all_visible_ridge,10.0,0.2721973954018198,4,53
0,4,1,all_visible_ridge,100.0,0.23327494016148803,4,53
0,4,1,pca_matched_dimension,0.1,0.25927154802123675,4,53
0,4,1,pca_matched_dimension,1.0,0.258927548854089,4,53
0,4,1,pca_matched_dimension,10.0,0.25674575804928196,4,53
0,4,1,pca_matched_dimension,100.0,0.2995390862189546,4,53
0,4,2,structural_median,0.1,0.4096653401339254,4,53
0,4,2,structural_median,1.0,0.39745824812414965,4,53
0,4,2,structural_median,10.0,0.35748900602082007,4,53
0,4,2,structural_median,100.0,0.35656749258421355,4,53
0,4,2,descriptor_local_svd,0.1,0.33281971461190457,4,53
0,4,2,descriptor_local_svd,1.0,0.31943553340501135,4,53
0,4,2,descriptor_local_svd,10.0,0.2991319125412359,4,53
0,4,2,descriptor_local_svd,100.0,0.32651863100914297,4,53
0,4,2,degree_preserving_null,0.1,0.48490690779727963,4,53
0,4,2,degree_preserving_null,1.0,0.47518510854139673,4,53
0,4,2,degree_preserving_null,10.0,0.4313757574812897,4,53
0,4,2,degree_preserving_null,100.0,0.4187293842692328,4,53
0,4,2,family_median,0.1,0.5989237215426456,4,53
0,4,2,family_median,1.0,0.5982410094400266,4,53
0,4,2,family_median,10.0,0.5937829258675902,4,53
0,4,2,family_median,100.0,0.6061163094682044,4,53
0,4,2,all_visible_ridge,0.1,0.895522580323395,4,53
0,4,2,all_visible_ridge,1.0,0.5061163134928259,4,53
0,4,2,all_visible_ridge,10.0,0.29727385339393275,4,53
0,4,2,all_visible_ridge,100.0,0.2446199819669877,4,53
0,4,2,pca_matched_dimension,0.1,0.26599070362636357,4,53
0,4,2,pca_matched_dimension,1.0,0.2656693742335754,4,53
0,4,2,pca_matched_dimension,10.0,0.2637510950213444,4,53
0,4,2,pca_matched_dimension,100.0,0.31078994528801585,4,53
1,0,0,structural_median,0.1,0.41760308694810766,4,53
1,0,0,structural_median,1.0,0.4019755575879477,4,53
1,0,0,structural_median,10.0,0.3586821010581721,4,53
1,0,0,structural_median,100.0,0.35145895437775965,4,53
1,0,0,descriptor_local_svd,0.1,0.31979397497229667,4,53
1,0,0,descriptor_local_svd,1.0,0.30432944970219494,4,53
1,0,0,descriptor_local_svd,10.0,0.29139952005303194,4,53
1,0,0,descriptor_local_svd,100.0,0.31833998285795534,4,53
1,0,0,degree_preserving_null,0.1,0.4871240720796335,4,53
1,0,0,degree_preserving_null,1.0,0.47423644935766207,4,53
1,0,0,degree_preserving_null,10.0,0.4195913941159408,4,53
1,0,0,degree_preserving_null,100.0,0.3886932097234937,4,53
1,0,0,family_median,0.1,0.5196300469665386,4,53
1,0,0,family_median,1.0,0.5192095966453156,4,53
1,0,0,family_median,10.0,0.5169427596060837,4,53
1,0,0,family_median,100.0,0.5370113029017459,4,53
1,0,0,all_visible_ridge,0.1,0.7700811748214123,4,53
1,0,0,all_visible_ridge,1.0,0.4844135355066021,4,53
1,0,0,all_visible_ridge,10.0,0.2998710097825689,4,53
1,0,0,all_visible_ridge,100.0,0.2507096662852343,4,53
1,0,0,pca_matched_dimension,0.1,0.2819591533194122,4,53
1,0,0,pca_matched_dimension,1.0,0.2815040134032058,4,53
1,0,0,pca_matched_dimension,10.0,0.27811827461076793,4,53
1,0,0,pca_matched_dimension,100.0,0.30528729686624745,4,53
1,0,1,structural_median,0.1,4.599823146238289,4,53
1,0,1,structural_median,1.0,4.364492277600851,4,53
1,0,1,structural_median,10.0,3.330136308622464,4,53
1,0,1,structural_median,100.0,1.8240002681006873,4,53
1,0,1,descriptor_local_svd,0.1,2.438453581936598,4,53
1,0,1,descriptor_local_svd,1.0,2.195179333728047,4,53
1,0,1,descriptor_local_svd,10.0,1.8822748292404232,4,53
1,0,1,descriptor_local_svd,100.0,1.5325576344417322,4,53
1,0,1,degree_preserving_null,0.1,0.9137640722991016,4,53
1,0,1,degree_preserving_null,1.0,0.8980182344573637,4,53
1,0,1,degree_preserving_null,10.0,0.8247197583760577,4,53
1,0,1,degree_preserving_null,100.0,0.7742097203935548,4,53
1,0,1,family_median,0.1,1.0476967135199176,4,53
1,0,1,family_median,1.0,1.0475435432291267,4,53
1,0,1,family_median,10.0,1.0473219297310705,4,53
1,0,1,family_median,100.0,1.0816801016587,4,53
1,0,1,all_visible_ridge,0.1,7.422559414621132,4,53
1,0,1,all_visible_ridge,1.0,4.648085995449538,4,53
1,0,1,all_visible_ridge,10.0,2.566013231568566,4,53
1,0,1,all_visible_ridge,100.0,1.4875320349675911,4,53
1,0,1,pca_matched_dimension,0.1,2.3293938018142737,4,53
1,0,1,pca_matched_dimension,1.0,2.3137476373013137,4,53
1,0,1,pca_matched_dimension,10.0,2.1683385784760385,4,53
1,0,1,pca_matched_dimension,100.0,1.389828110522994,4,53
1,0,2,structural_median,0.1,0.8353963865955754,4,53
1,0,2,structural_median,1.0,0.8039279125789579,4,53
1,0,2,structural_median,10.0,0.7022646732503343,4,53
1,0,2,structural_median,100.0,0.7209947072550813,4,53
1,0,2,descriptor_local_svd,0.1,0.600555123082828,4,53
1,0,2,descriptor_local_svd,1.0,0.5784693057017725,4,53
1,0,2,descriptor_local_svd,10.0,0.5409880595754615,4,53
1,0,2,descriptor_local_svd,100.0,0.613960443727599,4,53
1,0,2,degree_preserving_null,0.1,0.9416260944736123,4,53
1,0,2,degree_preserving_null,1.0,0.9194125436927473,4,53
1,0,2,degree_preserving_null,10.0,0.8419032781407605,4,53
1,0,2,degree_preserving_null,100.0,0.8558386011362048,4,53
1,0,2,family_median,0.1,1.2078241739211233,4,53
1,0,2,family_median,1.0,1.2075313989926149,4,53
1,0,2,family_median,10.0,1.2074508739767762,4,53
1,0,2,family_median,100.0,1.253629733752038,4,53
1,0,2,all_visible_ridge,0.1,2.0378792292987904,4,53
1,0,2,all_visible_ridge,1.0,0.9717634787185923,4,53
1,0,2,all_visible_ridge,10.0,0.5028283781287082,4,53
1,0,2,all_visible_ridge,100.0,0.42765345980811753,4,53
1,0,2,pca_matched_dimension,0.1,0.470007560893125,4,53
1,0,2,pca_matched_dimension,1.0,0.46963511309145733,4,53
1,0,2,pca_matched_dimension,10.0,0.46795810106133134,4,53
1,0,2,pca_matched_dimension,100.0,0.5547268400465835,4,53
1,1,0,structural_median,0.1,0.38656028129878733,4,53
1,1,0,structural_median,1.0,0.37526777058446725,4,53
1,1,0,structural_median,10.0,0.33974080126665873,4,53
1,1,0,structural_median,100.0,0.34232959676409075,4,53
1,1,0,descriptor_local_svd,0.1,0.30137372018266245,4,53
1,1,0,descriptor_local_svd,1.0,0.28823479882711645,4,53
1,1,0,descriptor_local_svd,10.0,0.27725518226155643,4,53
1,1,0,descriptor_local_svd,100.0,0.3114117049585134,4,53
1,1,0,degree_preserving_null,0.1,0.45325671307492793,4,53
1,1,0,degree_preserving_null,1.0,0.4423503780902519,4,53
1,1,0,degree_preserving_null,10.0,0.3945474157253963,4,53
1,1,0,degree_preserving_null,100.0,0.3763648894739323,4,53
1,1,0,family_median,0.1,0.5422281867473318,4,53
1,1,0,family_median,1.0,0.541797853628167,4,53
1,1,0,family_median,10.0,0.5387408736199935,4,53
1,1,0,family_median,100.0,0.5474657041339337,4,53
1,1,0,all_visible_ridge,0.1,0.7046155874880817,4,53
1,1,0,all_visible_ridge,1.0,0.42563754171988655,4,53
1,1,0,all_visible_ridge,10.0,0.2783192498793613,4,53
1,1,0,all_visible_ridge,100.0,0.24434518849986875,4,53
1,1,0,pca_matched_dimension,0.1,0.2650175009994194,4,53
1,1,0,pca_matched_dimension,1.0,0.2647200939755165,4,53
1,1,0,pca_matched_dimension,10.0,0.2627730736084285,4,53
1,1,0,pca_matched_dimension,100.0,0.29618609130555573,4,53
1,1,1,structural_median,0.1,6.798230910312721,4,53
1,1,1,structural_median,1.0,6.254409958715944,4,53
1,1,1,structural_median,10.0,4.296380568402028,4,53
1,1,1,structural_median,100.0,2.4432459951678305,4,53
1,1,1,descriptor_local_svd,0.1,3.50895555425529,4,53
1,1,1,descriptor_local_svd,1.0,3.1643258516728507,4,53
1,1,1,descriptor_local_svd,10.0,2.8470015610148196,4,53
1,1,1,descriptor_local_svd,100.0,2.378598882754143,4,53
1,1,1,degree_preserving_null,0.1,1.5919661783978984,4,53
1,1,1,degree_preserving_null,1.0,1.5553522014410697,4,53
1,1,1,degree_preserving_null,10.0,1.4013241597026773,4,53
1,1,1,degree_preserving_null,100.0,1.3412974360543775,4,53
1,1,1,family_median,0.1,1.8112712422253265,4,53
1,1,1,family_median,1.0,1.8123188054321822,4,53
1,1,1,family_median,10.0,1.8231256867301586,4,53
1,1,1,family_median,100.0,1.9107765507535555,4,53
1,1,1,all_visible_ridge,0.1,17.077475247395252,4,53
1,1,1,all_visible_ridge,1.0,7.784564752991975,4,53
1,1,1,all_visible_ridge,10.0,3.755758486857031,4,53
1,1,1,all_visible_ridge,100.0,1.9300695991924568,4,53
1,1,1,pca_matched_dimension,0.1,2.6454397443864064,4,53
1,1,1,pca_matched_dimension,1.0,2.6296306023675213,4,53
1,1,1,pca_matched_dimension,10.0,2.483552693155409,4,53
1,1,1,pca_matched_dimension,100.0,1.7468458449025475,4,53
1,1,2,structural_median,0.1,0.47836296767701947,4,53
1,1,2,structural_median,1.0,0.4605189966433104,4,53
1,1,2,structural_median,10.0,0.40421745987779534,4,53
1,1,2,structural_median,100.0,0.3860906144390599,4,53
1,1,2,descriptor_local_svd,0.1,0.37527220869240285,4,53
1,1,2,descriptor_local_svd,1.0,0.34665550216825136,4,53
1,1,2,descriptor_local_svd,10.0,0.3193031123769452,4,53
1,1,2,descriptor_local_svd,100.0,0.3413281647836727,4,53
1,1,2,degree_preserving_null,0.1,0.5630955223861145,4,53
1,1,2,degree_preserving_null,1.0,0.5508554571547207,4,53
1,1,2,degree_preserving_null,10.0,0.49451122293197625,4,53
1,1,2,degree_preserving_null,100.0,0.4520329029970792,4,53
1,1,2,family_median,0.1,0.6343677025911028,4,53
1,1,2,family_median,1.0,0.6337670683776627,4,53
1,1,2,family_median,10.0,0.6301569910296824,4,53
1,1,2,family_median,100.0,0.6477243137729671,4,53
1,1,2,all_visible_ridge,0.1,1.0278214988798564,4,53
1,1,2,all_visible_ridge,1.0,0.5564043452094302,4,53
1,1,2,all_visible_ridge,10.0,0.32658345721613447,4,53
1,1,2,all_visible_ridge,100.0,0.2727064716158598,4,53
1,1,2,pca_matched_dimension,0.1,0.29944440597440874,4,53
1,1,2,pca_matched_dimension,1.0,0.298921707705011,4,53
1,1,2,pca_matched_dimension,10.0,0.2950556761337113,4,53
1,1,2,pca_matched_dimension,100.0,0.3275715436508524,4,53
1,2,0,structural_median,0.1,0.5690173003271779,4,53
1,2,0,structural_median,1.0,0.5517396148541366,4,53
1,2,0,structural_median,10.0,0.512186759178388,4,53
1,2,0,structural_median,100.0,0.5214535626517083,4,53
1,2,0,descriptor_local_svd,0.1,0.4770301813536547,4,53
1,2,0,descriptor_local_svd,1.0,0.4488134820075351,4,53
1,2,0,descriptor_local_svd,10.0,0.43448302735361016,4,53
1,2,0,descriptor_local_svd,100.0,0.48608039212004955,4,53
1,2,0,degree_preserving_null,0.1,0.6985389500258267,4,53
1,2,0,degree_preserving_null,1.0,0.683143145542887,4,53
1,2,0,degree_preserving_null,10.0,0.6151738405410989,4,53
1,2,0,degree_preserving_null,100.0,0.5771359388855443,4,53
1,2,0,family_median,0.1,0.7324873408916442,4,53
1,2,0,family_median,1.0,0.7321356779650987,4,53
1,2,0,family_median,10.0,0.7303068038442871,4,53
1,2,0,family_median,100.0,0.750080471644284,4,53
1,2,0,all_visible_ridge,0.1,1.1922467529443561,4,53
1,2,0,all_visible_ridge,1.0,0.6853087126363981,4,53
1,2,0,all_visible_ridge,10.0,0.43370177280382505,4,53
1,2,0,all_visible_ridge,100.0,0.3713649777984003,4,53
1,2,0,pca_matched_dimension,0.1,0.4017051605578789,4,53
1,2,0,pca_matched_dimension,1.0,0.40122796298764074,4,53
1,2,0,pca_matched_dimension,10.0,0.39774718686806515,4,53
1,2,0,pca_matched_dimension,100.0,0.43030759941939883,4,53
1,2,1,structural_median,0.1,0.8887034383588475,4,53
1,2,1,structural_median,1.0,0.8616225509393887,4,53
1,2,1,structural_median,10.0,0.8144693579229214,4,53
1,2,1,structural_median,100.0,0.9116042791988679,4,53
1,2,1,descriptor_local_svd,0.1,0.6196716477257213,4,53
1,2,1,descriptor_local_svd,1.0,0.5992737063473882,4,53
1,2,1,descriptor_local_svd,10.0,0.6132973022996946,4,53
1,2,1,descriptor_local_svd,100.0,0.7697987162615729,4,53
1,2,1,degree_preserving_null,0.1,1.0712991767311544,4,53
1,2,1,degree_preserving_null,1.0,1.0517324010799751,4,53
1,2,1,degree_preserving_null,10.0,0.9755598514317073,4,53
1,2,1,degree_preserving_null,100.0,1.0054662613783936,4,53
1,2,1,family_median,0.1,1.4387585432972858,4,53
1,2,1,family_median,1.0,1.4390292201480983,4,53
1,2,1,family_median,10.0,1.443306941203053,4,53
1,2,1,family_median,100.0,1.5091192409421224,4,53
1,2,1,all_visible_ridge,0.1,1.8839009621861478,4,53
1,2,1,all_visible_ridge,1.0,1.0312338500958456,4,53
1,2,1,all_visible_ridge,10.0,0.5575027760198055,4,53
1,2,1,all_visible_ridge,100.0,0.43823110514705166,4,53
1,2,1,pca_matched_dimension,0.1,0.46868590626741924,4,53
1,2,1,pca_matched_dimension,1.0,0.46816931481124135,4,53
1,2,1,pca_matched_dimension,10.0,0.4656365900827057,4,53
1,2,1,pca_matched_dimension,100.0,0.5737894845987759,4,53
1,2,2,structural_median,0.1,0.4648243300406665,4,53
1,2,2,structural_median,1.0,0.44842366154325575,4,53
1,2,2,structural_median,10.0,0.39957586563502673,4,53
1,2,2,structural_median,100.0,0.3904878836723539,4,53
1,2,2,descriptor_local_svd,0.1,0.3600136048648287,4,53
1,2,2,descriptor_local_svd,1.0,0.3419344480114215,4,53
1,2,2,descriptor_local_svd,10.0,0.3283680482208145,4,53
1,2,2,descriptor_local_svd,100.0,0.35684586125615836,4,53
1,2,2,degree_preserving_null,0.1,0.538398057960744,4,53
1,2,2,degree_preserving_null,1.0,0.5257929897565257,4,53
1,2,2,degree_preserving_null,10.0,0.47132871108189267,4,53
1,2,2,degree_preserving_null,100.0,0.443581558650968,4,53
1,2,2,family_median,0.1,0.6057912945353553,4,53
1,2,2,family_median,1.0,0.6056217652427324,4,53
1,2,2,family_median,10.0,0.6057624796395763,4,53
1,2,2,family_median,100.0,0.6428741169762173,4,53
1,2,2,all_visible_ridge,0.1,0.9206547840334578,4,53
1,2,2,all_visible_ridge,1.0,0.5239618845827886,4,53
1,2,2,all_visible_ridge,10.0,0.3197667400625591,4,53
1,2,2,all_visible_ridge,100.0,0.2776867901807411,4,53
1,2,2,pca_matched_dimension,0.1,0.2975986023517813,4,53
1,2,2,pca_matched_dimension,1.0,0.29736604455649945,4,53
1,2,2,pca_matched_dimension,10.0,0.2962321217478441,4,53
1,2,2,pca_matched_dimension,100.0,0.3452890949279459,4,53
1,3,0,structural_median,0.1,0.4019680417102412,4,53
1,3,0,structural_median,1.0,0.3877785084618683,4,53
1,3,0,structural_median,10.0,0.34924796660813534,4,53
1,3,0,structural_median,100.0,0.3498083787085813,4,53
1,3,0,descriptor_local_svd,0.1,0.3196170518668909,4,53
1,3,0,descriptor_local_svd,1.0,0.29564499575182196,4,53
1,3,0,descriptor_local_svd,10.0,0.2825616574761036,4,53
1,3,0,descriptor_local_svd,100.0,0.3149019817879387,4,53
1,3,0,degree_preserving_null,0.1,0.4972597845710597,4,53
1,3,0,degree_preserving_null,1.0,0.48675842923707113,4,53
1,3,0,degree_preserving_null,10.0,0.43999089099645416,4,53
1,3,0,degree_preserving_null,100.0,0.4145479150216749,4,53
1,3,0,family_median,0.1,0.5561830514098292,4,53
1,3,0,family_median,1.0,0.5553229846179653,4,53
1,3,0,family_median,10.0,0.5493292198162436,4,53
1,3,0,family_median,100.0,0.5552723000808742,4,53
1,3,0,all_visible_ridge,0.1,0.8373353455972318,4,53
1,3,0,all_visible_ridge,1.0,0.47223293307827796,4,53
1,3,0,all_visible_ridge,10.0,0.2966368160423486,4,53
1,3,0,all_visible_ridge,100.0,0.2523964675191721,4,53
1,3,0,pca_matched_dimension,0.1,0.2785245541429805,4,53
1,3,0,pca_matched_dimension,1.0,0.2781360582670802,4,53
1,3,0,pca_matched_dimension,10.0,0.27539967077733374,4,53
1,3,0,pca_matched_dimension,100.0,0.307654448654145,4,53
1,3,1,structural_median,0.1,5.703926087072747,4,53
1,3,1,structural_median,1.0,5.470069618168881,4,53
1,3,1,structural_median,10.0,4.185725649771386,4,53
1,3,1,structural_median,100.0,2.306559047146007,4,53
1,3,1,descriptor_local_svd,0.1,2.845413154526306,4,53
1,3,1,descriptor_local_svd,1.0,2.5862627357019665,4,53
1,3,1,descriptor_local_svd,10.0,2.092743359211712,4,53
1,3,1,descriptor_local_svd,100.0,1.5528002885672538,4,53
1,3,1,degree_preserving_null,0.1,1.255092915821679,4,53
1,3,1,degree_preserving_null,1.0,1.2277688074142854,4,53
1,3,1,degree_preserving_null,10.0,1.1085676644606857,4,53
1,3,1,degree_preserving_null,100.0,1.0131538072887503,4,53
1,3,1,family_median,0.1,1.2887726868944787,4,53
1,3,1,family_median,1.0,1.2884528332883556,4,53
1,3,1,family_median,10.0,1.2874330007535197,4,53
1,3,1,family_median,100.0,1.3293565862321393,4,53
1,3,1,all_visible_ridge,0.1,16.44530037684884,4,53
1,3,1,all_visible_ridge,1.0,7.444109348463069,4,53
1,3,1,all_visible_ridge,10.0,2.9665941947592342,4,53
1,3,1,all_visible_ridge,100.0,1.5989741610333197,4,53
1,3,1,pca_matched_dimension,0.1,3.0628606013292727,4,53
1,3,1,pca_matched_dimension,1.0,3.0449568432925687,4,53
1,3,1,pca_matched_dimension,10.0,2.8780636527334074,4,53
1,3,1,pca_matched_dimension,100.0,1.9575391342378696,4,53
1,3,2,structural_median,0.1,1.1435042647864226,4,53
1,3,2,structural_median,1.0,1.103025513694153,4,53
1,3,2,structural_median,10.0,0.9958699136318123,4,53
1,3,2,structural_median,100.0,1.0167569120820288,4,53
1,3,2,descriptor_local_svd,0.1,0.7736562193738686,4,53
1,3,2,descriptor_local_svd,1.0,0.7751157797823895,4,53
1,3,2,descriptor_local_svd,10.0,0.7905215116851081,4,53
1,3,2,descriptor_local_svd,100.0,0.9222702168606276,4,53
1,3,2,degree_preserving_null,0.1,1.2398621611518492,4,53
1,3,2,degree_preserving_null,1.0,1.2220135241903103,4,53
1,3,2,degree_preserving_null,10.0,1.1526762932634207,4,53
1,3,2,degree_preserving_null,100.0,1.2076559124267272,4,53
1,3,2,family_median,0.1,1.646505135881741,4,53
1,3,2,family_median,1.0,1.6470022296461395,4,53
1,3,2,family_median,10.0,1.6526561270765314,4,53
1,3,2,family_median,100.0,1.7103850474758664,4,53
1,3,2,all_visible_ridge,0.1,1.9743190939243795,4,53
1,3,2,all_visible_ridge,1.0,1.0647466341007674,4,53
1,3,2,all_visible_ridge,10.0,0.6565172348484297,4,53
1,3,2,all_visible_ridge,100.0,0.627169080218976,4,53
1,3,2,pca_matched_dimension,0.1,0.6488447288767919,4,53
1,3,2,pca_matched_dimension,1.0,0.6490763281789365,4,53
1,3,2,pca_matched_dimension,10.0,0.6532838748967624,4,53
1,3,2,pca_matched_dimension,100.0,0.786088581370077,4,53
1,4,0,structural_median,0.1,4.284203967622574,4,53
1,4,0,structural_median,1.0,4.041786368042551,4,53
1,4,0,structural_median,10.0,3.184745989257998,4,53
1,4,0,structural_median,100.0,1.9836237208230119,4,53
1,4,0,descriptor_local_svd,0.1,2.8017586762457434,4,53
1,4,0,descriptor_local_svd,1.0,2.325722898675505,4,53
1,4,0,descriptor_local_svd,10.0,1.8630538020688778,4,53
1,4,0,descriptor_local_svd,100.0,1.529861445661656,4,53
1,4,0,degree_preserving_null,0.1,1.134441874667453,4,53
1,4,0,degree_preserving_null,1.0,1.1160050478335068,4,53
1,4,0,degree_preserving_null,10.0,1.040989574566489,4,53
1,4,0,degree_preserving_null,100.0,1.0328332303427081,4,53
1,4,0,family_median,0.1,1.4047737641099276,4,53
1,4,0,family_median,1.0,1.4046703826262785,4,53
1,4,0,family_median,10.0,1.4066514149009344,4,53
1,4,0,family_median,100.0,1.4683123635062312,4,53
1,4,0,all_visible_ridge,0.1,9.855512642707518,4,53
1,4,0,all_visible_ridge,1.0,5.075460583711259,4,53
1,4,0,all_visible_ridge,10.0,2.4188987314418324,4,53
1,4,0,all_visible_ridge,100.0,1.3181744182652466,4,53
1,4,0,pca_matched_dimension,0.1,2.432240982253246,4,53
1,4,0,pca_matched_dimension,1.0,2.4168906888848243,4,53
1,4,0,pca_matched_dimension,10.0,2.2746601407274714,4,53
1,4,0,pca_matched_dimension,100.0,1.5361764826923734,4,53
1,4,1,structural_median,0.1,0.5070384943801841,4,53
1,4,1,structural_median,1.0,0.49299617397002876,4,53
1,4,1,structural_median,10.0,0.4509053722425912,4,53
1,4,1,structural_median,100.0,0.4537423909210081,4,53
1,4,1,descriptor_local_svd,0.1,0.39500814479473406,4,53
1,4,1,descriptor_local_svd,1.0,0.3867947177854529,4,53
1,4,1,descriptor_local_svd,10.0,0.383276527116573,4,53
1,4,1,descriptor_local_svd,100.0,0.42626959555414856,4,53
1,4,1,degree_preserving_null,0.1,0.5653854088928829,4,53
1,4,1,degree_preserving_null,1.0,0.5521862363857544,4,53
1,4,1,degree_preserving_null,10.0,0.49956198383441797,4,53
1,4,1,degree_preserving_null,100.0,0.4921694238235537,4,53
1,4,1,family_median,0.1,0.6759831459562154,4,53
1,4,1,family_median,1.0,0.6759939188839217,4,53
1,4,1,family_median,10.0,0.6771564933128162,4,53
1,4,1,family_median,100.0,0.7078159051492281,4,53
1,4,1,all_visible_ridge,0.1,0.9186288274953486,4,53
1,4,1,all_visible_ridge,1.0,0.5519888893102353,4,53
1,4,1,all_visible_ridge,10.0,0.35839142165596594,4,53
1,4,1,all_visible_ridge,100.0,0.3285968701574784,4,53
1,4,1,pca_matched_dimension,0.1,0.34438206888805845,4,53
1,4,1,pca_matched_dimension,1.0,0.34413495478312706,4,53
1,4,1,pca_matched_dimension,10.0,0.3428503849167654,4,53
1,4,1,pca_matched_dimension,100.0,0.39027624322900173,4,53
1,4,2,structural_median,0.1,0.4296265499137104,4,53
1,4,2,structural_median,1.0,0.41607951383725805,4,53
1,4,2,structural_median,10.0,0.3726999510664104,4,53
1,4,2,structural_median,100.0,0.3590341723937003,4,53
1,4,2,descriptor_local_svd,0.1,0.3414172382314988,4,53
1,4,2,descriptor_local_svd,1.0,0.3182623851259628,4,53
1,4,2,descriptor_local_svd,10.0,0.2955139614417315,4,53
1,4,2,descriptor_local_svd,100.0,0.31801293960967136,4,53
1,4,2,degree_preserving_null,0.1,0.5027872812208942,4,53
1,4,2,degree_preserving_null,1.0,0.4899855528771696,4,53
1,4,2,degree_preserving_null,10.0,0.43517527234061537,4,53
1,4,2,degree_preserving_null,100.0,0.40986692983651585,4,53
1,4,2,family_median,0.1,0.5669860852641275,4,53
1,4,2,family_median,1.0,0.5665044086655254,4,53
1,4,2,family_median,10.0,0.5632457111306505,4,53
1,4,2,family_median,100.0,0.573038197847872,4,53
1,4,2,all_visible_ridge,0.1,1.0778964032448826,4,53
1,4,2,all_visible_ridge,1.0,0.5487806669029989,4,53
1,4,2,all_visible_ridge,10.0,0.3174764421597521,4,53
1,4,2,all_visible_ridge,100.0,0.2594746331294818,4,53
1,4,2,pca_matched_dimension,0.1,0.29256769554022716,4,53
1,4,2,pca_matched_dimension,1.0,0.29205181769206867,4,53
1,4,2,pca_matched_dimension,10.0,0.28818006721102435,4,53
1,4,2,pca_matched_dimension,100.0,0.31695720166418356,4,53
2,0,0,structural_median,0.1,0.39727375277614424,4,52
2,0,0,structural_median,1.0,0.37998452883531303,4,52
2,0,0,structural_median,10.0,0.3303587105511805,4,52
2,0,0,structural_median,100.0,0.3135945655507843,4,52
2,0,0,descriptor_local_svd,0.1,0.298019776316656,4,52
2,0,0,descriptor_local_svd,1.0,0.28743945299084367,4,52
2,0,0,descriptor_local_svd,10.0,0.2745133335208546,4,52
2,0,0,descriptor_local_svd,100.0,0.29314128621519786,4,52
2,0,0,degree_preserving_null,0.1,0.44957026825972063,4,52
2,0,0,degree_preserving_null,1.0,0.4380329039723897,4,52
2,0,0,degree_preserving_null,10.0,0.38745237433320057,4,52
2,0,0,degree_preserving_null,100.0,0.355543406876179,4,52
2,0,0,family_median,0.1,0.4954365133316722,4,52
2,0,0,family_median,1.0,0.49432074432337325,4,52
2,0,0,family_median,10.0,0.4866523518114698,4,52
2,0,0,family_median,100.0,0.4915798002598507,4,52
2,0,0,all_visible_ridge,0.1,0.7083861972368899,4,52
2,0,0,all_visible_ridge,1.0,0.41795612020676315,4,52
2,0,0,all_visible_ridge,10.0,0.2601376053763948,4,52
2,0,0,all_visible_ridge,100.0,0.23051475256549314,4,52
2,0,0,pca_matched_dimension,0.1,0.2575782857143212,4,52
2,0,0,pca_matched_dimension,1.0,0.2572441029157253,4,52
2,0,0,pca_matched_dimension,10.0,0.25489991721872585,4,52
2,0,0,pca_matched_dimension,100.0,0.28321456175956994,4,52
2,0,1,structural_median,0.1,10.018664793735503,4,52
2,0,1,structural_median,1.0,10.004146331115797,4,52
2,0,1,structural_median,10.0,10.277213654185124,4,52
2,0,1,structural_median,100.0,14.146160516021952,4,52
2,0,1,descriptor_local_svd,0.1,5.213108491857739,4,52
2,0,1,descriptor_local_svd,1.0,5.378585603518855,4,52
2,0,1,descriptor_local_svd,10.0,6.150341960305142,4,52
2,0,1,descriptor_local_svd,100.0,11.157037444678322,4,52
2,0,1,degree_preserving_null,0.1,22.806945438533884,4,52
2,0,1,degree_preserving_null,1.0,22.80778653843001,4,52
2,0,1,degree_preserving_null,10.0,22.841497369663312,4,52
2,0,1,degree_preserving_null,100.0,23.16184935799319,4,52
2,0,1,family_median,0.1,24.065337808697212,4,52
2,0,1,family_median,1.0,24.066785865087105,4,52
2,0,1,family_median,10.0,24.08221278103751,4,52
2,0,1,family_median,100.0,24.22190612938668,4,52
2,0,1,all_visible_ridge,0.1,8.467200632874697,4,52
2,0,1,all_visible_ridge,1.0,5.013518353577856,4,52
2,0,1,all_visible_ridge,10.0,4.171331446251293,4,52
2,0,1,all_visible_ridge,100.0,5.8830389883827845,4,52
2,0,1,pca_matched_dimension,0.1,4.455745008192644,4,52
2,0,1,pca_matched_dimension,1.0,4.473450756624795,4,52
2,0,1,pca_matched_dimension,10.0,4.665815536189731,4,52
2,0,1,pca_matched_dimension,100.0,7.188238780479431,4,52
2,0,2,structural_median,0.1,0.9442968709336247,4,52
2,0,2,structural_median,1.0,0.916466021798158,4,52
2,0,2,structural_median,10.0,0.8529226419819518,4,52
2,0,2,structural_median,100.0,0.9497892008333493,4,52
2,0,2,descriptor_local_svd,0.1,0.5090952815732961,4,52
2,0,2,descriptor_local_svd,1.0,0.4831247982341315,4,52
2,0,2,descriptor_local_svd,10.0,0.4551613416828634,4,52
2,0,2,descriptor_local_svd,100.0,0.6013889023541864,4,52
2,0,2,degree_preserving_null,0.1,1.4433395409254708,4,52
2,0,2,degree_preserving_null,1.0,1.4186485029747473,4,52
2,0,2,degree_preserving_null,10.0,1.335701903174001,4,52
2,0,2,degree_preserving_null,100.0,1.354059411513831,4,52
2,0,2,family_median,0.1,1.9363082644406013,4,52
2,0,2,family_median,1.0,1.936725489562126,4,52
2,0,2,family_median,10.0,1.9414309300982768,4,52
2,0,2,family_median,100.0,1.9939009631301086,4,52
2,0,2,all_visible_ridge,0.1,1.3848103780422394,4,52
2,0,2,all_visible_ridge,1.0,0.7186526082199345,4,52
2,0,2,all_visible_ridge,10.0,0.44016430485069324,4,52
2,0,2,all_visible_ridge,100.0,0.4238531052887994,4,52
2,0,2,pca_matched_dimension,0.1,0.45180439719437016,4,52
2,0,2,pca_matched_dimension,1.0,0.45219044931762553,4,52
2,0,2,pca_matched_dimension,10.0,0.45852946386347215,4,52
2,0,2,pca_matched_dimension,100.0,0.6400950924824274,4,52
2,1,0,structural_median,0.1,0.36060364365259445,4,52
2,1,0,structural_median,1.0,0.34805372359866077,4,52
2,1,0,structural_median,10.0,0.31168085851876987,4,52
2,1,0,structural_median,100.0,0.31127499844452183,4,52
2,1,0,descriptor_local_svd,0.1,0.2625459370725964,4,52
2,1,0,descriptor_local_svd,1.0,0.25156647750325045,4,52
2,1,0,descriptor_local_svd,10.0,0.24515735147515072,4,52
2,1,0,descriptor_local_svd,100.0,0.28280152976300654,4,52
2,1,0,degree_preserving_null,0.1,0.43915495601196103,4,52
2,1,0,degree_preserving_null,1.0,0.42789115595949245,4,52
2,1,0,degree_preserving_null,10.0,0.37887692490674796,4,52
2,1,0,degree_preserving_null,100.0,0.358169324890723,4,52
2,1,0,family_median,0.1,0.5103846641344754,4,52
2,1,0,family_median,1.0,0.5099595443298679,4,52
2,1,0,family_median,10.0,0.5069034152890995,4,52
2,1,0,family_median,100.0,0.5142528524283444,4,52
2,1,0,all_visible_ridge,0.1,0.6087380728556595,4,52
2,1,0,all_visible_ridge,1.0,0.35275610327740037,4,52
2,1,0,all_visible_ridge,10.0,0.22536885149005262,4,52
2,1,0,all_visible_ridge,100.0,0.20599129756275675,4,52
2,1,0,pca_matched_dimension,0.1,0.21953482890519255,4,52
2,1,0,pca_matched_dimension,1.0,0.21941432551188828,4,52
2,1,0,pca_matched_dimension,10.0,0.21908962246841457,4,52
2,1,0,pca_matched_dimension,100.0,0.2600211893366301,4,52
2,1,1,structural_median,0.1,8.062724451481191,4,52
2,1,1,structural_median,1.0,7.864398385456926,4,52
2,1,1,structural_median,10.0,7.563607901782559,4,52
2,1,1,structural_median,100.0,10.116873764920976,4,52
2,1,1,descriptor_local_svd,0.1,4.050920516379754,4,52
2,1,1,descriptor_local_svd,1.0,3.7324917229453614,4,52
2,1,1,descriptor_local_svd,10.0,4.119245219786613,4,52
2,1,1,descriptor_local_svd,100.0,7.712927000904655,4,52
2,1,1,degree_preserving_null,0.1,17.02624829061057,4,52
2,1,1,degree_preserving_null,1.0,17.02564283832074,4,52
2,1,1,degree_preserving_null,10.0,17.056720805284108,4,52
2,1,1,degree_preserving_null,100.0,17.435771339382224,4,52
2,1,1,family_median,0.1,18.842044209375796,4,52
2,1,1,family_median,1.0,18.843992287732004,4,52
2,1,1,family_median,10.0,18.864780757157554,4,52
2,1,1,family_median,100.0,19.033360871062662,4,52
2,1,1,all_visible_ridge,0.1,13.184126811252098,4,52
2,1,1,all_visible_ridge,1.0,7.157476405098278,4,52
2,1,1,all_visible_ridge,10.0,3.9912196608315345,4,52
2,1,1,all_visible_ridge,100.0,4.00330372891343,4,52
2,1,1,pca_matched_dimension,0.1,3.3594857552324062,4,52
2,1,1,pca_matched_dimension,1.0,3.3704282788218713,4,52
2,1,1,pca_matched_dimension,10.0,3.4946588891942207,4,52
2,1,1,pca_matched_dimension,100.0,5.369002242034813,4,52
2,1,2,structural_median,0.1,0.4871878077540393,4,52
2,1,2,structural_median,1.0,0.466534132764794,4,52
2,1,2,structural_median,10.0,0.40971968803793224,4,52
2,1,2,structural_median,100.0,0.4042345981382561,4,52
2,1,2,descriptor_local_svd,0.1,0.33074878163494925,4,52
2,1,2,descriptor_local_svd,1.0,0.3215306202020974,4,52
2,1,2,descriptor_local_svd,10.0,0.3164425935425482,4,52
2,1,2,descriptor_local_svd,100.0,0.3573114686429821,4,52
2,1,2,degree_preserving_null,0.1,0.5277363576241647,4,52
2,1,2,degree_preserving_null,1.0,0.5157856856363241,4,52
2,1,2,degree_preserving_null,10.0,0.4646951317270529,4,52
2,1,2,degree_preserving_null,100.0,0.44886660014929675,4,52
2,1,2,family_median,0.1,0.6346066682805492,4,52
2,1,2,family_median,1.0,0.6334858908691745,4,52
2,1,2,family_median,10.0,0.6261432906045837,4,52
2,1,2,family_median,100.0,0.636470593674739,4,52
2,1,2,all_visible_ridge,0.1,0.8822061414945401,4,52
2,1,2,all_visible_ridge,1.0,0.4784964580333413,4,52
2,1,2,all_visible_ridge,10.0,0.29767990983784814,4,52
2,1,2,all_visible_ridge,100.0,0.2671322503765183,4,52
2,1,2,pca_matched_dimension,0.1,0.2906005818663947,4,52
2,1,2,pca_matched_dimension,1.0,0.29025898931552213,4,52
2,1,2,pca_matched_dimension,10.0,0.28804710421850827,4,52
2,1,2,pca_matched_dimension,100.0,0.3278643347142616,4,52
2,2,0,structural_median,0.1,0.4848109891212521,4,52
2,2,0,structural_median,1.0,0.46466247464336163,4,52
2,2,0,structural_median,10.0,0.41279160877849336,4,52
2,2,0,structural_median,100.0,0.40507974374389866,4,52
2,2,0,descriptor_local_svd,0.1,0.39328309943075046,4,52
2,2,0,descriptor_local_svd,1.0,0.3744122914855758,4,52
2,2,0,descriptor_local_svd,10.0,0.35669572166482477,4,52
2,2,0,descriptor_local_svd,100.0,0.37474378379846596,4,52
2,2,0,degree_preserving_null,0.1,0.5315213819347084,4,52
2,2,0,degree_preserving_null,1.0,0.5184600348743552,4,52
2,2,0,degree_preserving_null,10.0,0.4638639259300257,4,52
2,2,0,degree_preserving_null,100.0,0.44047714800588494,4,52
2,2,0,family_median,0.1,0.5934262466111708,4,52
2,2,0,family_median,1.0,0.5926385742480393,4,52
2,2,0,family_median,10.0,0.5867033570056414,4,52
2,2,0,family_median,100.0,0.5852466961971732,4,52
2,2,0,all_visible_ridge,0.1,1.1018388922055047,4,52
2,2,0,all_visible_ridge,1.0,0.59990240726241,4,52
2,2,0,all_visible_ridge,10.0,0.3433878051682858,4,52
2,2,0,all_visible_ridge,100.0,0.2956026742608379,4,52
2,2,0,pca_matched_dimension,0.1,0.3445538494666813,4,52
2,2,0,pca_matched_dimension,1.0,0.34367155272147576,4,52
2,2,0,pca_matched_dimension,10.0,0.3362501548598609,4,52
2,2,0,pca_matched_dimension,100.0,0.33827971816797586,4,52
2,2,1,structural_median,0.1,1.3257842460331106,4,52
2,2,1,structural_median,1.0,1.2928505426593604,4,52
2,2,1,structural_median,10.0,1.225876276719284,4,52
2,2,1,structural_median,100.0,1.356039234249066,4,52
2,2,1,descriptor_local_svd,0.1,0.7539120802299657,4,52
2,2,1,descriptor_local_svd,1.0,0.7471052908913884,4,52
2,2,1,descriptor_local_svd,10.0,0.7782119993573593,4,52
2,2,1,descriptor_local_svd,100.0,1.021027054878384,4,52
2,2,1,degree_preserving_null,0.1,1.8367745340454316,4,52
2,2,1,degree_preserving_null,1.0,1.820277318943476,4,52
2,2,1,degree_preserving_null,10.0,1.7491378739814176,4,52
2,2,1,degree_preserving_null,100.0,1.7512491445844165,4,52
2,2,1,family_median,0.1,2.2912146487182237,4,52
2,2,1,family_median,1.0,2.2920600941857017,4,52
2,2,1,family_median,10.0,2.3022551033231164,4,52
2,2,1,family_median,100.0,2.4004598642751476,4,52
2,2,1,all_visible_ridge,0.1,1.7903848382924181,4,52
2,2,1,all_visible_ridge,1.0,0.9583004478342542,4,52
2,2,1,all_visible_ridge,10.0,0.6172280461434061,4,52
2,2,1,all_visible_ridge,100.0,0.6433473355571058,4,52
2,2,1,pca_matched_dimension,0.1,0.6350656201453719,4,52
2,2,1,pca_matched_dimension,1.0,0.636634963427227,4,52
2,2,1,pca_matched_dimension,10.0,0.6544344737927518,4,52
2,2,1,pca_matched_dimension,100.0,0.922228267536364,4,52
2,2,2,structural_median,0.1,0.4221922445046229,4,52
2,2,2,structural_median,1.0,0.40435848656313184,4,52
2,2,2,structural_median,10.0,0.35650335971897296,4,52
2,2,2,structural_median,100.0,0.3456844254566345,4,52
2,2,2,descriptor_local_svd,0.1,0.3295409856712224,4,52
2,2,2,descriptor_local_svd,1.0,0.3169896844511192,4,52
2,2,2,descriptor_local_svd,10.0,0.3010767979434373,4,52
2,2,2,descriptor_local_svd,100.0,0.3269405112252878,4,52
2,2,2,degree_preserving_null,0.1,0.5065535965451887,4,52
2,2,2,degree_preserving_null,1.0,0.49107681555378835,4,52
2,2,2,degree_preserving_null,10.0,0.426137227174598,4,52
2,2,2,degree_preserving_null,100.0,0.39302669443966143,4,52
2,2,2,family_median,0.1,0.5653624967994076,4,52
2,2,2,family_median,1.0,0.5644575304920638,4,52
2,2,2,family_median,10.0,0.5585416363904948,4,52
2,2,2,family_median,100.0,0.5701267729634396,4,52
2,2,2,all_visible_ridge,0.1,0.7829645586369128,4,52
2,2,2,all_visible_ridge,1.0,0.46099144954777677,4,52
2,2,2,all_visible_ridge,10.0,0.2926290444325721,4,52
2,2,2,all_visible_ridge,100.0,0.2553440157439778,4,52
2,2,2,pca_matched_dimension,0.1,0.2867218441836907,4,52
2,2,2,pca_matched_dimension,1.0,0.2861499189775383,4,52
2,2,2,pca_matched_dimension,10.0,0.28171341623371354,4,52
2,2,2,pca_matched_dimension,100.0,0.30511282743982293,4,52
2,3,0,structural_median,0.1,0.3898086582547471,4,52
2,3,0,structural_median,1.0,0.3747767562549188,4,52
2,3,0,structural_median,10.0,0.3312919658704059,4,52
2,3,0,structural_median,100.0,0.32352722890377833,4,52
2,3,0,descriptor_local_svd,0.1,0.2936265385952887,4,52
2,3,0,descriptor_local_svd,1.0,0.2854343649228389,4,52
2,3,0,descriptor_local_svd,10.0,0.2731875614431667,4,52
2,3,0,descriptor_local_svd,100.0,0.29699994460703244,4,52
2,3,0,degree_preserving_null,0.1,0.4538258899403207,4,52
2,3,0,degree_preserving_null,1.0,0.44327493718684813,4,52
2,3,0,degree_preserving_null,10.0,0.3959941923931117,4,52
2,3,0,degree_preserving_null,100.0,0.3709341112273775,4,52
2,3,0,family_median,0.1,0.49825798095799034,4,52
2,3,0,family_median,1.0,0.49720772045223405,4,52
2,3,0,family_median,10.0,0.48919798365533806,4,52
2,3,0,family_median,100.0,0.483867582925847,4,52
2,3,0,all_visible_ridge,0.1,0.6700964921446854,4,52
2,3,0,all_visible_ridge,1.0,0.3966215478376199,4,52
2,3,0,all_visible_ridge,10.0,0.24811531854219326,4,52
2,3,0,all_visible_ridge,100.0,0.21995086748822318,4,52
2,3,0,pca_matched_dimension,0.1,0.23559965522347334,4,52
2,3,0,pca_matched_dimension,1.0,0.2352510347922353,4,52
2,3,0,pca_matched_dimension,10.0,0.23279702677269487,4,52
2,3,0,pca_matched_dimension,100.0,0.26183056308507513,4,52
2,3,1,structural_median,0.1,10.205242308695166,4,52
2,3,1,structural_median,1.0,10.070167318871846,4,52
2,3,1,structural_median,10.0,10.45294539591965,4,52
2,3,1,structural_median,100.0,14.88926096791101,4,52
2,3,1,descriptor_local_svd,0.1,7.534122468510034,4,52
2,3,1,descriptor_local_svd,1.0,7.263395039284397,4,52
2,3,1,descriptor_local_svd,10.0,7.538216349895531,4,52
2,3,1,descriptor_local_svd,100.0,11.324307740666004,4,52
2,3,1,degree_preserving_null,0.1,23.59472909982341,4,52
2,3,1,degree_preserving_null,1.0,23.570058168255056,4,52
2,3,1,degree_preserving_null,10.0,23.506009888588355,4,52
2,3,1,degree_preserving_null,100.0,23.782363013232196,4,52
2,3,1,family_median,0.1,24.652206047127226,4,52
2,3,1,family_median,1.0,24.654178556110704,4,52
2,3,1,family_median,10.0,24.67463547215631,4,52
2,3,1,family_median,100.0,24.841639374146997,4,52
2,3,1,all_visible_ridge,0.1,9.740716342555213,4,52
2,3,1,all_visible_ridge,1.0,6.83768402306543,4,52
2,3,1,all_visible_ridge,10.0,5.407537922780894,4,52
2,3,1,all_visible_ridge,100.0,6.682186430401256,4,52
2,3,1,pca_matched_dimension,0.1,6.4550545648189095,4,52
2,3,1,pca_matched_dimension,1.0,6.453702653425179,4,52
2,3,1,pca_matched_dimension,10.0,6.468377960674062,4,52
2,3,1,pca_matched_dimension,100.0,8.008589725953101,4,52
2,3,2,structural_median,0.1,1.0221773906005152,4,52
2,3,2,structural_median,1.0,0.9945428023794753,4,52
2,3,2,structural_median,10.0,0.9342668570509632,4,52
2,3,2,structural_median,100.0,1.0001500546945277,4,52
2,3,2,descriptor_local_svd,0.1,0.6846340501910791,4,52
2,3,2,descriptor_local_svd,1.0,0.6770565583298263,4,52
2,3,2,descriptor_local_svd,10.0,0.6610749037966854,4,52
2,3,2,descriptor_local_svd,100.0,0.8004702512104023,4,52
2,3,2,degree_preserving_null,0.1,1.4711966704886859,4,52
2,3,2,degree_preserving_null,1.0,1.4497295481234287,4,52
2,3,2,degree_preserving_null,10.0,1.3569223248760682,4,52
2,3,2,degree_preserving_null,100.0,1.330751457162325,4,52
2,3,2,family_median,0.1,1.8816329561699079,4,52
2,3,2,family_median,1.0,1.8816843995867822,4,52
2,3,2,family_median,10.0,1.8839423852403887,4,52
2,3,2,family_median,100.0,1.9344820223084804,4,52
2,3,2,all_visible_ridge,0.1,1.4513069224461064,4,52
2,3,2,all_visible_ridge,1.0,0.8063870249642036,4,52
2,3,2,all_visible_ridge,10.0,0.5199242517005473,4,52
2,3,2,all_visible_ridge,100.0,0.520249784923454,4,52
2,3,2,pca_matched_dimension,0.1,0.5353574614329691,4,52
2,3,2,pca_matched_dimension,1.0,0.5363966822557913,4,52
2,3,2,pca_matched_dimension,10.0,0.5485467416347471,4,52
2,3,2,pca_matched_dimension,100.0,0.7473138496886933,4,52
2,4,0,structural_median,0.1,9.457863206079738,4,52
2,4,0,structural_median,1.0,9.578603414545839,4,52
2,4,0,structural_median,10.0,10.446164976080384,4,52
2,4,0,structural_median,100.0,14.681813316816989,4,52
2,4,0,descriptor_local_svd,0.1,7.3505709908863786,4,52
2,4,0,descriptor_local_svd,1.0,7.404113217279946,4,52
2,4,0,descriptor_local_svd,10.0,8.100135477238053,4,52
2,4,0,descriptor_local_svd,100.0,11.918757208946246,4,52
2,4,0,degree_preserving_null,0.1,22.794141023512207,4,52
2,4,0,degree_preserving_null,1.0,22.76905994700899,4,52
2,4,0,degree_preserving_null,10.0,22.71876066736192,4,52
2,4,0,degree_preserving_null,100.0,23.08271478053029,4,52
2,4,0,family_median,0.1,24.01662781858708,4,52
2,4,0,family_median,1.0,24.018630419100077,4,52
2,4,0,family_median,10.0,24.040078436601178,4,52
2,4,0,family_median,100.0,24.20949595323349,4,52
2,4,0,all_visible_ridge,0.1,11.17075839668619,4,52
2,4,0,all_visible_ridge,1.0,8.14876732036014,4,52
2,4,0,all_visible_ridge,10.0,6.573220638469071,4,52
2,4,0,all_visible_ridge,100.0,7.45224372864484,4,52
2,4,0,pca_matched_dimension,0.1,7.026517783530901,4,52
2,4,0,pca_matched_dimension,1.0,7.025150276709052,4,52
2,4,0,pca_matched_dimension,10.0,7.037957981158883,4,52
2,4,0,pca_matched_dimension,100.0,8.475734157001337,4,52
2,4,1,structural_median,0.1,0.4386685472806888,4,52
2,4,1,structural_median,1.0,0.4178149131512687,4,52
2,4,1,structural_median,10.0,0.3603297543780161,4,52
2,4,1,structural_median,100.0,0.3381523569791184,4,52
2,4,1,descriptor_local_svd,0.1,0.3420319135658599,4,52
2,4,1,descriptor_local_svd,1.0,0.33136960624583117,4,52
2,4,1,descriptor_local_svd,10.0,0.31771584964281585,4,52
2,4,1,descriptor_local_svd,100.0,0.3279008272187916,4,52
2,4,1,degree_preserving_null,0.1,0.49856715484758046,4,52
2,4,1,degree_preserving_null,1.0,0.483584778303265,4,52
2,4,1,degree_preserving_null,10.0,0.4187768926699026,4,52
2,4,1,degree_preserving_null,100.0,0.38198822084648526,4,52
2,4,1,family_median,0.1,0.5426233083155159,4,52
2,4,1,family_median,1.0,0.542277276848305,4,52
2,4,1,family_median,10.0,0.5402626460798097,4,52
2,4,1,family_median,100.0,0.5543228294218452,4,52
2,4,1,all_visible_ridge,0.1,0.7350691776413505,4,52
2,4,1,all_visible_ridge,1.0,0.44291225430505304,4,52
2,4,1,all_visible_ridge,10.0,0.29266806517627525,4,52
2,4,1,all_visible_ridge,100.0,0.2583466296807464,4,52
2,4,1,pca_matched_dimension,0.1,0.2826357314922471,4,52
2,4,1,pca_matched_dimension,1.0,0.28240946470105677,4,52
2,4,1,pca_matched_dimension,10.0,0.28114553578383283,4,52
2,4,1,pca_matched_dimension,100.0,0.31939323094641625,4,52
2,4,2,structural_median,0.1,0.428468498162713,4,52
2,4,2,structural_median,1.0,0.4133975138758259,4,52
2,4,2,structural_median,10.0,0.36888525518971205,4,52
2,4,2,structural_median,100.0,0.3614587907820678,4,52
2,4,2,descriptor_local_svd,0.1,0.32664068623063475,4,52
2,4,2,descriptor_local_svd,1.0,0.3140919187516864,4,52
2,4,2,descriptor_local_svd,10.0,0.2931014138902105,4,52
2,4,2,descriptor_local_svd,100.0,0.3200858096986976,4,52
2,4,2,degree_preserving_null,0.1,0.5252176445703381,4,52
2,4,2,degree_preserving_null,1.0,0.5098709130014549,4,52
2,4,2,degree_preserving_null,10.0,0.44619195911776155,4,52
2,4,2,degree_preserving_null,100.0,0.41830460144710385,4,52
2,4,2,family_median,0.1,0.553461466168379,4,52
2,4,2,family_median,1.0,0.5528842375793042,4,52
2,4,2,family_median,10.0,0.5489088290072993,4,52
2,4,2,family_median,100.0,0.5585508884733719,4,52
2,4,2,all_visible_ridge,0.1,0.9404933995727072,4,52
2,4,2,all_visible_ridge,1.0,0.49153343760407064,4,52
2,4,2,all_visible_ridge,10.0,0.27695922100204245,4,52
2,4,2,all_visible_ridge,100.0,0.23991720243960157,4,52
2,4,2,pca_matched_dimension,0.1,0.26394620165805216,4,52
2,4,2,pca_matched_dimension,1.0,0.26356714297901945,4,52
2,4,2,pca_matched_dimension,10.0,0.26099730262171184,4,52
2,4,2,pca_matched_dimension,100.0,0.29837433191191404,4,52
3,0,0,structural_median,0.1,0.3152218475020905,4,50
3,0,0,structural_median,1.0,0.30161127636727547,4,50
3,0,0,structural_median,10.0,0.26682098125224235,4,50
3,0,0,structural_median,100.0,0.2628194608391722,4,50
3,0,0,descriptor_local_svd,0.1,0.232598002421311,4,50
3,0,0,descriptor_local_svd,1.0,0.21845599105472535,4,50
3,0,0,descriptor_local_svd,10.0,0.21263160991560892,4,50
3,0,0,descriptor_local_svd,100.0,0.23946665428230993,4,50
3,0,0,degree_preserving_null,0.1,0.38957527765747807,4,50
3,0,0,degree_preserving_null,1.0,0.37949842464552175,4,50
3,0,0,degree_preserving_null,10.0,0.33584867156732545,4,50
3,0,0,degree_preserving_null,100.0,0.3092882307874688,4,50
3,0,0,family_median,0.1,0.39823421437783424,4,50
3,0,0,family_median,1.0,0.39771191438475273,4,50
3,0,0,family_median,10.0,0.3945433284984884,4,50
3,0,0,family_median,100.0,0.4152395819480466,4,50
3,0,0,all_visible_ridge,0.1,0.6792760913781949,4,50
3,0,0,all_visible_ridge,1.0,0.37278478080206057,4,50
3,0,0,all_visible_ridge,10.0,0.2175099279413553,4,50
3,0,0,all_visible_ridge,100.0,0.18421792483449204,4,50
3,0,0,pca_matched_dimension,0.1,0.20376916334547235,4,50
3,0,0,pca_matched_dimension,1.0,0.20351263660430421,4,50
3,0,0,pca_matched_dimension,10.0,0.2019538187160131,4,50
3,0,0,pca_matched_dimension,100.0,0.23788942760870782,4,50
3,0,1,structural_median,0.1,4.748948577978243,4,50
3,0,1,structural_median,1.0,4.603078809634991,4,50
3,0,1,structural_median,10.0,4.325148463354096,4,50
3,0,1,structural_median,100.0,6.569090367103644,4,50
3,0,1,descriptor_local_svd,0.1,2.5147332653010324,4,50
3,0,1,descriptor_local_svd,1.0,2.464238962847511,4,50
3,0,1,descriptor_local_svd,10.0,2.6204117047279554,4,50
3,0,1,descriptor_local_svd,100.0,4.782285986895964,4,50
3,0,1,degree_preserving_null,0.1,23.267186897121906,4,50
3,0,1,degree_preserving_null,1.0,23.276003090018328,4,50
3,0,1,degree_preserving_null,10.0,23.35306731442786,4,50
3,0,1,degree_preserving_null,100.0,23.671835884717087,4,50
3,0,1,family_median,0.1,24.216833307153497,4,50
3,0,1,family_median,1.0,24.218682860231144,4,50
3,0,1,family_median,10.0,24.238809978298786,4,50
3,0,1,family_median,100.0,24.426714669733812,4,50
3,0,1,all_visible_ridge,0.1,4.812228226684335,4,50
3,0,1,all_visible_ridge,1.0,2.778963867657233,4,50
3,0,1,all_visible_ridge,10.0,2.041068769359835,4,50
3,0,1,all_visible_ridge,100.0,3.3779250546618007,4,50
3,0,1,pca_matched_dimension,0.1,2.4526296654521262,4,50
3,0,1,pca_matched_dimension,1.0,2.459065693305746,4,50
3,0,1,pca_matched_dimension,10.0,2.550896562403765,4,50
3,0,1,pca_matched_dimension,100.0,4.760557529827151,4,50
3,0,2,structural_median,0.1,0.6882428006347023,4,50
3,0,2,structural_median,1.0,0.6651846624457118,4,50
3,0,2,structural_median,10.0,0.6113255017370808,4,50
3,0,2,structural_median,100.0,0.6768596632122703,4,50
3,0,2,descriptor_local_svd,0.1,0.5511549815007895,4,50
3,0,2,descriptor_local_svd,1.0,0.5263445903057211,4,50
3,0,2,descriptor_local_svd,10.0,0.5147229874572354,4,50
3,0,2,descriptor_local_svd,100.0,0.6049394741114797,4,50
3,0,2,degree_preserving_null,0.1,1.041033181413435,4,50
3,0,2,degree_preserving_null,1.0,1.0244170830563861,4,50
3,0,2,degree_preserving_null,10.0,0.967576185862516,4,50
3,0,2,degree_preserving_null,100.0,1.0092505456860692,4,50
3,0,2,family_median,0.1,1.377643899535806,4,50
3,0,2,family_median,1.0,1.379503227127557,4,50
3,0,2,family_median,10.0,1.3973427305277646,4,50
3,0,2,family_median,100.0,1.5166525390117476,4,50
3,0,2,all_visible_ridge,0.1,1.636551809736308,4,50
3,0,2,all_visible_ridge,1.0,0.8407035782899246,4,50
3,0,2,all_visible_ridge,10.0,0.5220465901344129,4,50
3,0,2,all_visible_ridge,100.0,0.4599238734620372,4,50
3,0,2,pca_matched_dimension,0.1,0.47831669025156404,4,50
3,0,2,pca_matched_dimension,1.0,0.4777692737467775,4,50
3,0,2,pca_matched_dimension,10.0,0.4750793016418472,4,50
3,0,2,pca_matched_dimension,100.0,0.5893245563085631,4,50
3,1,0,structural_median,0.1,0.30013562985954906,4,50
3,1,0,structural_median,1.0,0.2890649799384273,4,50
3,1,0,structural_median,10.0,0.257462266165702,4,50
3,1,0,structural_median,100.0,0.2540972767144405,4,50
3,1,0,descriptor_local_svd,0.1,0.2300593418172514,4,50
3,1,0,descriptor_local_svd,1.0,0.21774044914347696,4,50
3,1,0,descriptor_local_svd,10.0,0.20743831414854583,4,50
3,1,0,descriptor_local_svd,100.0,0.23220881688290407,4,50
3,1,0,degree_preserving_null,0.1,0.3725716168279606,4,50
3,1,0,degree_preserving_null,1.0,0.3635843202583671,4,50
3,1,0,degree_preserving_null,10.0,0.3236098473513771,4,50
3,1,0,degree_preserving_null,100.0,0.3010175385927881,4,50
3,1,0,family_median,0.1,0.4274606560590712,4,50
3,1,0,family_median,1.0,0.4266381087238926,4,50
3,1,0,family_median,10.0,0.4200297801777493,4,50
3,1,0,family_median,100.0,0.41195509401319463,4,50
3,1,0,all_visible_ridge,0.1,0.5379238704264373,4,50
3,1,0,all_visible_ridge,1.0,0.3065847056874672,4,50
3,1,0,all_visible_ridge,10.0,0.19483870199423572,4,50
3,1,0,all_visible_ridge,100.0,0.17826120975110477,4,50
3,1,0,pca_matched_dimension,0.1,0.1965189585690003,4,50
3,1,0,pca_matched_dimension,1.0,0.19627720881444882,4,50
3,1,0,pca_matched_dimension,10.0,0.19476395538788968,4,50
3,1,0,pca_matched_dimension,100.0,0.2260193941183217,4,50
3,1,1,structural_median,0.1,6.3269283514403325,4,50
3,1,1,structural_median,1.0,6.106964902582388,4,50
3,1,1,structural_median,10.0,5.203707515819306,4,50
3,1,1,structural_median,100.0,5.021690236434877,4,50
3,1,1,descriptor_local_svd,0.1,3.3968119680206383,4,50
3,1,1,descriptor_local_svd,1.0,3.1073624790595753,4,50
3,1,1,descriptor_local_svd,10.0,2.889672549814491,4,50
3,1,1,descriptor_local_svd,100.0,3.935849144989995,4,50
3,1,1,degree_preserving_null,0.1,17.424624943536518,4,50
3,1,1,degree_preserving_null,1.0,17.442077234614956,4,50
3,1,1,degree_preserving_null,10.0,17.586569837841715,4,50
3,1,1,degree_preserving_null,100.0,18.186854515723393,4,50
3,1,1,family_median,0.1,19.191693272596915,4,50
3,1,1,family_median,1.0,19.196743521875746,4,50
3,1,1,family_median,10.0,19.244374886192738,4,50
3,1,1,family_median,100.0,19.540564769090572,4,50
3,1,1,all_visible_ridge,0.1,12.52354479229984,4,50
3,1,1,all_visible_ridge,1.0,6.375456713795605,4,50
3,1,1,all_visible_ridge,10.0,3.55401093452097,4,50
3,1,1,all_visible_ridge,100.0,3.4305175284598652,4,50
3,1,1,pca_matched_dimension,0.1,3.1684022711290543,4,50
3,1,1,pca_matched_dimension,1.0,3.168788693785572,4,50
3,1,1,pca_matched_dimension,10.0,3.197138396767785,4,50
3,1,1,pca_matched_dimension,100.0,4.677435469493834,4,50
3,1,2,structural_median,0.1,0.3779520879311045,4,50
3,1,2,structural_median,1.0,0.3661835585891645,4,50
3,1,2,structural_median,10.0,0.33034080636893304,4,50
3,1,2,structural_median,100.0,0.3264644838751486,4,50
3,1,2,descriptor_local_svd,0.1,0.27305697906384474,4,50
3,1,2,descriptor_local_svd,1.0,0.25564369549441723,4,50
3,1,2,descriptor_local_svd,10.0,0.2464150792683148,4,50
3,1,2,descriptor_local_svd,100.0,0.2843213727568489,4,50
3,1,2,degree_preserving_null,0.1,0.45202673505435265,4,50
3,1,2,degree_preserving_null,1.0,0.4414585858421571,4,50
3,1,2,degree_preserving_null,10.0,0.3895104219519625,4,50
3,1,2,degree_preserving_null,100.0,0.3552984767966735,4,50
3,1,2,family_median,0.1,0.5205953858921292,4,50
3,1,2,family_median,1.0,0.5196972211168295,4,50
3,1,2,family_median,10.0,0.5136376953812585,4,50
3,1,2,family_median,100.0,0.5256910425552263,4,50
3,1,2,all_visible_ridge,0.1,0.8015073493674905,4,50
3,1,2,all_visible_ridge,1.0,0.4152742705585516,4,50
3,1,2,all_visible_ridge,10.0,0.23643485671568173,4,50
3,1,2,all_visible_ridge,100.0,0.19951952258076558,4,50
3,1,2,pca_matched_dimension,0.1,0.22303352923258224,4,50
3,1,2,pca_matched_dimension,1.0,0.2225553756230358,4,50
3,1,2,pca_matched_dimension,10.0,0.2190999931138103,4,50
3,1,2,pca_matched_dimension,100.0,0.2536357208386223,4,50
3,2,0,structural_median,0.1,0.4467586535521557,4,50
3,2,0,structural_median,1.0,0.43361977548062347,4,50
3,2,0,structural_median,10.0,0.40248596330010494,4,50
3,2,0,structural_median,100.0,0.4218370493059682,4,50
3,2,0,descriptor_local_svd,0.1,0.31697727673423465,4,50
3,2,0,descriptor_local_svd,1.0,0.3031069957434086,4,50
3,2,0,descriptor_local_svd,10.0,0.3058076794115003,4,50
3,2,0,descriptor_local_svd,100.0,0.37283371462747267,4,50
3,2,0,degree_preserving_null,0.1,0.5919140971470476,4,50
3,2,0,degree_preserving_null,1.0,0.5780509610481863,4,50
3,2,0,degree_preserving_null,10.0,0.5171862333513336,4,50
3,2,0,degree_preserving_null,100.0,0.4934790471913828,4,50
3,2,0,family_median,0.1,0.6272897843058973,4,50
3,2,0,family_median,1.0,0.6267411416153879,4,50
3,2,0,family_median,10.0,0.623336341988209,4,50
3,2,0,family_median,100.0,0.6409198856111245,4,50
3,2,0,all_visible_ridge,0.1,0.9167026826392186,4,50
3,2,0,all_visible_ridge,1.0,0.4938867892359383,4,50
3,2,0,all_visible_ridge,10.0,0.2873259896327114,4,50
3,2,0,all_visible_ridge,100.0,0.24957809214799123,4,50
3,2,0,pca_matched_dimension,0.1,0.2743111960697606,4,50
3,2,0,pca_matched_dimension,1.0,0.2740790719594677,4,50
3,2,0,pca_matched_dimension,10.0,0.2729413722584507,4,50
3,2,0,pca_matched_dimension,100.0,0.32155918749238627,4,50
3,2,1,structural_median,0.1,0.733358345478331,4,50
3,2,1,structural_median,1.0,0.6953110882425744,4,50
3,2,1,structural_median,10.0,0.5870842076017603,4,50
3,2,1,structural_median,100.0,0.5672628124404069,4,50
3,2,1,descriptor_local_svd,0.1,0.5626095553202914,4,50
3,2,1,descriptor_local_svd,1.0,0.5438371696724299,4,50
3,2,1,descriptor_local_svd,10.0,0.5076628228322894,4,50
3,2,1,descriptor_local_svd,100.0,0.5230721884286941,4,50
3,2,1,degree_preserving_null,0.1,0.9427979410933947,4,50
3,2,1,degree_preserving_null,1.0,0.9260125005906465,4,50
3,2,1,degree_preserving_null,10.0,0.8489775032444538,4,50
3,2,1,degree_preserving_null,100.0,0.8231568771857415,4,50
3,2,1,family_median,0.1,1.1181594791110003,4,50
3,2,1,family_median,1.0,1.1193354789000127,4,50
3,2,1,family_median,10.0,1.1316962910565054,4,50
3,2,1,family_median,100.0,1.2340054166860863,4,50
3,2,1,all_visible_ridge,0.1,1.6245886814463657,4,50
3,2,1,all_visible_ridge,1.0,0.8318479209613724,4,50
3,2,1,all_visible_ridge,10.0,0.4896197024710647,4,50
3,2,1,all_visible_ridge,100.0,0.40503438094943933,4,50
3,2,1,pca_matched_dimension,0.1,0.451334749932943,4,50
3,2,1,pca_matched_dimension,1.0,0.4503496251948088,4,50
3,2,1,pca_matched_dimension,10.0,0.44328599135561464,4,50
3,2,1,pca_matched_dimension,100.0,0.5177070732553156,4,50
3,2,2,structural_median,0.1,0.3880953536660503,4,50
3,2,2,structural_median,1.0,0.36861268911884243,4,50
3,2,2,structural_median,10.0,0.3152978197602455,4,50
3,2,2,structural_median,100.0,0.3101792217496446,4,50
3,2,2,descriptor_local_svd,0.1,0.28307957588481136,4,50
3,2,2,descriptor_local_svd,1.0,0.27103845791097625,4,50
3,2,2,descriptor_local_svd,10.0,0.2616123377767373,4,50
3,2,2,descriptor_local_svd,100.0,0.2917136563887342,4,50
3,2,2,degree_preserving_null,0.1,0.4735987288584844,4,50
3,2,2,degree_preserving_null,1.0,0.4595497090357571,4,50
3,2,2,degree_preserving_null,10.0,0.4012957475899324,4,50
3,2,2,degree_preserving_null,100.0,0.3673369270904753,4,50
3,2,2,family_median,0.1,0.5049047050491292,4,50
3,2,2,family_median,1.0,0.5043904469662501,4,50
3,2,2,family_median,10.0,0.5011219362351812,4,50
3,2,2,family_median,100.0,0.519136760361983,4,50
3,2,2,all_visible_ridge,0.1,0.6532613375628809,4,50
3,2,2,all_visible_ridge,1.0,0.3813943533641922,4,50
3,2,2,all_visible_ridge,10.0,0.2535939980456908,4,50
3,2,2,all_visible_ridge,100.0,0.2295613523886576,4,50
3,2,2,pca_matched_dimension,0.1,0.24778788312412256,4,50
3,2,2,pca_matched_dimension,1.0,0.24748741971837648,4,50
3,2,2,pca_matched_dimension,10.0,0.24563791713866567,4,50
3,2,2,pca_matched_dimension,100.0,0.28632992207426244,4,50
3,3,0,structural_median,0.1,0.30865553240535903,4,50
3,3,0,structural_median,1.0,0.3015201347756722,4,50
3,3,0,structural_median,10.0,0.2863810315232844,4,50
3,3,0,structural_median,100.0,0.29998185379100917,4,50
3,3,0,descriptor_local_svd,0.1,0.2451183759224692,4,50
3,3,0,descriptor_local_svd,1.0,0.23471133910083256,4,50
3,3,0,descriptor_local_svd,10.0,0.23440556355983178,4,50
3,3,0,descriptor_local_svd,100.0,0.2687195416145709,4,50
3,3,0,degree_preserving_null,0.1,0.42142474760539406,4,50
3,3,0,degree_preserving_null,1.0,0.4127230587530628,4,50
3,3,0,degree_preserving_null,10.0,0.3708119424359237,4,50
3,3,0,degree_preserving_null,100.0,0.339506067813649,4,50
3,3,0,family_median,0.1,0.45810014372131075,4,50
3,3,0,family_median,1.0,0.4574082755915629,4,50
3,3,0,family_median,10.0,0.45214857462529173,4,50
3,3,0,family_median,100.0,0.4537534575350288,4,50
3,3,0,all_visible_ridge,0.1,0.5744458386804834,4,50
3,3,0,all_visible_ridge,1.0,0.33240476398138563,4,50
3,3,0,all_visible_ridge,10.0,0.21934294258527381,4,50
3,3,0,all_visible_ridge,100.0,0.2012341072367276,4,50
3,3,0,pca_matched_dimension,0.1,0.22431045205646405,4,50
3,3,0,pca_matched_dimension,1.0,0.22403417620404292,4,50
3,3,0,pca_matched_dimension,10.0,0.22228535683022038,4,50
3,3,0,pca_matched_dimension,100.0,0.2568570023047196,4,50
3,3,1,structural_median,0.1,7.778810608142789,4,50
3,3,1,structural_median,1.0,7.717867519793815,4,50
3,3,1,structural_median,10.0,7.835183359256572,4,50
3,3,1,structural_median,100.0,11.718728870975083,4,50
3,3,1,descriptor_local_svd,0.1,4.307718841117167,4,50
3,3,1,descriptor_local_svd,1.0,4.247937990451936,4,50
3,3,1,descriptor_local_svd,10.0,4.384541910724481,4,50
3,3,1,descriptor_local_svd,100.0,8.788504615494341,4,50
3,3,1,degree_preserving_null,0.1,32.07897006472664,4,50
3,3,1,degree_preserving_null,1.0,32.09606998957122,4,50
3,3,1,degree_preserving_null,10.0,32.19807442724158,4,50
3,3,1,degree_preserving_null,100.0,32.523031860310354,4,50
3,3,1,family_median,0.1,33.01880735371151,4,50
3,3,1,family_median,1.0,33.02316430726129,4,50
3,3,1,family_median,10.0,33.065721742738674,4,50
3,3,1,family_median,100.0,33.36810415070035,4,50
3,3,1,all_visible_ridge,0.1,7.632064994273464,4,50
3,3,1,all_visible_ridge,1.0,5.194701014643149,4,50
3,3,1,all_visible_ridge,10.0,3.949476335580309,4,50
3,3,1,all_visible_ridge,100.0,6.239869068004709,4,50
3,3,1,pca_matched_dimension,0.1,4.4942450767276805,4,50
3,3,1,pca_matched_dimension,1.0,4.521182288427289,4,50
3,3,1,pca_matched_dimension,10.0,4.812249625891909,4,50
3,3,1,pca_matched_dimension,100.0,8.555810352700062,4,50
3,3,2,structural_median,0.1,0.6577670928035402,4,50
3,3,2,structural_median,1.0,0.6264705166039117,4,50
3,3,2,structural_median,10.0,0.5430797272504025,4,50
3,3,2,structural_median,100.0,0.4910470905836223,4,50
3,3,2,descriptor_local_svd,0.1,0.5477066810062081,4,50
3,3,2,descriptor_local_svd,1.0,0.49772686411235684,4,50
3,3,2,descriptor_local_svd,10.0,0.44963516078059695,4,50
3,3,2,descriptor_local_svd,100.0,0.4687217916827228,4,50
3,3,2,degree_preserving_null,0.1,0.7688196209575588,4,50
3,3,2,degree_preserving_null,1.0,0.7512637971092342,4,50
3,3,2,degree_preserving_null,10.0,0.6787365462230153,4,50
3,3,2,degree_preserving_null,100.0,0.6620013399142873,4,50
3,3,2,family_median,0.1,1.021657407314473,4,50
3,3,2,family_median,1.0,1.0227285179800556,4,50
3,3,2,family_median,10.0,1.0335376035476616,4,50
3,3,2,family_median,100.0,1.1198203178630788,4,50
3,3,2,all_visible_ridge,0.1,1.452213566135974,4,50
3,3,2,all_visible_ridge,1.0,0.8113503920705296,4,50
3,3,2,all_visible_ridge,10.0,0.4711123351944584,4,50
3,3,2,all_visible_ridge,100.0,0.3819821538013214,4,50
3,3,2,pca_matched_dimension,0.1,0.4258636190555835,4,50
3,3,2,pca_matched_dimension,1.0,0.42448554197756905,4,50
3,3,2,pca_matched_dimension,10.0,0.4134649528118462,4,50
3,3,2,pca_matched_dimension,100.0,0.4503338450653469,4,50
3,4,0,structural_median,0.1,6.716564213092616,4,50
3,4,0,structural_median,1.0,6.600423071499372,4,50
3,4,0,structural_median,10.0,6.482318107506672,4,50
3,4,0,structural_median,100.0,9.611039129326176,4,50
3,4,0,descriptor_local_svd,0.1,4.1666530954185355,4,50
3,4,0,descriptor_local_svd,1.0,4.0529122878160315,4,50
3,4,0,descriptor_local_svd,10.0,4.362573440389875,4,50
3,4,0,descriptor_local_svd,100.0,7.900477177984371,4,50
3,4,0,degree_preserving_null,0.1,26.40217698540234,4,50
3,4,0,degree_preserving_null,1.0,26.419010932583127,4,50
3,4,0,degree_preserving_null,10.0,26.540469815431017,4,50
3,4,0,degree_preserving_null,100.0,27.03030567742205,4,50
3,4,0,family_median,0.1,27.73406611066052,4,50
3,4,0,family_median,1.0,27.737480888983256,4,50
3,4,0,family_median,10.0,27.771849843632065,4,50
3,4,0,family_median,100.0,28.021145225006766,4,50
3,4,0,all_visible_ridge,0.1,9.088345667232142,4,50
3,4,0,all_visible_ridge,1.0,5.647843147673309,4,50
3,4,0,all_visible_ridge,10.0,3.7757678039116804,4,50
3,4,0,all_visible_ridge,100.0,5.696237670617643,4,50
3,4,0,pca_matched_dimension,0.1,4.010501098737913,4,50
3,4,0,pca_matched_dimension,1.0,4.036537041527159,4,50
3,4,0,pca_matched_dimension,10.0,4.312176743929743,4,50
3,4,0,pca_matched_dimension,100.0,7.594756290177268,4,50
3,4,1,structural_median,0.1,0.3463354681945992,4,50
3,4,1,structural_median,1.0,0.32893546903896426,4,50
3,4,1,structural_median,10.0,0.284807410756664,4,50
3,4,1,structural_median,100.0,0.27184052749581394,4,50
3,4,1,descriptor_local_svd,0.1,0.2603711550092591,4,50
3,4,1,descriptor_local_svd,1.0,0.24698835821591816,4,50
3,4,1,descriptor_local_svd,10.0,0.23760449227527178,4,50
3,4,1,descriptor_local_svd,100.0,0.2551600513767563,4,50
3,4,1,degree_preserving_null,0.1,0.4604548091324787,4,50
3,4,1,degree_preserving_null,1.0,0.4450025273420169,4,50
3,4,1,degree_preserving_null,10.0,0.3759118972273956,4,50
3,4,1,degree_preserving_null,100.0,0.3199778260290227,4,50
3,4,1,family_median,0.1,0.40794960197580227,4,50
3,4,1,family_median,1.0,0.40764246451321684,4,50
3,4,1,family_median,10.0,0.4059326754493839,4,50
3,4,1,family_median,100.0,0.4255086217458936,4,50
3,4,1,all_visible_ridge,0.1,0.6816742589872277,4,50
3,4,1,all_visible_ridge,1.0,0.403775200849584,4,50
3,4,1,all_visible_ridge,10.0,0.2443914752493495,4,50
3,4,1,all_visible_ridge,100.0,0.2001363032167648,4,50
3,4,1,pca_matched_dimension,0.1,0.22207107033358045,4,50
3,4,1,pca_matched_dimension,1.0,0.2215970808767938,4,50
3,4,1,pca_matched_dimension,10.0,0.21801916035549887,4,50
3,4,1,pca_matched_dimension,100.0,0.24324695395852142,4,50
3,4,2,structural_median,0.1,0.39507446023824644,4,50
3,4,2,structural_median,1.0,0.3809222124735793,4,50
3,4,2,structural_median,10.0,0.3483757992949496,4,50
3,4,2,structural_median,100.0,0.36093492042266373,4,50
3,4,2,descriptor_local_svd,0.1,0.3013322139261929,4,50
3,4,2,descriptor_local_svd,1.0,0.2887510966278196,4,50
3,4,2,descriptor_local_svd,10.0,0.28293366636965334,4,50
3,4,2,descriptor_local_svd,100.0,0.32464288929232044,4,50
3,4,2,degree_preserving_null,0.1,0.5177141762370502,4,50
3,4,2,degree_preserving_null,1.0,0.5064866959810863,4,50
3,4,2,degree_preserving_null,10.0,0.4573853240821937,4,50
3,4,2,degree_preserving_null,100.0,0.4377690596668189,4,50
3,4,2,family_median,0.1,0.5689842624672896,4,50
3,4,2,family_median,1.0,0.5684642483443694,4,50
3,4,2,family_median,10.0,0.564796554541932,4,50
3,4,2,family_median,100.0,0.5725225172410751,4,50
3,4,2,all_visible_ridge,0.1,0.8554497161176893,4,50
3,4,2,all_visible_ridge,1.0,0.4673272097672065,4,50
3,4,2,all_visible_ridge,10.0,0.28163524653899696,4,50
3,4,2,all_visible_ridge,100.0,0.2477337595847642,4,50
3,4,2,pca_matched_dimension,0.1,0.26594233424585856,4,50
3,4,2,pca_matched_dimension,1.0,0.2656286753381089,4,50
3,4,2,pca_matched_dimension,10.0,0.26372813137634415,4,50
3,4,2,pca_matched_dimension,100.0,0.30798843412527954,4,50
4,0,0,structural_median,0.1,0.362641560806212,4,47
4,0,0,structural_median,1.0,0.3470673770465412,4,47
4,0,0,structural_median,10.0,0.3070413141652754,4,47
4,0,0,structural_median,100.0,0.3100354272772804,4,47
4,0,0,descriptor_local_svd,0.1,0.27760457697836755,4,47
4,0,0,descriptor_local_svd,1.0,0.26525132775179167,4,47
4,0,0,descriptor_local_svd,10.0,0.26192569840839797,4,47
4,0,0,descriptor_local_svd,100.0,0.29844761485737853,4,47
4,0,0,degree_preserving_null,0.1,0.4359749236753154,4,47
4,0,0,degree_preserving_null,1.0,0.4242555672730677,4,47
4,0,0,degree_preserving_null,10.0,0.3775689512182643,4,47
4,0,0,degree_preserving_null,100.0,0.3650540014586777,4,47
4,0,0,family_median,0.1,0.5065753039596881,4,47
4,0,0,family_median,1.0,0.5055764542153872,4,47
4,0,0,family_median,10.0,0.4983329355636683,4,47
4,0,0,family_median,100.0,0.4991300347508252,4,47
4,0,0,all_visible_ridge,0.1,0.7716145815269133,4,47
4,0,0,all_visible_ridge,1.0,0.4264501103774553,4,47
4,0,0,all_visible_ridge,10.0,0.25092883908847474,4,47
4,0,0,all_visible_ridge,100.0,0.21948693306112846,4,47
4,0,0,pca_matched_dimension,0.1,0.237945267975863,4,47
4,0,0,pca_matched_dimension,1.0,0.23776510995459224,4,47
4,0,0,pca_matched_dimension,10.0,0.23684908161418028,4,47
4,0,0,pca_matched_dimension,100.0,0.2726336635894535,4,47
4,0,1,structural_median,0.1,5.007153220875446,4,47
4,0,1,structural_median,1.0,4.998535201440337,4,47
4,0,1,structural_median,10.0,5.191471337498921,4,47
4,0,1,structural_median,100.0,7.177243594585121,4,47
4,0,1,descriptor_local_svd,0.1,3.513736063721822,4,47
4,0,1,descriptor_local_svd,1.0,3.107709446428624,4,47
4,0,1,descriptor_local_svd,10.0,2.9735760443999277,4,47
4,0,1,descriptor_local_svd,100.0,3.7552844615140515,4,47
4,0,1,degree_preserving_null,0.1,15.185516604620307,4,47
4,0,1,degree_preserving_null,1.0,15.146854167910806,4,47
4,0,1,degree_preserving_null,10.0,14.990956610578346,4,47
4,0,1,degree_preserving_null,100.0,15.034889965098808,4,47
4,0,1,family_median,0.1,15.539470274048549,4,47
4,0,1,family_median,1.0,15.540058412045124,4,47
4,0,1,family_median,10.0,15.547960500223779,4,47
4,0,1,family_median,100.0,15.655226427521454,4,47
4,0,1,all_visible_ridge,0.1,7.882318072481979,4,47
4,0,1,all_visible_ridge,1.0,4.601535542851422,4,47
4,0,1,all_visible_ridge,10.0,3.029095159340468,4,47
4,0,1,all_visible_ridge,100.0,2.6655350654505394,4,47
4,0,1,pca_matched_dimension,0.1,2.9625146584731246,4,47
4,0,1,pca_matched_dimension,1.0,2.956013690565137,4,47
4,0,1,pca_matched_dimension,10.0,2.9150247030837373,4,47
4,0,1,pca_matched_dimension,100.0,3.738079108534884,4,47
4,0,2,structural_median,0.1,0.722751890255546,4,47
4,0,2,structural_median,1.0,0.6933698779032338,4,47
4,0,2,structural_median,10.0,0.6184390242395943,4,47
4,0,2,structural_median,100.0,0.7569553414119641,4,47
4,0,2,descriptor_local_svd,0.1,0.5678360447146442,4,47
4,0,2,descriptor_local_svd,1.0,0.5401919252756389,4,47
4,0,2,descriptor_local_svd,10.0,0.5288548850637314,4,47
4,0,2,descriptor_local_svd,100.0,0.6544409067422545,4,47
4,0,2,degree_preserving_null,0.1,1.0807046371218236,4,47
4,0,2,degree_preserving_null,1.0,1.0590171375306743,4,47
4,0,2,degree_preserving_null,10.0,0.9892351981510477,4,47
4,0,2,degree_preserving_null,100.0,1.1489969950298038,4,47
4,0,2,family_median,0.1,2.068112947162104,4,47
4,0,2,family_median,1.0,2.0697734318577954,4,47
4,0,2,family_median,10.0,2.0857656676102656,4,47
4,0,2,family_median,100.0,2.195726196589286,4,47
4,0,2,all_visible_ridge,0.1,1.5733108765996,4,47
4,0,2,all_visible_ridge,1.0,0.8671161173572626,4,47
4,0,2,all_visible_ridge,10.0,0.5258752916383874,4,47
4,0,2,all_visible_ridge,100.0,0.44535480767335944,4,47
4,0,2,pca_matched_dimension,0.1,0.4847267036294436,4,47
4,0,2,pca_matched_dimension,1.0,0.483456030266343,4,47
4,0,2,pca_matched_dimension,10.0,0.4749710697786783,4,47
4,0,2,pca_matched_dimension,100.0,0.6079143119236878,4,47
4,1,0,structural_median,0.1,0.3209981391341002,4,47
4,1,0,structural_median,1.0,0.3082921116177586,4,47
4,1,0,structural_median,10.0,0.26876438721394097,4,47
4,1,0,structural_median,100.0,0.2552609868945883,4,47
4,1,0,descriptor_local_svd,0.1,0.2581706633795271,4,47
4,1,0,descriptor_local_svd,1.0,0.24509621021957242,4,47
4,1,0,descriptor_local_svd,10.0,0.2328176294297505,4,47
4,1,0,descriptor_local_svd,100.0,0.2427259951615387,4,47
4,1,0,degree_preserving_null,0.1,0.40191938766076707,4,47
4,1,0,degree_preserving_null,1.0,0.3899091939187489,4,47
4,1,0,degree_preserving_null,10.0,0.3389994523559418,4,47
4,1,0,degree_preserving_null,100.0,0.300127232373543,4,47
4,1,0,family_median,0.1,0.4036580011958423,4,47
4,1,0,family_median,1.0,0.40297332652731177,4,47
4,1,0,family_median,10.0,0.39749438087989314,4,47
4,1,0,family_median,100.0,0.3892465855853261,4,47
4,1,0,all_visible_ridge,0.1,0.7192297234373513,4,47
4,1,0,all_visible_ridge,1.0,0.36235054682117673,4,47
4,1,0,all_visible_ridge,10.0,0.218102567124857,4,47
4,1,0,all_visible_ridge,100.0,0.18693277709071318,4,47
4,1,0,pca_matched_dimension,0.1,0.213813128723082,4,47
4,1,0,pca_matched_dimension,1.0,0.2133140422308276,4,47
4,1,0,pca_matched_dimension,10.0,0.20924462875852395,4,47
4,1,0,pca_matched_dimension,100.0,0.21798348109105734,4,47
4,1,1,structural_median,0.1,10.641956642605301,4,47
4,1,1,structural_median,1.0,10.545117768558537,4,47
4,1,1,structural_median,10.0,10.098530086663793,4,47
4,1,1,structural_median,100.0,10.889157870434914,4,47
4,1,1,descriptor_local_svd,0.1,7.533734351238217,4,47
4,1,1,descriptor_local_svd,1.0,7.574891343210182,4,47
4,1,1,descriptor_local_svd,10.0,7.5505368657455385,4,47
4,1,1,descriptor_local_svd,100.0,8.908717041118805,4,47
4,1,1,degree_preserving_null,0.1,17.25286095273307,4,47
4,1,1,degree_preserving_null,1.0,17.23762074814558,4,47
4,1,1,degree_preserving_null,10.0,17.215666093261454,4,47
4,1,1,degree_preserving_null,100.0,17.537938707353494,4,47
4,1,1,family_median,0.1,18.600514934183323,4,47
4,1,1,family_median,1.0,18.603875693132906,4,47
4,1,1,family_median,10.0,18.637158608570818,4,47
4,1,1,family_median,100.0,18.858650500176328,4,47
4,1,1,all_visible_ridge,0.1,19.66550496443586,4,47
4,1,1,all_visible_ridge,1.0,11.01483997811591,4,47
4,1,1,all_visible_ridge,10.0,6.836172983926465,4,47
4,1,1,all_visible_ridge,100.0,6.714198338926194,4,47
4,1,1,pca_matched_dimension,0.1,6.660343862860472,4,47
4,1,1,pca_matched_dimension,1.0,6.662416531517557,4,47
4,1,1,pca_matched_dimension,10.0,6.700099070152755,4,47
4,1,1,pca_matched_dimension,100.0,7.890248610334637,4,47
4,1,2,structural_median,0.1,0.4429035906168955,4,47
4,1,2,structural_median,1.0,0.426017656089827,4,47
4,1,2,structural_median,10.0,0.3804577269908036,4,47
4,1,2,structural_median,100.0,0.3864436886418361,4,47
4,1,2,descriptor_local_svd,0.1,0.35739947319247417,4,47
4,1,2,descriptor_local_svd,1.0,0.343185358876166,4,47
4,1,2,descriptor_local_svd,10.0,0.33290533095045277,4,47
4,1,2,descriptor_local_svd,100.0,0.3675787049376362,4,47
4,1,2,degree_preserving_null,0.1,0.5572774101473911,4,47
4,1,2,degree_preserving_null,1.0,0.5430484717315908,4,47
4,1,2,degree_preserving_null,10.0,0.4806873222815575,4,47
4,1,2,degree_preserving_null,100.0,0.44851675671534846,4,47
4,1,2,family_median,0.1,0.6439264816141252,4,47
4,1,2,family_median,1.0,0.6424572777740526,4,47
4,1,2,family_median,10.0,0.6315621482824685,4,47
4,1,2,family_median,100.0,0.6240598607259753,4,47
4,1,2,all_visible_ridge,0.1,0.8487444058616799,4,47
4,1,2,all_visible_ridge,1.0,0.48103827605482335,4,47
4,1,2,all_visible_ridge,10.0,0.290019889186734,4,47
4,1,2,all_visible_ridge,100.0,0.2601535534206496,4,47
4,1,2,pca_matched_dimension,0.1,0.28383536655698977,4,47
4,1,2,pca_matched_dimension,1.0,0.2836289853743397,4,47
4,1,2,pca_matched_dimension,10.0,0.2825864469801652,4,47
4,1,2,pca_matched_dimension,100.0,0.3239823968936777,4,47
4,2,0,structural_median,0.1,0.6609532029550298,4,47
4,2,0,structural_median,1.0,0.6423382592149661,4,47
4,2,0,structural_median,10.0,0.5944236507582945,4,47
4,2,0,structural_median,100.0,0.5975079133749878,4,47
4,2,0,descriptor_local_svd,0.1,0.5610474498269318,4,47
4,2,0,descriptor_local_svd,1.0,0.5359434048140657,4,47
4,2,0,descriptor_local_svd,10.0,0.518417203702976,4,47
4,2,0,descriptor_local_svd,100.0,0.5657102972800476,4,47
4,2,0,degree_preserving_null,0.1,0.7411814067851599,4,47
4,2,0,degree_preserving_null,1.0,0.7276483627784911,4,47
4,2,0,degree_preserving_null,10.0,0.6719849468022359,4,47
4,2,0,degree_preserving_null,100.0,0.6541178464738049,4,47
4,2,0,family_median,0.1,0.8350850450164429,4,47
4,2,0,family_median,1.0,0.8345932963373244,4,47
4,2,0,family_median,10.0,0.8311736166421042,4,47
4,2,0,family_median,100.0,0.83848397674092,4,47
4,2,0,all_visible_ridge,0.1,1.1412503171808606,4,47
4,2,0,all_visible_ridge,1.0,0.7111120900056052,4,47
4,2,0,all_visible_ridge,10.0,0.4838635341885916,4,47
4,2,0,all_visible_ridge,100.0,0.442022871612193,4,47
4,2,0,pca_matched_dimension,0.1,0.4549500866090465,4,47
4,2,0,pca_matched_dimension,1.0,0.45480995521205675,4,47
4,2,0,pca_matched_dimension,10.0,0.45442289244831147,4,47
4,2,0,pca_matched_dimension,100.0,0.5014626217474867,4,47
4,2,1,structural_median,0.1,0.7916446788733331,4,47
4,2,1,structural_median,1.0,0.7520077694803518,4,47
4,2,1,structural_median,10.0,0.6358386790493955,4,47
4,2,1,structural_median,100.0,0.6518999634460937,4,47
4,2,1,descriptor_local_svd,0.1,0.6824429459782317,4,47
4,2,1,descriptor_local_svd,1.0,0.6098683643103578,4,47
4,2,1,descriptor_local_svd,10.0,0.5396664895438201,4,47
4,2,1,descriptor_local_svd,100.0,0.5626740669581003,4,47
4,2,1,degree_preserving_null,0.1,1.0300130490820543,4,47
4,2,1,degree_preserving_null,1.0,1.0036771894203584,4,47
4,2,1,degree_preserving_null,10.0,0.9112175696852878,4,47
4,2,1,degree_preserving_null,100.0,0.9517829247024315,4,47
4,2,1,family_median,0.1,1.5491668537303578,4,47
4,2,1,family_median,1.0,1.5505454885990488,4,47
4,2,1,family_median,10.0,1.5651063782805394,4,47
4,2,1,family_median,100.0,1.6764434014001135,4,47
4,2,1,all_visible_ridge,0.1,1.9007403989497826,4,47
4,2,1,all_visible_ridge,1.0,1.0821219261583037,4,47
4,2,1,all_visible_ridge,10.0,0.6426546414042167,4,47
4,2,1,all_visible_ridge,100.0,0.45610616676403737,4,47
4,2,1,pca_matched_dimension,0.1,0.5626733647495562,4,47
4,2,1,pca_matched_dimension,1.0,0.5595041624372492,4,47
4,2,1,pca_matched_dimension,10.0,0.5326655335414692,4,47
4,2,1,pca_matched_dimension,100.0,0.5292724896640821,4,47
4,2,2,structural_median,0.1,0.4078555125397947,4,47
4,2,2,structural_median,1.0,0.3886293618555686,4,47
4,2,2,structural_median,10.0,0.33552759096547013,4,47
4,2,2,structural_median,100.0,0.3193780553532614,4,47
4,2,2,descriptor_local_svd,0.1,0.33125473132239325,4,47
4,2,2,descriptor_local_svd,1.0,0.3150455936200787,4,47
4,2,2,descriptor_local_svd,10.0,0.2940075379669133,4,47
4,2,2,descriptor_local_svd,100.0,0.3066907507604501,4,47
4,2,2,degree_preserving_null,0.1,0.48089031671084737,4,47
4,2,2,degree_preserving_null,1.0,0.4668246108632731,4,47
4,2,2,degree_preserving_null,10.0,0.4041382538176982,4,47
4,2,2,degree_preserving_null,100.0,0.35975116699338217,4,47
4,2,2,family_median,0.1,0.5019986145214039,4,47
4,2,2,family_median,1.0,0.5011626934115021,4,47
4,2,2,family_median,10.0,0.4952106836788528,4,47
4,2,2,family_median,100.0,0.49995070839776334,4,47
4,2,2,all_visible_ridge,0.1,0.8777069136441727,4,47
4,2,2,all_visible_ridge,1.0,0.48403174002120963,4,47
4,2,2,all_visible_ridge,10.0,0.2896396129900601,4,47
4,2,2,all_visible_ridge,100.0,0.23510051051549657,4,47
4,2,2,pca_matched_dimension,0.1,0.26351673853320323,4,47
4,2,2,pca_matched_dimension,1.0,0.2630477391683703,4,47
4,2,2,pca_matched_dimension,10.0,0.2594343096148766,4,47
4,2,2,pca_matched_dimension,100.0,0.2800781245188797,4,47
4,3,0,structural_median,0.1,0.3705583389275516,4,47
4,3,0,structural_median,1.0,0.35663058403258113,4,47
4,3,0,structural_median,10.0,0.3208269701359245,4,47
4,3,0,structural_median,100.0,0.3323197342287859,4,47
4,3,0,descriptor_local_svd,0.1,0.2889398584025511,4,47
4,3,0,descriptor_local_svd,1.0,0.2785363698257401,4,47
4,3,0,descriptor_local_svd,10.0,0.2740400401760419,4,47
4,3,0,descriptor_local_svd,100.0,0.313050693262389,4,47
4,3,0,degree_preserving_null,0.1,0.4370536199548982,4,47
4,3,0,degree_preserving_null,1.0,0.42701898684934947,4,47
4,3,0,degree_preserving_null,10.0,0.3855269606379022,4,47
4,3,0,degree_preserving_null,100.0,0.3746183353945065,4,47
4,3,0,family_median,0.1,0.5282471739926408,4,47
4,3,0,family_median,1.0,0.5272806193095343,4,47
4,3,0,family_median,10.0,0.5199007310410304,4,47
4,3,0,family_median,100.0,0.5130710960696232,4,47
4,3,0,all_visible_ridge,0.1,0.8043071459172666,4,47
4,3,0,all_visible_ridge,1.0,0.4567979434699776,4,47
4,3,0,all_visible_ridge,10.0,0.2717502538355045,4,47
4,3,0,all_visible_ridge,100.0,0.22538235312253085,4,47
4,3,0,pca_matched_dimension,0.1,0.24902815108274584,4,47
4,3,0,pca_matched_dimension,1.0,0.24864825654774367,4,47
4,3,0,pca_matched_dimension,10.0,0.24587018430282,4,47
4,3,0,pca_matched_dimension,100.0,0.27137565926049545,4,47
4,3,1,structural_median,0.1,9.913102956008212,4,47
4,3,1,structural_median,1.0,9.736998316773052,4,47
4,3,1,structural_median,10.0,9.225590725609452,4,47
4,3,1,structural_median,100.0,10.422977604679382,4,47
4,3,1,descriptor_local_svd,0.1,7.1108089829194805,4,47
4,3,1,descriptor_local_svd,1.0,7.006978048523962,4,47
4,3,1,descriptor_local_svd,10.0,6.4656948523185935,4,47
4,3,1,descriptor_local_svd,100.0,7.4509687940593565,4,47
4,3,1,degree_preserving_null,0.1,17.618995961726952,4,47
4,3,1,degree_preserving_null,1.0,17.598930716678364,4,47
4,3,1,degree_preserving_null,10.0,17.536409595045367,4,47
4,3,1,degree_preserving_null,100.0,17.72158142867474,4,47
4,3,1,family_median,0.1,18.239939934127097,4,47
4,3,1,family_median,1.0,18.241512921988164,4,47
4,3,1,family_median,10.0,18.25796608496875,4,47
4,3,1,family_median,100.0,18.405455516978922,4,47
4,3,1,all_visible_ridge,0.1,12.482701460595623,4,47
4,3,1,all_visible_ridge,1.0,7.993436634524316,4,47
4,3,1,all_visible_ridge,10.0,6.019814084604469,4,47
4,3,1,all_visible_ridge,100.0,5.4435318449213055,4,47
4,3,1,pca_matched_dimension,0.1,5.953020349870186,4,47
4,3,1,pca_matched_dimension,1.0,5.940793590403761,4,47
4,3,1,pca_matched_dimension,10.0,5.846825418574555,4,47
4,3,1,pca_matched_dimension,100.0,6.39878805340586,4,47
4,3,2,structural_median,0.1,0.7112076687604649,4,47
4,3,2,structural_median,1.0,0.6788394422432027,4,47
4,3,2,structural_median,10.0,0.586888430905208,4,47
4,3,2,structural_median,100.0,0.6086749554305606,4,47
4,3,2,descriptor_local_svd,0.1,0.5936978256707717,4,47
4,3,2,descriptor_local_svd,1.0,0.5559417696509686,4,47
4,3,2,descriptor_local_svd,10.0,0.5150227633658849,4,47
4,3,2,descriptor_local_svd,100.0,0.5417386722991215,4,47
4,3,2,degree_preserving_null,0.1,0.9711891197612234,4,47
4,3,2,degree_preserving_null,1.0,0.9455787327985189,4,47
4,3,2,degree_preserving_null,10.0,0.8500308101119196,4,47
4,3,2,degree_preserving_null,100.0,0.8853793081321988,4,47
4,3,2,family_median,0.1,1.5577859502784102,4,47
4,3,2,family_median,1.0,1.5580078907017745,4,47
4,3,2,family_median,10.0,1.5621287813685751,4,47
4,3,2,family_median,100.0,1.6257833049811095,4,47
4,3,2,all_visible_ridge,0.1,1.5869757204685235,4,47
4,3,2,all_visible_ridge,1.0,0.950672807014555,4,47
4,3,2,all_visible_ridge,10.0,0.5867358164189842,4,47
4,3,2,all_visible_ridge,100.0,0.43862068572668794,4,47
4,3,2,pca_matched_dimension,0.1,0.4914099481770311,4,47
4,3,2,pca_matched_dimension,1.0,0.4893714265849988,4,47
4,3,2,pca_matched_dimension,10.0,0.47280702729914664,4,47
4,3,2,pca_matched_dimension,100.0,0.5118730968020545,4,47
4,4,0,structural_median,0.1,6.681200330063442,4,47
4,4,0,structural_median,1.0,6.483202577520499,4,47
4,4,0,structural_median,10.0,5.852599110306907,4,47
4,4,0,structural_median,100.0,7.00014153093767,4,47
4,4,0,descriptor_local_svd,0.1,3.926006759399955,4,47
4,4,0,descriptor_local_svd,1.0,3.5098934132985686,4,47
4,4,0,descriptor_local_svd,10.0,3.3443184739676104,4,47
4,4,0,descriptor_local_svd,100.0,4.7058218978727275,4,47
4,4,0,degree_preserving_null,0.1,13.91637610098381,4,47
4,4,0,degree_preserving_null,1.0,13.89672850707565,4,47
4,4,0,degree_preserving_null,10.0,13.85969247701832,4,47
4,4,0,degree_preserving_null,100.0,14.101791235630571,4,47
4,4,0,family_median,0.1,14.634368933211046,4,47
4,4,0,family_median,1.0,14.636316045834464,4,47
4,4,0,family_median,10.0,14.656545879739665,4,47
4,4,0,family_median,100.0,14.810833833541952,4,47
4,4,0,all_visible_ridge,0.1,8.29822175923142,4,47
4,4,0,all_visible_ridge,1.0,4.965669947863811,4,47
4,4,0,all_visible_ridge,10.0,3.226175444492603,4,47
4,4,0,all_visible_ridge,100.0,2.706499904997939,4,47
4,4,0,pca_matched_dimension,0.1,2.787321782693158,4,47
4,4,0,pca_matched_dimension,1.0,2.775795453992962,4,47
4,4,0,pca_matched_dimension,10.0,2.6875684553221775,4,47
4,4,0,pca_matched_dimension,100.0,3.2290403406155392,4,47
4,4,1,structural_median,0.1,0.4133348110399624,4,47
4,4,1,structural_median,1.0,0.39752961261451564,4,47
4,4,1,structural_median,10.0,0.34668720431664257,4,47
4,4,1,structural_median,100.0,0.33269874332613236,4,47
4,4,1,descriptor_local_svd,0.1,0.3013176267804543,4,47
4,4,1,descriptor_local_svd,1.0,0.28619092195853013,4,47
4,4,1,descriptor_local_svd,10.0,0.27804129432332314,4,47
4,4,1,descriptor_local_svd,100.0,0.3092957558483389,4,47
4,4,1,degree_preserving_null,0.1,0.49625697705781846,4,47
4,4,1,degree_preserving_null,1.0,0.48040797139517627,4,47
4,4,1,degree_preserving_null,10.0,0.4165129327962323,4,47
4,4,1,degree_preserving_null,100.0,0.3892885664038229,4,47
4,4,1,family_median,0.1,0.5341460438476364,4,47
4,4,1,family_median,1.0,0.5335209340213618,4,47
4,4,1,family_median,10.0,0.5293057398889511,4,47
4,4,1,family_median,100.0,0.5367412273854992,4,47
4,4,1,all_visible_ridge,0.1,0.8151271998432369,4,47
4,4,1,all_visible_ridge,1.0,0.4585210265776851,4,47
4,4,1,all_visible_ridge,10.0,0.26643946702626975,4,47
4,4,1,all_visible_ridge,100.0,0.22860823510799483,4,47
4,4,1,pca_matched_dimension,0.1,0.2524830618078008,4,47
4,4,1,pca_matched_dimension,1.0,0.25215213571030487,4,47
4,4,1,pca_matched_dimension,10.0,0.24991401118504714,4,47
4,4,1,pca_matched_dimension,100.0,0.2828635724207558,4,47
4,4,2,structural_median,0.1,0.47642932969977264,4,47
4,4,2,structural_median,1.0,0.4593229882780329,4,47
4,4,2,structural_median,10.0,0.40888511420952806,4,47
4,4,2,structural_median,100.0,0.40572277187694034,4,47
4,4,2,descriptor_local_svd,0.1,0.3728101690928995,4,47
4,4,2,descriptor_local_svd,1.0,0.349153303880225,4,47
4,4,2,descriptor_local_svd,10.0,0.3315257703403522,4,47
4,4,2,descriptor_local_svd,100.0,0.36476893437140656,4,47
4,4,2,degree_preserving_null,0.1,0.5489993928533042,4,47
4,4,2,degree_preserving_null,1.0,0.5350920293719569,4,47
4,4,2,degree_preserving_null,10.0,0.4791832083478077,4,47
4,4,2,degree_preserving_null,100.0,0.4603832076955734,4,47
4,4,2,family_median,0.1,0.6258080124812684,4,47
4,4,2,family_median,1.0,0.6253775924473943,4,47
4,4,2,family_median,10.0,0.6225345612609395,4,47
4,4,2,family_median,100.0,0.6329794905882493,4,47
4,4,2,all_visible_ridge,0.1,0.8976818509730797,4,47
4,4,2,all_visible_ridge,1.0,0.512647752843676,4,47
4,4,2,all_visible_ridge,10.0,0.32435397055347504,4,47
4,4,2,all_visible_ridge,100.0,0.28016900858396837,4,47
4,4,2,pca_matched_dimension,0.1,0.30668656934344896,4,47
4,4,2,pca_matched_dimension,1.0,0.30647446949854606,4,47
4,4,2,pca_matched_dimension,10.0,0.30543560746282117,4,47
4,4,2,pca_matched_dimension,100.0,0.3499003225013282,4,47
