reference,challenger,biological_groups,rmse_improvement,ci95_lower,ci95_upper,simultaneous99_lower,simultaneous99_upper,sign_flip_p_two_sided,draws
descriptor_local_svd,structural_median,112,-0.07333334701279115,-0.07760647776870314,-0.0691223194888282,-0.0789030790090427,-0.0676077038235607,9.999000099990002e-05,10000
pca_matched_dimension,structural_median,112,-0.12035959521703388,-0.1258316579137586,-0.11528818572407733,-0.1277766075113204,-0.11399700198614375,9.999000099990002e-05,10000
all_visible_ridge,structural_median,112,-0.13882341565270734,-0.1446284696364851,-0.13344451359765597,-0.1465481512457176,-0.13184230643792685,9.999000099990002e-05,10000
family_median,structural_median,112,0.3511941271675432,0.332035200950878,0.37017976394636737,0.32660756558291154,0.3767946780176533,9.999000099990002e-05,10000
degree_preserving_null,structural_median,112,0.09557998871504908,0.09053964796201928,0.10052743889911642,0.08879631155637542,0.10227073879439443,9.999000099990002e-05,10000
population_mean,structural_median,112,0.748453263753907,0.6971978337389607,0.8013901403632835,0.6814574777047092,0.8195168551277259,9.999000099990002e-05,10000
descriptor_mean,structural_median,112,-0.07426160046227523,-0.07832671968899212,-0.07021817102575476,-0.07968150375409092,-0.06873624981167434,9.999000099990002e-05,10000
null_mean,structural_median,112,-0.0767604873417749,-0.08123146481241507,-0.07280379050217914,-0.08263928573601087,-0.07156605053157439,9.999000099990002e-05,10000
null_local_svd,structural_median,112,-0.04155351359543186,-0.04634931177272251,-0.03732167287304531,-0.04817685233131635,-0.03609130434854948,9.999000099990002e-05,10000
