dataset,mask,null_index,null_seed,features,descriptors,edges,shared_observed_edges,edge_replacement_fraction,observed_null_jaccard,row_degrees_preserved,column_degrees_preserved,edge_digest
ST002081,0,0,20260900,390,95,2759,588,0.7868793040956868,0.11926977687626775,True,True,95a5a49618339cc2aec8055eafe866ba2e9ca145138a5ad4042a65793687b9f6
ST002081,0,1,20260901,390,95,2759,616,0.7767306995288148,0.12566299469604242,True,True,cb532954662ffcdfa0de1b0f0edca05a453905cfd67e3932f31eb16e6721ce16
ST002081,0,2,20260902,390,95,2759,599,0.7828923523015585,0.12177271803212035,True,True,1f64064183e55c8f2c0754b03f2791294f3d34fc0781a8751bdb231198ea0b23
ST002081,0,3,20260903,390,95,2759,571,0.7930409568684306,0.11542348898322216,True,True,f802b61720fae46a6a2e101e3119b71dcf95a52dd3a3908c9d361a2b6540687f
ST002081,0,4,20260904,390,95,2759,586,0.787604204421892,0.11881589618815896,True,True,c47a1a52aea6705105add4f98ea23132a7afb3cebb638db4fcf22a8f083adf92
ST002081,0,5,20260905,390,95,2759,633,0.7705690467560711,0.12958034800409415,True,True,1fc41e730209992e74aaf5ee98154f0aa4b66f3bc010e91569c6294760faaf9d
ST002081,0,6,20260906,390,95,2759,606,0.7803552011598405,0.12337133550488599,True,True,5405e60f21388fc603825b968f1ec1b690ecb2410b154fc1666cded825b7f885
ST002081,0,7,20260907,390,95,2759,586,0.787604204421892,0.11881589618815896,True,True,80745d307858d3b4ef2ff3fba49ecf8c63964f35150a57937dcdcec64c2ffea8
ST002081,0,8,20260908,390,95,2759,631,0.7712939470822762,0.1291180683445877,True,True,daf0080c07ad4bc0c3eb78e717a61a4cfdc0a5d6104124b11e2aea36cde60936
ST002081,0,9,20260909,390,95,2759,571,0.7930409568684306,0.11542348898322216,True,True,49025611d42702de1b3bb5cf5b6965ac76a5dd28e6ebb166edce4717ac765f81
ST002081,0,10,20260910,390,95,2759,588,0.7868793040956868,0.11926977687626775,True,True,e7dec8604a2bb9fe0667b9970b9970bdd8af1c980b6babe5cb495e1c530d2948
ST002081,0,11,20260911,390,95,2759,614,0.7774555998550199,0.12520391517128873,True,True,ddeb432b22a04cb00cd5606e7cbc7917ac8fac6184c04e26440b8c37ca502616
ST002081,0,12,20260912,390,95,2759,585,0.7879666545849946,0.11858909385769309,True,True,0bd3d065f2d5ccd927732f018e51498ca80a8a098a0bec0c7b86072c6b40b463
ST002081,0,13,20260913,390,95,2759,593,0.785067053280174,0.12040609137055838,True,True,cab3e7f5c964e5c5f146d6e7c1de1d2d2368b023bfba7daa2aec9bbe048f3a5e
ST002081,0,14,20260914,390,95,2759,596,0.7839797027908663,0.12108898821617228,True,True,0778e15867230c143d819544b2b324dde492159fed30011c26f1edf32c2d4bce
ST002081,0,15,20260915,390,95,2759,579,0.79014135556361,0.11723020854423973,True,True,61cb7500fd80e0878fdd7edfac596cf63dd8834916022f9814884781ceab6984
ST002081,0,16,20260916,390,95,2759,579,0.79014135556361,0.11723020854423973,True,True,1ec87e962cbbdb294b6ebf69b956684acf508a79dfbd10acefce189f693cc079
ST002081,0,17,20260917,390,95,2759,588,0.7868793040956868,0.11926977687626775,True,True,c0b4925fb07772620de646850aa17d483dc7be851884dfa74fcdee421737c695
ST002081,0,18,20260918,390,95,2759,602,0.7818050018122509,0.1224572823433686,True,True,ddd15397b758b77e094c93204dc509bb8babaf610fe81353266cce3de3c02093
ST002081,0,19,20260919,390,95,2759,601,0.7821674519753534,0.1222290014236323,True,True,b8bf25cd2f798270edf1bf2af2ac94f03763d5cda0031608e9f85cb298087953
ST002081,1,0,20260901,393,95,2786,616,0.778894472361809,0.12429378531073447,True,True,3a28fd3666832e6c84bd5f5ac150c722cd65348022458675084ceb4fb8c82ae5
ST002081,1,1,20260902,393,95,2786,597,0.7857142857142857,0.12,True,True,6668a9ae6cd6cc5877073fa464a70a6291c907d0786dc9cbbc7f4fdf076d665b
ST002081,1,2,20260903,393,95,2786,605,0.7828427853553481,0.1218039057781357,True,True,669965817795b4fde3ac3136805b9ceda839837ccbad40c9336df8ada69037ad
ST002081,1,3,20260904,393,95,2786,596,0.786073223259153,0.1197749196141479,True,True,0e06f05160f4a8bbf2a99d57e5d7ae0b76861c58bf0599c83a16168e79cdcdac
ST002081,1,4,20260905,393,95,2786,615,0.7792534099066762,0.12406697599354448,True,True,7fc4dfdc48a7b0e6e2aab1c949f655ff46b9fb1b9c99c9deabc57e3f6c25c0ff
ST002081,1,5,20260906,393,95,2786,583,0.7907394113424264,0.11685708558829425,True,True,572987076fee2332b7c19266e3f7b6d308e6f7c2a4309d0d70d5187066d0bc63
ST002081,1,6,20260907,393,95,2786,586,0.7896625987078248,0.1175290814279984,True,True,096b9a317946754b15e3bfa131b73c789ae1b7b7e76c53ba6881114495e8a334
ST002081,1,7,20260908,393,95,2786,602,0.7839195979899498,0.12112676056338029,True,True,5b3c5481ba183706203c7a4fa8219f9719176d6aac9c01d84d8d805ccd80156f
ST002081,1,8,20260909,393,95,2786,603,0.7835606604450825,0.12135238478567116,True,True,0a7fb0f1b06cb41ecb5572540e7c0ebb4bbf965fb351f673b32fa1a9f036a6af
ST002081,1,9,20260910,393,95,2786,616,0.778894472361809,0.12429378531073447,True,True,b41b0e6076d4ecb9b3f594fb5726a290eeb3939b7a7d55b782975823c7f23c80
ST002081,1,10,20260911,393,95,2786,603,0.7835606604450825,0.12135238478567116,True,True,f2c8081e9b1be2c3994540f04019e88fb8b43a106a490728c2308409ed36d034
ST002081,1,11,20260912,393,95,2786,603,0.7835606604450825,0.12135238478567116,True,True,f76ab1808baab3ce03a462f024ee903eeca3066de19be0fddc37bdf93f9f80bb
ST002081,1,12,20260913,393,95,2786,620,0.7774587221823402,0.12520193861066237,True,True,d32e554e40211ac658f6eafca348d0231d63211b10c6d1d990ad52ca2de4ddc1
ST002081,1,13,20260914,393,95,2786,602,0.7839195979899498,0.12112676056338029,True,True,e961d48768c1593acb24bad5426a92202d77160853e905bbab1ad45e2561cce5
ST002081,1,14,20260915,393,95,2786,604,0.7832017229002154,0.1215780998389694,True,True,ff6ff6f0cc652fd97dbe8a7eaa8b322dbe3af8afdcbc13c8b85eeb4da9736228
ST002081,1,15,20260916,393,95,2786,613,0.7799712849964107,0.12361363178060093,True,True,52beb23747e77cfb51c3399515a190dc5730fa91ba69c6fb82bdd6b3d702110c
ST002081,1,16,20260917,393,95,2786,620,0.7774587221823402,0.12520193861066237,True,True,e022f571ee3e479242158250c0cdc4126732c5de9d12f87eed394db25da30226
ST002081,1,17,20260918,393,95,2786,591,0.7878679109834889,0.11865087331861073,True,True,478c71b061eeee0f95284e96f770f2ba9dd0a76dc245a9fec7b175a1f777d557
ST002081,1,18,20260919,393,95,2786,599,0.7849964106245513,0.12045043233460688,True,True,579ab25183e1e5a979de918a1f1a7b1d691be590e8133ac9973945c1bf0997a2
ST002081,1,19,20260920,393,95,2786,604,0.7832017229002154,0.1215780998389694,True,True,16b92a2cd9b84425df0de69d0127c165c113aa72bc102bef093efdaf9db5b8fb
ST002081,2,0,20260902,395,95,2798,616,0.779842744817727,0.12369477911646587,True,True,a5f4f0d8821d29df0354c23a63c8c9716710970be0fcd7cee0c9818c82a9e59b
ST002081,2,1,20260903,395,95,2798,575,0.7944960686204432,0.11451902011551483,True,True,8cb54d48e53c176666126b08a2183aa94efa817d87d2faeb67bf5bc1f388049e
ST002081,2,2,20260904,395,95,2798,582,0.7919942816297355,0.11607499002792182,True,True,5c033dfee645fc2414cb98a5adcf82bac5b8b0acff9fc55eb8bf9fde2866c4a0
ST002081,2,3,20260905,395,95,2798,602,0.7848463187991422,0.12054465358430116,True,True,d0c1d6dee8fe325033904a273be69e6388d76de4d1f9e8dae7dc180417be7c45
ST002081,2,4,20260906,395,95,2798,578,0.7934238741958541,0.1151853328019131,True,True,b7d1709208d9dbe5da532b5f024f80dd28268753b0b98dcef71f8996152ece10
ST002081,2,5,20260907,395,95,2798,591,0.7887776983559686,0.11808191808191808,True,True,e92bf448fd2b4f8792234270479744eae286df65084eb5ed5afbd389c6f803b2
ST002081,2,6,20260908,395,95,2798,571,0.7959256611865618,0.1136318407960199,True,True,b1fe851dd196442ff1a8db10bb6190ceadb176433142e067ba3f10de30cd1a01
ST002081,2,7,20260909,395,95,2798,596,0.7869907076483202,0.1192,True,True,2216a4ddfc811572b916330ed561c2ec8296a41be6dd76743c5439893e661f3c
ST002081,2,8,20260910,395,95,2798,578,0.7934238741958541,0.1151853328019131,True,True,77cb13e3bf2a7ee55f2cc81071540df31a159f9f5d3b13ffe7127554dd029027
ST002081,2,9,20260911,395,95,2798,609,0.7823445318084346,0.12211750551433728,True,True,d2ca693f21d03d426cee7c91c098115d4fc49f8e0843eeda4355335ed2b2a6fd
ST002081,2,10,20260912,395,95,2798,612,0.7812723373838456,0.12279293739967898,True,True,2ffa74f9dc6cd2703179f6d934261a4249e81ee18b90debd353da7c0a5695b3d
ST002081,2,11,20260913,395,95,2798,612,0.7812723373838456,0.12279293739967898,True,True,85a6558c74f7b94faee3be1e4d1a73e17c2b19a9ac93d83a9566b1534a7c3822
ST002081,2,12,20260914,395,95,2798,585,0.7909220872051466,0.11674316503691878,True,True,cceb9a077d5bcb24e99c7b9e3bc1854bd69ecf0a789aabe7f23fe107fe1d18a2
ST002081,2,13,20260915,395,95,2798,584,0.7912794853466762,0.11652035115722266,True,True,96379550e3de16d4ccdd0324700f3cbbc42157770a994acac7e422447877b092
ST002081,2,14,20260916,395,95,2798,590,0.7891350964974982,0.11785856971634039,True,True,0b3b11bb18e271097c36e169448a2fb51b02009597709259c29289631bdb2d5b
ST002081,2,15,20260917,395,95,2798,634,0.773409578270193,0.12777106005642885,True,True,4a5a713398b1a11515376793505437e98658d83814267000d63558897bbc6f62
ST002081,2,16,20260918,395,95,2798,591,0.7887776983559686,0.11808191808191808,True,True,82fdf05e3cb5debecc40b2cacc4397c9a779bb5446b6ff8cc07fa82654d5ddcd
ST002081,2,17,20260919,395,95,2798,582,0.7919942816297355,0.11607499002792182,True,True,eb49e270c7784d56b9cc6e7f5ccb0923d3a3f7952998d6b25c9e61851e1174bd
ST002081,2,18,20260920,395,95,2798,610,0.7819871336669049,0.12234255916566386,True,True,524e06a41bc187f2429953e0d5265df8514d8605e28e16fa99e51a0e656a2339
ST002081,2,19,20260921,395,95,2798,608,0.7827019299499642,0.1218925421010425,True,True,9e9f46bab92d30633673da9913ac0657b0ddbddbf713d7ba0f2705b4d687bbdf
ST002081,3,0,20260903,397,95,2808,595,0.788105413105413,0.11850229038040232,True,True,e064fc7f0248d8d92a87ec444ffc50a25d1cd797091da43d7a3a1583e28d9278
ST002081,3,1,20260904,397,95,2808,604,0.7849002849002849,0.12051077414205906,True,True,05a26a202fe76303c6655f6264e42913bf23c4f34644781c2e3377196516c518
ST002081,3,2,20260905,397,95,2808,627,0.7767094017094017,0.12567648827420325,True,True,a42e3de6ecec1a55244e0f3ce20b3db3a5f7b63f437fed7f332c7b6b881d8f75
ST002081,3,3,20260906,397,95,2808,595,0.788105413105413,0.11850229038040232,True,True,f39165c19ef5b8186b7aa2c686c0bfc658aa2cf4f753838157cd1e584b7ed2bb
ST002081,3,4,20260907,397,95,2808,584,0.792022792022792,0.11605723370429252,True,True,be96005674c267757be4f2503bd197f35127ab09cf000ea564b23ea4f3d76c0b
ST002081,3,5,20260908,397,95,2808,583,0.7923789173789174,0.11583548579376117,True,True,20f874e3d81321ec26df5f5928ed3045ae8c46f1e30ef458863837080bc0ff7e
ST002081,3,6,20260909,397,95,2808,576,0.7948717948717949,0.11428571428571428,True,True,8bd42113c9a460cf02dea285e8b4cd410da9dfa7311c2395328c5bf34c923eda
ST002081,3,7,20260910,397,95,2808,612,0.782051282051282,0.1223021582733813,True,True,a3842d5d3d421c8c872a875c9e71aa654b6e1aa20a3e42c08cbdb1e2b39e4c5d
ST002081,3,8,20260911,397,95,2808,593,0.7888176638176638,0.11805693808480988,True,True,26735f7fdad3c449a002b79d760899b6bd53a7e7da24b14666067f71bad0d4d6
ST002081,3,9,20260912,397,95,2808,610,0.7827635327635327,0.12185377546943668,True,True,8c0009f8446837108ea4dd6f45d8d3236ed47f4e219e04e2d37c87e9accab73a
ST002081,3,10,20260913,397,95,2808,599,0.7866809116809117,0.11939406019533585,True,True,be1f92867c416f3cddd15643ef8025ab70df21d6482d6545418e4e2ce8f36b27
ST002081,3,11,20260914,397,95,2808,593,0.7888176638176638,0.11805693808480988,True,True,a42c961284b46e6754b1a4d338a8055e7122143871553ff99ffb53ec8347c81f
ST002081,3,12,20260915,397,95,2808,614,0.7813390313390314,0.12275089964014395,True,True,6899822fb09019d56d1ac6d97a430b30726ba3e9240589e89ff8656c40e6f7dc
ST002081,3,13,20260916,397,95,2808,595,0.788105413105413,0.11850229038040232,True,True,51c5d31f98898a4e2d8629080c6ee4c06a87a81a94ec9962c814c189f9c51337
ST002081,3,14,20260917,397,95,2808,604,0.7849002849002849,0.12051077414205906,True,True,56cecb56e15112fbd6c01e6f0c2d7a6c963f7dea585c1cfce42f86018aff4e8c
ST002081,3,15,20260918,397,95,2808,599,0.7866809116809117,0.11939406019533585,True,True,aa3dc1377ae0867d2b6f5545fff009ba5694e5ba1f6c8775dba3d106bec4bd9c
ST002081,3,16,20260919,397,95,2808,607,0.7838319088319088,0.12118187262926731,True,True,12c44e32efe8c174d4b9240fd26b17cca8e72ec1c33131ffb42dcf4c309e0929
ST002081,3,17,20260920,397,95,2808,607,0.7838319088319088,0.12118187262926731,True,True,0c864c43ca327a7e9b8dcb8894af0b9d798c24d300854aefc15e1f14a649b092
ST002081,3,18,20260921,397,95,2808,565,0.7987891737891738,0.1118590378142942,True,True,6c7742a29da28202229e1a211836daabee04d9fec1b84ad0c040cb602f0f85b0
ST002081,3,19,20260922,397,95,2808,583,0.7923789173789174,0.11583548579376117,True,True,6ea900d6326d005397c00c97caf6f217ad7a9177f62f0e96060d19bad25ff77e
ST002081,4,0,20260904,397,95,2809,595,0.7881808472766109,0.11845510651005375,True,True,9f51c6fda672b24c5363282a61c3d76960103c705f8b195418fa42e0429c52ef
ST002081,4,1,20260905,397,95,2809,592,0.7892488430046279,0.1177875049741345,True,True,b876ded795e99f05e52b04c2ab313dfc41f9aa3d2ffeed718a883f8ee0327c83
ST002081,4,2,20260906,397,95,2809,587,0.7910288358846564,0.11667660504869808,True,True,56a8724b946ddb807d514814c6679f959cebdb9adef6ac703b4ecda1fd183ce8
ST002081,4,3,20260907,397,95,2809,599,0.7867568529725881,0.11934648336321976,True,True,1ccfb2c921a15193e0a9f398de5359ef2434c410d0ddcbd3ce046fa6776ab5bf
ST002081,4,4,20260908,397,95,2809,584,0.7920968316126735,0.11601112435439015,True,True,5e5e82bde4b43c591359aa0d5300674b3ec63df8cfd51083a2be34469eb9c595
ST002081,4,5,20260909,397,95,2809,572,0.7963688145247418,0.11335711454617518,True,True,3f9ca82a31aaaff34e89fe28ff9671120c8abde40bce18c6e2ba0fefd4b7dc39
ST002081,4,6,20260910,397,95,2809,597,0.7874688501245994,0.11890061740689106,True,True,fa08539209347ea4b89c4e6529c4cfdabafe989394de645c2e64cb0df67781fe
ST002081,4,7,20260911,397,95,2809,598,0.7871128515485938,0.11912350597609561,True,True,9a9b0007e3fb0ab953e68995a4d6ca39d89280ff0aa2be53bc56d1bc4bd97917
ST002081,4,8,20260912,397,95,2809,575,0.7953008187967248,0.1140194328772556,True,True,5fd32ea6b9629bf2cb1345680bada1bcaa95633407212c444cc4b4237780ce97
ST002081,4,9,20260913,397,95,2809,573,0.7960128159487362,0.11357779980178394,True,True,456ecc5b738b1bf16320c4e0f5eb6f2acafc857c9b737483e074e1e5600e48e6
ST002081,4,10,20260914,397,95,2809,587,0.7910288358846564,0.11667660504869808,True,True,01c37143dd869117ac9d838626972f7aa304817b9c2afbf0be1a4aad51a0ea1c
ST002081,4,11,20260915,397,95,2809,577,0.7945888216447134,0.11446141638563777,True,True,957d5c15b809d3f1c2ab39ee0e93537e930a4074620995ab9b4af42441766718
ST002081,4,12,20260916,397,95,2809,586,0.7913848344606622,0.11645468998410174,True,True,78e1634dd8b011ce37c153045e0e0fe62b86dad7b2d7fc7d4b2def852cd5fa0d
ST002081,4,13,20260917,397,95,2809,575,0.7953008187967248,0.1140194328772556,True,True,63d6baa4cbb9fea0c4b58732e9a6bdb14597bed722cc1d2293b104f53dc3bcc8
ST002081,4,14,20260918,397,95,2809,596,0.7878248487006052,0.11867781760254878,True,True,8ae5ca6c8f99de1793fc5d097215c5f717ad18e0cfae66c40c96568ad156abd3
ST002081,4,15,20260919,397,95,2809,603,0.7853328586685653,0.12023928215353938,True,True,0b568b71a86038f9804cb4e58faadb5f7ad9dc2308be62e5997e4e4d903ee706
ST002081,4,16,20260920,397,95,2809,578,0.7942328230687077,0.11468253968253968,True,True,28745847aac2ba971610e451fdd7334b219267b9dc7c741d648d192608bdae57
ST002081,4,17,20260921,397,95,2809,570,0.7970808116767533,0.11291600633914421,True,True,84ad0d2dfde49d193f601a7f7c169d6db2539f65e97d5beeaa1a0acac1d55e8a
ST002081,4,18,20260922,397,95,2809,565,0.7988608045567818,0.11181476350682763,True,True,b5af29641e3d6996681298c13f893d5d6a687c00a7e530c840e1c09223a477f8
ST002081,4,19,20260923,397,95,2809,581,0.7931648273406906,0.11534643637085566,True,True,1e5958789a11a7d23b8c3e3dc89ee2fb1282085b9f507d94790a67ed92465c66
ST000818,0,0,20261200,202,81,910,91,0.9,0.05263157894736842,True,True,ec39e4c1716973f7814d6e7735067adab90cf424efaa21afeec0ff26c1a1529b
ST000818,0,1,20261201,202,81,910,105,0.8846153846153846,0.061224489795918366,True,True,7cf7235766ee147fe2491069550f182e04841268b827d3ec2474fc5c2c2e02fa
ST000818,0,2,20261202,202,81,910,101,0.889010989010989,0.058755090168702735,True,True,7896b8d3ae79409888b54eace39d4f598cc95ea32e7e17b2166ca86c10cc51e6
ST000818,0,3,20261203,202,81,910,119,0.8692307692307693,0.06995884773662552,True,True,7932fd4babff6cfecd159ede231cc6000362e029795e2d84c21eba6b55146305
ST000818,0,4,20261204,202,81,910,97,0.8934065934065935,0.05629715612304121,True,True,5424a9ec54f4135e4d43d98cb31fa9bfc33dc86ec0d6c8a702a7c1c5cedb0968
ST000818,0,5,20261205,202,81,910,91,0.9,0.05263157894736842,True,True,dba915d715d6f5d4d6c8f4853fbac47f26316f634bd8e6265f1d4f45378e63e6
ST000818,0,6,20261206,202,81,910,99,0.8912087912087912,0.05752469494479954,True,True,817b2c2920d4bb2e6b68a4f837fa2079b2996210a419c0cb2b94e7e439d80e53
ST000818,0,7,20261207,202,81,910,88,0.9032967032967033,0.050808314087759814,True,True,901f75a111d75bc0ee3143c99d4a30d1f46c504bb63bd3e41dc087aab14953d4
ST000818,0,8,20261208,202,81,910,97,0.8934065934065935,0.05629715612304121,True,True,222961d95ca43b67cf333054d38a3af24fc9786b25fb9ca78da21f68d32079b3
ST000818,0,9,20261209,202,81,910,100,0.8901098901098901,0.05813953488372093,True,True,fcee832391ea8a09a59a71b4bcdbe51ba9bfe8849da4e67e0bc888a43595e301
ST000818,0,10,20261210,202,81,910,103,0.8868131868131868,0.05998835177635411,True,True,44c9a1c98082bd44b2e1b9a7bd8605dd697979ce765cbc285b54a3d1f3ee1c66
ST000818,0,11,20261211,202,81,910,95,0.8956043956043956,0.05507246376811594,True,True,16a7ae689f5330883cbda7f335e63f68526ef845044ffd7f5fc094c394f25158
ST000818,0,12,20261212,202,81,910,85,0.9065934065934066,0.04899135446685879,True,True,0371f0e7780783ec25f46ce18fc1500bc7ddb6073a0cbdbdcdbc0d3f30b3232d
ST000818,0,13,20261213,202,81,910,103,0.8868131868131868,0.05998835177635411,True,True,67a32f39c533a67f4148c8d81e4f6783fa69e6c2b9c5d6a467c2822daaaf7c7f
ST000818,0,14,20261214,202,81,910,96,0.8945054945054945,0.05568445475638051,True,True,ed7ee9af02c27d576c1751f86afdd285f44b6934097b50d6a0deb36d7723e792
ST000818,0,15,20261215,202,81,910,93,0.8978021978021978,0.05385060799073538,True,True,942db3a1eab13bf0de20f1e93a9b0ff3fda69ffe10eaa5c8571d34e0439ca3f2
ST000818,0,16,20261216,202,81,910,108,0.8813186813186813,0.0630841121495327,True,True,a9b09707b7b11a2672378c2a80121f7df64997f23dcc37484bc3ba9f7983d4ac
ST000818,0,17,20261217,202,81,910,93,0.8978021978021978,0.05385060799073538,True,True,a9963064f67bc613512aec0fbe8ac49e1989abfbd2a4c9a3c09630b88925f3ff
ST000818,0,18,20261218,202,81,910,95,0.8956043956043956,0.05507246376811594,True,True,fc7a3d05e5ab0791e8a15e26ce50a1c09cfb16d6103fec10124291021482b70b
ST000818,0,19,20261219,202,81,910,93,0.8978021978021978,0.05385060799073538,True,True,471c52f96622207448b295c0285dc256bdaaa0bd62fb0e694ed63cce8c734499
ST000818,1,0,20261201,202,81,915,111,0.8786885245901639,0.06457242582897033,True,True,405082cf82b7f865c53832c81972775dc63430ac2e8f268fbc240a7047b9fa5e
ST000818,1,1,20261202,202,81,915,99,0.8918032786885246,0.05719237435008666,True,True,20b6631ac5b51495fb4a351767ede5c688c32756d00374ea7838ccf76b7cd160
ST000818,1,2,20261203,202,81,915,89,0.9027322404371585,0.0511200459506031,True,True,8c0eef427682e9c6c37238e06138369b65c93d367b9521dd2f1792557d2daf2a
ST000818,1,3,20261204,202,81,915,108,0.8819672131147541,0.0627177700348432,True,True,698b752beb844995c01c218adc393d95bcce9429024ec09a0f582bab7d1650ca
ST000818,1,4,20261205,202,81,915,104,0.8863387978142077,0.06025492468134415,True,True,678f445f0f70a937a61efa838bfedbda794ddab4c671108bca9e9328416783f2
ST000818,1,5,20261206,202,81,915,88,0.9038251366120218,0.0505166475315729,True,True,3b0af1d208a21450e6ba278d20153d8eef55b8f7351798368d416b8bd70e4343
ST000818,1,6,20261207,202,81,915,104,0.8863387978142077,0.06025492468134415,True,True,3ec85c270be1bff28e6dfa2c3fb7d94ae4579c1d8b14382fbded14b9c6e0a474
ST000818,1,7,20261208,202,81,915,114,0.8754098360655738,0.06643356643356643,True,True,abd6746b599330d332ac41655cdfb7d1a448d8fd64b5bf0d27a33474506bc372
ST000818,1,8,20261209,202,81,915,112,0.8775956284153006,0.06519208381839348,True,True,4a7f60686f8a123bb9e8df26bcc47335b925c427d59e331307672fa4b35b9562
ST000818,1,9,20261210,202,81,915,110,0.8797814207650273,0.06395348837209303,True,True,53be04619f5f1e28436f6e710069382aafc13930982de51dc0f29f99a283a45d
ST000818,1,10,20261211,202,81,915,110,0.8797814207650273,0.06395348837209303,True,True,c048583505c579b0bbd9515457648d671c7e8db0baf53f0a01cda46ef2b75b40
ST000818,1,11,20261212,202,81,915,83,0.9092896174863387,0.04751001717229536,True,True,c7267058b9554eb55ca5ad933ca9c1a7f7157b1b1c22263dfe5a49ec45cd016b
ST000818,1,12,20261213,202,81,915,97,0.8939890710382514,0.05597230236583958,True,True,2e84ebb68f41e2822f2865c72148e2b0699aa51b0fbcb8e26b5a4769c45741b5
ST000818,1,13,20261214,202,81,915,90,0.9016393442622951,0.05172413793103448,True,True,54f2e3ee3f6a7df9ea9e01c77ad41e3fc24e36f8e336010cf9cc4c1b3217e455
ST000818,1,14,20261215,202,81,915,94,0.8972677595628415,0.05414746543778802,True,True,064e8a4fd63857935e32e36732c7c3fa25399e79aad5efce9559e32610175e69
ST000818,1,15,20261216,202,81,915,114,0.8754098360655738,0.06643356643356643,True,True,1876d042c236a311aa18c8e6acf8673a6171b6ac6dd52ae0679a7516cb91f8f4
ST000818,1,16,20261217,202,81,915,121,0.86775956284153,0.07080163838502047,True,True,3c209deee2ade9520e113a29a6390caedc0fca7c6f1d8c038da0cb1ab3bdca6a
ST000818,1,17,20261218,202,81,915,114,0.8754098360655738,0.06643356643356643,True,True,9a4347d9e898ee5e328f50e438f2df6f3fb489334db8a884373113f61d384606
ST000818,1,18,20261219,202,81,915,108,0.8819672131147541,0.0627177700348432,True,True,4d8a92a02e4160fae354c668df4c7f5780415c0a4de811472573b5018d00907e
ST000818,1,19,20261220,202,81,915,98,0.892896174863388,0.05658198614318707,True,True,668c331eccf218b1fbb83d057eef241aebcc44b55410c803005eea4606801072
ST000818,2,0,20261202,203,81,917,99,0.8920392584514723,0.057060518731988474,True,True,978ee0d8e1afdc375e71fa4552b88e30c3662b65c8ccd1d3be629688f5f1516f
ST000818,2,1,20261203,203,81,917,122,0.8669574700109051,0.07126168224299065,True,True,10a0bbbfc3e691d809082659bce5e82b56e8acf3afc5f35548eaf400b4cde28b
ST000818,2,2,20261204,203,81,917,124,0.8647764449291166,0.07251461988304093,True,True,31e6a1786af8248a93208ac40ae63ba6816e799d8827335f70737eae26a010ad
ST000818,2,3,20261205,203,81,917,105,0.8854961832061069,0.06072874493927125,True,True,5487bab7ff23dd11a6d85c186c2417a6370d5326454655d2c732036880f001a8
ST000818,2,4,20261206,203,81,917,111,0.8789531079607416,0.06442251886244922,True,True,f6c101061487c65ad39c03f759171755c87fd42b43a238d0bbee4c1732900bc0
ST000818,2,5,20261207,203,81,917,96,0.8953107960741549,0.05523590333716916,True,True,4ffff833518f84b0c81cb2dd7f71c17b9d0a87beafc1053da8a19425f4ea8d77
ST000818,2,6,20261208,203,81,917,120,0.8691384950926936,0.07001166861143523,True,True,78d91d656312cc4e48c28088992b141400e150486057b7c46fe96907b3a71a0d
ST000818,2,7,20261209,203,81,917,115,0.8745910577971647,0.06689936009307737,True,True,d0dc8d52bea6f93f76a3c0c2d9eb5c1bfcf391c744600fe639a506b7666f2a4e
ST000818,2,8,20261210,203,81,917,112,0.8778625954198473,0.06504065040650407,True,True,44f192ed67f2a327b7f1626af578e257e9e1ae17ed6e85c58b7e97556ca9e50d
ST000818,2,9,20261211,203,81,917,113,0.8767720828789531,0.06565950029052876,True,True,bf3074d0d52886ed7d12f0df950dfdd99d881af5d2c0fe9d473e05182fef4978
ST000818,2,10,20261212,203,81,917,99,0.8920392584514723,0.057060518731988474,True,True,1849c076e3cf3d2285b73488e498bb9e7066fda2dd29f11f5980880cbc832907
ST000818,2,11,20261213,203,81,917,114,0.8756815703380589,0.06627906976744186,True,True,2ecf55e4547cf8a15f95472d96fe3a25ed594cd5f40f110a26ad00da9348ebab
ST000818,2,12,20261214,203,81,917,102,0.8887677208287895,0.05889145496535797,True,True,e54b423560302b17c998ccad138cebfed12df191c6c4389da49da93d8465d823
ST000818,2,13,20261215,203,81,917,115,0.8745910577971647,0.06689936009307737,True,True,cf6813c2050efff16279e618159c7c8dc703a195a4cae691b71c8cde351c5dc8
ST000818,2,14,20261216,203,81,917,103,0.8876772082878953,0.05950317735413056,True,True,6e8daf641429d32e288ed97c83e3d6d34aa770199552d39b69db8e33bc7974d7
ST000818,2,15,20261217,203,81,917,100,0.8909487459105779,0.05767012687427912,True,True,7aa60b497527903bae48011b48fc20d8fbb29482b3c60d82cec013016f8f759d
ST000818,2,16,20261218,203,81,917,106,0.8844056706652127,0.061342592592592594,True,True,554d75a125bff79a8aac94204a311bb1446454e4e2adeff38159c1f3832ad007
ST000818,2,17,20261219,203,81,917,91,0.9007633587786259,0.05220883534136546,True,True,0c1a8b57b9d7c3f99b063202391fb0978b04605d9c6fd22c83b393bd31a24437
ST000818,2,18,20261220,203,81,917,121,0.8680479825517994,0.07063631056625802,True,True,327585b5bd5faa3ac75e38876925331df8f7a1a770c954bb80d3a5db41d8755e
ST000818,2,19,20261221,203,81,917,105,0.8854961832061069,0.06072874493927125,True,True,8dc3cb834375e1822e1384a96a85ff9f53a96b8c940d16e6b930d102d0efa897
ST000818,3,0,20261203,205,81,930,107,0.8849462365591398,0.061038220193953226,True,True,9f3f4863f631198c1fa27b5e32e47a4974d553336e8770913401db9933a01f09
ST000818,3,1,20261204,205,81,930,105,0.8870967741935484,0.05982905982905983,True,True,eabec45f2d91b73117d63c6b618749af17937152f246af1e003e74d52205a318
ST000818,3,2,20261205,205,81,930,116,0.875268817204301,0.06651376146788991,True,True,252c5f7f29b9bbd540b0dbc8e9c84ae2b47ce78c8d44822faaf705200adf8b5f
ST000818,3,3,20261206,205,81,930,120,0.8709677419354839,0.06896551724137931,True,True,06e18686659a1191f63038ca5b07491f347fcdd9d7a13fc73a7e6efe4a473bab
ST000818,3,4,20261207,205,81,930,91,0.9021505376344086,0.05144149236856981,True,True,3421c83f4922022d9e740dd54a595165d8210befe415f06e6918ff2aa32b4a99
ST000818,3,5,20261208,205,81,930,121,0.8698924731182796,0.06958021851638872,True,True,cfdd7bf44a7b183bfb6d341de0529a5a649b540c0fef501fa82cb182398bf5be
ST000818,3,6,20261209,205,81,930,104,0.8881720430107527,0.05922551252847381,True,True,42bdb5692a6064b8758321c325df3a24cd161dc302a4cc58f8207c8a3a3be7f4
ST000818,3,7,20261210,205,81,930,107,0.8849462365591398,0.061038220193953226,True,True,2149f0e4ace611a90356b33536b1849f5b06289682ecb214f9fce2392803c5b2
ST000818,3,8,20261211,205,81,930,109,0.8827956989247312,0.06225014277555682,True,True,c7e1bca2285d4903f80e063e4a8580aaae63179479d1a6a9b1438850eeb496b2
ST000818,3,9,20261212,205,81,930,106,0.886021505376344,0.06043329532497149,True,True,7d6076d52fcb7d111761f813d4967eafc61fccd7596c9a1c37565985163ec711
ST000818,3,10,20261213,205,81,930,103,0.889247311827957,0.058622652248150255,True,True,58866cb63208f2934f5225ed673d7f33d5672ee7e4962c83b1a8eb9ed6473c5e
ST000818,3,11,20261214,205,81,930,94,0.8989247311827957,0.053227633069082674,True,True,889d442d31dca72e575e3705b8348cb93997809bf79d4ffbd59b1b3d006196b4
ST000818,3,12,20261215,205,81,930,120,0.8709677419354839,0.06896551724137931,True,True,1a5848462b62e9275d9b9fd2deb32ec204113db64684c4e744e71ccecb466d55
ST000818,3,13,20261216,205,81,930,108,0.8838709677419355,0.06164383561643835,True,True,dcf22fc1b30402942d0f52ac8d40744078c11635155039b43ce47cc14808ec84
ST000818,3,14,20261217,205,81,930,111,0.8806451612903226,0.0634648370497427,True,True,02c8822a42df3a3dc84fd147c350d3095e84d2d8c4ae4f83ab9b1d5f5c112b9e
ST000818,3,15,20261218,205,81,930,110,0.8817204301075269,0.06285714285714286,True,True,f7e3af2000baafc4d09556d92f706a206d6469173049eeec024d62de3dda29a9
ST000818,3,16,20261219,205,81,930,105,0.8870967741935484,0.05982905982905983,True,True,07dd42af6d6e6c2b4da9cd98b686834e3bb9f69778899ccb3da9e6237b473e86
ST000818,3,17,20261220,205,81,930,108,0.8838709677419355,0.06164383561643835,True,True,b047fba6fda72eb7f9380fec92c5be267b309475c36cc675ee84cbbf7e101e8a
ST000818,3,18,20261221,205,81,930,115,0.8763440860215054,0.0659025787965616,True,True,dc54a2c6a02cac122aea17f0a73fb8274c0b51a5d8c5ea946d5264021e4a8508
ST000818,3,19,20261222,205,81,930,102,0.8903225806451613,0.05802047781569966,True,True,c88587ca0f4985bb6c09309a359c306ca8ed5ce369716e5319f907fe34377198
ST000818,4,0,20261204,208,81,948,106,0.8881856540084389,0.05921787709497207,True,True,9a0403548bfe32e98ec12afaaf2ee41d667c702c3a59bf1be4af9923f1da49e4
ST000818,4,1,20261205,208,81,948,114,0.879746835443038,0.06397306397306397,True,True,67c731f0ce0cc644db7270c75de251949e267606f1cd3a3a29e994ebae4069f5
ST000818,4,2,20261206,208,81,948,101,0.8934599156118144,0.05626740947075209,True,True,4b4c061c3c2f727ef08940f7dbea34f4b9253b9b1012d5fbb9e61cf8886c50f3
ST000818,4,3,20261207,208,81,948,109,0.8850210970464135,0.060996082820369335,True,True,9f244ccedbac563f2ea7d82269f669d88a53b279adf17a821bd94fb8622ca821
ST000818,4,4,20261208,208,81,948,117,0.8765822784810127,0.0657672849915683,True,True,f3f57dc681b8a2ed1e3aed3e304d19a8f9fa3634112ea9d16a9bd57c138aac6b
ST000818,4,5,20261209,208,81,948,114,0.879746835443038,0.06397306397306397,True,True,693b72ecfcb813f9cd255f3c96de51697c0d7b6c1d0095906ab48bba0546e3b8
ST000818,4,6,20261210,208,81,948,109,0.8850210970464135,0.060996082820369335,True,True,1018fe72dca8defea658ea123dc94a780a5651a157f0408be4233d2df39d9acb
ST000818,4,7,20261211,208,81,948,115,0.8786919831223629,0.06457046603032005,True,True,5639ee45c6f5ce6492fa6e68627bf88355d11338a1d159d9f73a235be2a31f5c
ST000818,4,8,20261212,208,81,948,104,0.890295358649789,0.05803571428571429,True,True,c63d0659e4f614d23eb37667937442a850d2469cddc5b069704bd701d9524bf2
ST000818,4,9,20261213,208,81,948,103,0.8913502109704641,0.05744562186279978,True,True,39ea51cd0e1012ade2767c0262ba7f50accc85bfb52c3dff7f6e4b5a6f5ec375
ST000818,4,10,20261214,208,81,948,101,0.8934599156118144,0.05626740947075209,True,True,a5ecf62d3de8d01fc516d5985369add688317da410b8c42c3e43dbc9a627cafb
ST000818,4,11,20261215,208,81,948,109,0.8850210970464135,0.060996082820369335,True,True,52eb35572d3eaac1393dbb7afc691bbec33ddcd4c6810085beafd3d5ae3714f3
ST000818,4,12,20261216,208,81,948,109,0.8850210970464135,0.060996082820369335,True,True,717f154a7c892155dade5f1dd6f5ce247ffe2f2a9befcad76e6cdad6d2952f60
ST000818,4,13,20261217,208,81,948,107,0.8871308016877637,0.05980994969256568,True,True,926f6e4cb29bfacae20893dccb15889136336e7dd44ad1776f0e3d6c58b93f14
ST000818,4,14,20261218,208,81,948,108,0.8860759493670887,0.06040268456375839,True,True,430c78864c608d449410a17b6f253318eac81c9121815705eebf381537342785
ST000818,4,15,20261219,208,81,948,114,0.879746835443038,0.06397306397306397,True,True,f3688187ad4f5379cb67ed60db8049cc3cae2647e7dc3151088b2285a211b8bd
ST000818,4,16,20261220,208,81,948,98,0.8966244725738397,0.054505005561735265,True,True,69040642c7ce12d86dc0a76ba4463a85d9549caeb12c59866654018b712eb7eb
ST000818,4,17,20261221,208,81,948,104,0.890295358649789,0.05803571428571429,True,True,dcb564eed2a93df1ab2a088a5e52d846ed50d7d27eaea5105e39f889a146b7dc
ST000818,4,18,20261222,208,81,948,106,0.8881856540084389,0.05921787709497207,True,True,5e1a98d2c306402ee57b6b7ea978ded06df40a7fb157a3fddb69dbfa2357ede5
ST000818,4,19,20261223,208,81,948,97,0.8976793248945147,0.05391884380211229,True,True,1c8a6c1f752c9da0b648726f756fa7a15a84e91397c42b6d36aa7a97ec0bae2c
