target,aligned_samples,retained_samples,excluded_samples,retained_lineages,eligibility
AMP,913,876,37,18,archived global target-observation and lineage-size metadata restriction
CMP,913,876,37,18,archived global target-observation and lineage-size metadata restriction
GMP,913,876,37,18,archived global target-observation and lineage-size metadata restriction
NAD,913,876,37,18,archived global target-observation and lineage-size metadata restriction
NADP,913,876,37,18,archived global target-observation and lineage-size metadata restriction
UMP,913,876,37,18,archived global target-observation and lineage-size metadata restriction
acetylcholine,913,876,37,18,archived global target-observation and lineage-size metadata restriction
aconitate,913,876,37,18,archived global target-observation and lineage-size metadata restriction
adenine,913,876,37,18,archived global target-observation and lineage-size metadata restriction
adenosine,913,876,37,18,archived global target-observation and lineage-size metadata restriction
alanine,913,876,37,18,archived global target-observation and lineage-size metadata restriction
arginine,913,876,37,18,archived global target-observation and lineage-size metadata restriction
asparagine,913,876,37,18,archived global target-observation and lineage-size metadata restriction
aspartate,913,876,37,18,archived global target-observation and lineage-size metadata restriction
beta-alanine,913,876,37,18,archived global target-observation and lineage-size metadata restriction
betaine,913,876,37,18,archived global target-observation and lineage-size metadata restriction
cAMP,913,876,37,18,archived global target-observation and lineage-size metadata restriction
carnosine,913,876,37,18,archived global target-observation and lineage-size metadata restriction
choline,913,876,37,18,archived global target-observation and lineage-size metadata restriction
citrate,913,876,37,18,archived global target-observation and lineage-size metadata restriction
citrulline,913,876,37,18,archived global target-observation and lineage-size metadata restriction
cytidine,913,876,37,18,archived global target-observation and lineage-size metadata restriction
dimethylglycine,913,876,37,18,archived global target-observation and lineage-size metadata restriction
glucuronate,913,876,37,18,archived global target-observation and lineage-size metadata restriction
glutamate,913,876,37,18,archived global target-observation and lineage-size metadata restriction
glutamine,913,876,37,18,archived global target-observation and lineage-size metadata restriction
glycine,913,876,37,18,archived global target-observation and lineage-size metadata restriction
guanosine,913,876,37,18,archived global target-observation and lineage-size metadata restriction
histidine,913,876,37,18,archived global target-observation and lineage-size metadata restriction
homocysteine,913,876,37,18,archived global target-observation and lineage-size metadata restriction
hypoxanthine,913,876,37,18,archived global target-observation and lineage-size metadata restriction
inosine,913,876,37,18,archived global target-observation and lineage-size metadata restriction
inositol,913,876,37,18,archived global target-observation and lineage-size metadata restriction
isocitrate,913,876,37,18,archived global target-observation and lineage-size metadata restriction
isoleucine,913,876,37,18,archived global target-observation and lineage-size metadata restriction
kynurenine,913,876,37,18,archived global target-observation and lineage-size metadata restriction
leucine,913,876,37,18,archived global target-observation and lineage-size metadata restriction
lysine,913,876,37,18,archived global target-observation and lineage-size metadata restriction
malate,913,876,37,18,archived global target-observation and lineage-size metadata restriction
methionine,913,876,37,18,archived global target-observation and lineage-size metadata restriction
ornithine,913,876,37,18,archived global target-observation and lineage-size metadata restriction
oxalate,913,876,37,18,archived global target-observation and lineage-size metadata restriction
phenylalanine,913,876,37,18,archived global target-observation and lineage-size metadata restriction
proline,913,876,37,18,archived global target-observation and lineage-size metadata restriction
putrescine,913,876,37,18,archived global target-observation and lineage-size metadata restriction
sarcosine,913,876,37,18,archived global target-observation and lineage-size metadata restriction
serine,913,876,37,18,archived global target-observation and lineage-size metadata restriction
taurine,913,876,37,18,archived global target-observation and lineage-size metadata restriction
taurocholate,913,876,37,18,archived global target-observation and lineage-size metadata restriction
thymidine,913,876,37,18,archived global target-observation and lineage-size metadata restriction
thymine,913,876,37,18,archived global target-observation and lineage-size metadata restriction
thyroxine,913,876,37,18,archived global target-observation and lineage-size metadata restriction
trimethylamine-N-oxide,913,876,37,18,archived global target-observation and lineage-size metadata restriction
tyrosine,913,876,37,18,archived global target-observation and lineage-size metadata restriction
uracil,913,876,37,18,archived global target-observation and lineage-size metadata restriction
urate,913,876,37,18,archived global target-observation and lineage-size metadata restriction
uridine,913,876,37,18,archived global target-observation and lineage-size metadata restriction
valine,913,876,37,18,archived global target-observation and lineage-size metadata restriction
xanthine,913,876,37,18,archived global target-observation and lineage-size metadata restriction
xanthosine,913,876,37,18,archived global target-observation and lineage-size metadata restriction
