dataset,mode,model,measured_inputs_min,measured_inputs_max,dimension_min,dimension_max,learned_loadings_median,ridge_coefficients_median
st002081,primary,all_visible_ridge,390,397,390,397,0.0,38710.0
st002081,primary,degree_preserving_null,390,397,95,95,0.0,9310.0
st002081,primary,descriptor_local_svd,390,397,95,95,2798.0,9310.0
st002081,primary,family_median,390,397,9,9,0.0,882.0
st002081,primary,pca_matched_dimension,390,397,95,95,37525.0,9310.0
st002081,primary,structural_median,390,397,95,95,0.0,9310.0
st002081,missingness,all_visible_ridge,571,596,571,596,0.0,59262.0
st002081,missingness,degree_preserving_null,571,596,131,134,0.0,13534.0
st002081,missingness,descriptor_local_svd,571,596,131,134,4313.0,13534.0
st002081,missingness,family_median,571,596,13,13,0.0,1326.0
st002081,missingness,pca_matched_dimension,571,596,131,134,77273.0,13534.0
st002081,missingness,structural_median,571,596,131,134,0.0,13534.0
st002081,resolution,all_visible_ridge,390,397,390,397,0.0,38710.0
st002081,resolution,degree_preserving_null,390,397,95,95,0.0,9310.0
st002081,resolution,descriptor_local_svd,390,397,95,95,2775.0,9310.0
st002081,resolution,family_median,390,397,9,9,0.0,882.0
st002081,resolution,pca_matched_dimension,390,397,95,95,37525.0,9310.0
st002081,resolution,structural_median,390,397,95,95,0.0,9310.0
st000818,primary,all_visible_ridge,202,208,202,208,0.0,10556.0
st000818,primary,degree_preserving_null,202,208,81,81,0.0,4212.0
st000818,primary,descriptor_local_svd,202,208,81,81,917.0,4212.0
st000818,primary,family_median,202,208,6,6,0.0,312.0
st000818,primary,pca_matched_dimension,202,208,81,81,16443.0,4212.0
st000818,primary,structural_median,202,208,81,81,0.0,4212.0
st000818,missingness,all_visible_ridge,202,208,202,208,0.0,10556.0
st000818,missingness,degree_preserving_null,202,208,81,81,0.0,4212.0
st000818,missingness,descriptor_local_svd,202,208,81,81,917.0,4212.0
st000818,missingness,family_median,202,208,6,6,0.0,312.0
st000818,missingness,pca_matched_dimension,202,208,81,81,16443.0,4212.0
st000818,missingness,structural_median,202,208,81,81,0.0,4212.0
st000818,resolution,all_visible_ridge,202,208,202,208,0.0,10556.0
st000818,resolution,degree_preserving_null,202,208,67,67,0.0,3484.0
st000818,resolution,descriptor_local_svd,202,208,67,67,748.0,3484.0
st000818,resolution,family_median,202,208,6,6,0.0,312.0
st000818,resolution,pca_matched_dimension,202,208,67,67,13601.0,3484.0
st000818,resolution,structural_median,202,208,67,67,0.0,3484.0
