seed,improvement,ci95_lower,ci95_upper
20262100,0.09795445641870948,0.08242561499578635,0.11770453475046523
20262101,0.09828160992902368,0.08249456327361016,0.11946235042043132
20262102,0.09175998742520908,0.07777117397032873,0.10906369493086918
20262103,0.10549546005870325,0.08976035202007203,0.12492823116015128
20262104,0.10364343317737279,0.08778864370070566,0.12384773695367671
20262105,0.1048296468833424,0.0883258683722367,0.1261246270154129
20262106,0.0905685459229264,0.07583361373182304,0.10936417312544322
20262107,0.10565653286725984,0.08928322048700911,0.12568669772412236
20262108,0.09797208646501554,0.08273291000524484,0.1173456500550244
20262109,0.0892893488195109,0.07480840678751613,0.10824345465480782
20262110,0.1069550224205339,0.09007671390072483,0.13046705887900706
20262111,0.11225913422709655,0.0957459297263507,0.13378390096494605
20262112,0.10185046027391709,0.08542076463722634,0.12254444755900123
20262113,0.08031627610905345,0.06701428043467192,0.09585265948024096
20262114,0.10657965168371275,0.0890207502644004,0.12986308084264095
20262115,0.09461348110679946,0.07847554097259211,0.11500756744033963
20262116,0.10077184290783014,0.08717242928940075,0.11720582588441414
20262117,0.10757799800639745,0.08956586348099507,0.13079278540709877
20262118,0.10296045141376997,0.0874528453587257,0.12340376911867487
20262119,0.09941526379350296,0.08500147672384616,0.11812332783315241
