dataset,aggregation,k,improvement,ci95_lower,ci95_upper
st002081,median,0,0.10243670676617583,0.09713373073281922,0.10786648542436691
st002081,median,1,0.09818007478633572,0.09263033269604636,0.10392579684474372
st002081,median,2,0.0992309851777276,0.09338723497730872,0.10515101628385654
st002081,median,3,0.1050322831055619,0.09992614492190423,0.1102218598688469
st002081,median,4,0.10067328651114155,0.09475629914554927,0.10685390114513414
st002081,median,5,0.09809305626635867,0.09299356223825236,0.10339985703920208
st002081,median,6,0.10254973247164878,0.09754135064403072,0.10785225485068953
st002081,median,7,0.09750397295282442,0.09245617986774593,0.10248588278576046
st002081,median,8,0.10097672621154269,0.09512299892019498,0.10730219476972723
st002081,median,9,0.10174702811194197,0.09617732836542023,0.10757257213278351
st002081,median,10,0.09988178271846698,0.09487340978249827,0.10503701790381129
st002081,median,11,0.10328408266637712,0.09749801763621592,0.10911945689778753
st002081,median,12,0.09557998871504914,0.09053964796201934,0.10052743889911642
st002081,median,13,0.09997829709392364,0.09438785834576889,0.10561903163630537
st002081,median,14,0.09922085703619238,0.09391739642871887,0.10478175806772255
st002081,median,15,0.1005112806088152,0.09511239125211894,0.10610473915822637
st002081,median,16,0.10119591716889864,0.09533354407030714,0.10735429952594898
st002081,median,17,0.09632107486314978,0.09083988618195472,0.101832498533708
st002081,median,18,0.09868422387002801,0.09320797345496863,0.10426424411460067
st002081,median,19,0.09906770719023977,0.09311603333878195,0.10539124467858706
st002081,mean,0,-0.0007559815723907626,-0.0025979477217685652,0.0010863176437549862
st002081,mean,1,-0.0009754997151965317,-0.003538666875510941,0.001704116032470948
st002081,mean,2,-0.001559226889990939,-0.004012689547997038,0.0009869046328344444
st002081,mean,3,-1.0128243039031481e-05,-0.0021464915391571438,0.0020887653969651862
st002081,mean,4,-0.00125008356774306,-0.0037052231825015825,0.0012640247845111864
st002081,mean,5,-0.0015947056040606644,-0.004014982588909139,0.000714320187278971
st002081,mean,6,0.0008902949577179742,-0.0018023281388975373,0.003819019479009051
st002081,mean,7,-0.0007667771091739162,-0.0031938016580062606,0.0015016523638864618
st002081,mean,8,7.550790495636228e-07,-0.0025496421439165054,0.002664170357577867
st002081,mean,9,0.0007997105691466277,-0.0015255659013776672,0.003264230258393959
st002081,mean,10,0.0004008946614563469,-0.002036148845703095,0.002674176877104975
st002081,mean,11,9.801880886561865e-06,-0.002307314679483082,0.0024384198981539608
st002081,mean,12,-0.002498886879499701,-0.00488474648307383,-0.00011528093893259538
st002081,mean,13,-0.0010507362974289391,-0.003553777422212493,0.0015765801260946759
st002081,mean,14,-0.0018945781466432887,-0.004483712023967564,0.0005905528354542423
st002081,mean,15,-0.0018991871750768108,-0.004433769316262868,0.0005746304863594057
st002081,mean,16,-0.0005599962986132523,-0.0029611965426507895,0.0017019180246709978
st002081,mean,17,-0.001253890351092024,-0.00420796750950229,0.002008187786358186
st002081,mean,18,-0.0013335618458231446,-0.0042721723597856556,0.0016524932277882404
st002081,mean,19,-0.001871646429384144,-0.004305751312197195,0.0006931297901903767
st002081,local_svd,0,0.03641410050820951,0.033349420722826414,0.03947279783185135
st002081,local_svd,1,0.03685149052947603,0.03352155933280128,0.04015526671933525
st002081,local_svd,2,0.03399159439749719,0.030178966238297075,0.03763791897046416
st002081,local_svd,3,0.037463058828646284,0.03436559903603497,0.04051631622139392
st002081,local_svd,4,0.03399637063817337,0.03134453656052839,0.03674721464646248
st002081,local_svd,5,0.03571846154449612,0.03265716730477739,0.03862393399996796
st002081,local_svd,6,0.03991294317582819,0.036443613802849766,0.04312388066206071
st002081,local_svd,7,0.03302371950335073,0.02997666617683608,0.036042352903333776
st002081,local_svd,8,0.03805673423311037,0.034811741314579044,0.04114623918985441
st002081,local_svd,9,0.04090943419189211,0.03774107727413556,0.0438181940678881
st002081,local_svd,10,0.034829334365388404,0.03166815312421141,0.03803639742235497
st002081,local_svd,11,0.03504111874472607,0.03178392773108397,0.038208708037474046
st002081,local_svd,12,0.03177983341735932,0.0281634903208417,0.03533321782962906
st002081,local_svd,13,0.033752407113363386,0.030696583779006078,0.03680446087518617
st002081,local_svd,14,0.033171248472264686,0.030265300712461165,0.0359239193935824
st002081,local_svd,15,0.03581877490912769,0.0326438695264221,0.03898200874442128
st002081,local_svd,16,0.038518876017185594,0.035167875745970516,0.041848541157299496
st002081,local_svd,17,0.030431723057374765,0.02749546369096751,0.033265431371410956
st002081,local_svd,18,0.03384658861636017,0.03014443006461641,0.037414843756787934
st002081,local_svd,19,0.03561039788031137,0.03252566081762532,0.03864004512683
st000818,median,0,0.5763155105848503,0.04556982028630179,1.0305977555631654
st000818,median,1,0.5727513804348772,0.052262964808181246,1.0267126189713858
st000818,median,2,0.5616149375686552,0.045842071585741745,1.0081151704901594
st000818,median,3,0.557224239204267,0.04213576044237816,1.0020559852126918
st000818,median,4,0.5737674385218146,0.04614043972922614,1.0278050364220372
st000818,median,5,0.5835542078565936,0.036897778254621025,1.048202975696894
st000818,median,6,0.5660376381534997,0.04989129097618832,1.0113660405278968
st000818,median,7,0.5676192609246153,0.047174227278834927,1.0160029732816076
st000818,median,8,0.564278647696449,0.052937167628446434,1.0069324720309456
st000818,median,9,0.5672126150271968,0.0475548318025616,1.0200577202715397
st000818,median,10,0.5808381733975534,0.04108052417207996,1.0414397051275859
st000818,median,11,0.44881925094046315,0.043540809898414676,0.8187385771634724
st000818,median,12,0.574363179215754,0.05041525378816034,1.0284126263501472
st000818,median,13,0.5606610084274175,0.04933238556467476,1.0045584400642091
st000818,median,14,0.5504162973331388,0.041127025891433466,0.9892100303986362
st000818,median,15,0.5840490693224383,0.05150776688266659,1.0404480679223558
st000818,median,16,0.5790659586283571,0.04172617531592032,1.0424567754484582
st000818,median,17,0.5617128640813991,0.046984087687789715,1.0099045711310495
st000818,median,18,0.5635802260199165,0.04482356361487874,1.0122429199307754
st000818,median,19,0.5698505752821559,0.042360789001790924,1.020260571883462
st000818,mean,0,0.16121163673253502,0.01489233409331899,0.302958139652484
st000818,mean,1,0.12036521389635746,0.013924350734315805,0.22127918998259616
st000818,mean,2,0.03408626336328724,0.007654561740515753,0.05910933795110378
st000818,mean,3,0.15431491108527606,0.011891266711775327,0.2909522056375001
st000818,mean,4,0.14698596477258852,0.010794301930660477,0.27941024581879853
st000818,mean,5,0.11148095206963726,0.004666109680702138,0.21777195704973845
st000818,mean,6,0.1273755875445185,0.0135059763936618,0.2406390778900573
st000818,mean,7,0.17171602926071328,0.015246324758225429,0.325284619676319
st000818,mean,8,0.12261929985835407,0.014698887658125367,0.22603820830272467
st000818,mean,9,0.11404646393391904,0.009540061919453125,0.2150908711519834
st000818,mean,10,0.13406369315473488,0.0021359399092513304,0.2636185355876685
st000818,mean,11,0.04983982104950013,0.010206041383734283,0.08887328011821158
st000818,mean,12,0.13089291610706122,0.009153498863775155,0.24417466753646
st000818,mean,13,0.1359684154309838,0.011596959806798002,0.25723973153211116
st000818,mean,14,0.06806333370328221,0.0058482772736604405,0.1290513955064647
st000818,mean,15,0.10822934279376517,0.010469621182570452,0.2027563147298777
st000818,mean,16,0.12889376800879837,0.010824555005371297,0.24321640012515805
st000818,mean,17,0.09625906217323676,0.014694103557130276,0.17793982071969178
st000818,mean,18,0.08415538150680069,0.012671379672665429,0.1535734356207501
st000818,mean,19,0.08581501568516059,0.010382566600581003,0.1618387803080575
st000818,local_svd,0,0.5778459018647313,0.02016765664249215,1.0845721147877623
st000818,local_svd,1,0.43141502651184016,0.01924412216019693,0.814275854484736
st000818,local_svd,2,0.16790998288306813,0.003261423712915291,0.3252074487837831
st000818,local_svd,3,0.4312083100911821,0.01638596520754241,0.8162815858000357
st000818,local_svd,4,0.5178415785435153,0.018919625887084998,0.9745814921974009
st000818,local_svd,5,0.4579761275477212,0.019714396291566648,0.8608892862973122
st000818,local_svd,6,0.47075178911395676,0.02190245396998846,0.8832894022499396
st000818,local_svd,7,0.428462968795174,0.023342699343824876,0.8071010524766843
st000818,local_svd,8,0.43328427876199327,0.02234788965203048,0.8159338864737976
st000818,local_svd,9,0.31382290470360363,0.00965595858563661,0.5995295953818126
st000818,local_svd,10,0.30814175350880646,0.018242314238833737,0.5782802779787383
st000818,local_svd,11,0.2837591910086885,0.013965983659296105,0.5412533295229079
st000818,local_svd,12,0.3834381049303355,0.01717459383226084,0.7150795708344581
st000818,local_svd,13,0.12787520704160005,0.01419238982345209,0.24161328721394615
st000818,local_svd,14,0.34158959468484773,0.013681113536103948,0.649202889091148
st000818,local_svd,15,0.44258289963243613,0.0159147989457254,0.8365709112230203
st000818,local_svd,16,0.5897792802389636,0.018069887317376514,1.1066709755240227
st000818,local_svd,17,0.37038432844247415,0.021980001821300797,0.6997866654125899
st000818,local_svd,18,0.44612170904496695,0.018795572209273324,0.8411275791145465
st000818,local_svd,19,0.4701558370589509,0.023291509474335392,0.8816118721795836
