dataset,model,groups,equal_group_rmse,row_weighted_rmse,skill_vs_training_mean,evaluated_pairs
st002081,all_visible_ridge,112,0.177956330610676,0.1746536282963249,0.9702659730172436,758727
st002081,degree_preserving_null,112,0.4192164530295592,0.4095997530942726,0.8364623024033138,758727
st002081,descriptor_local_svd,112,0.2434463992505922,0.2389164898505441,0.9443595341114356,758727
st002081,descriptor_mean,112,0.2425181458011081,0.2378464541771225,0.9448568121231756,758727
st002081,family_median,112,0.6679738734309266,0.6502632126380652,0.587829526199138,758727
st002081,pca_matched_dimension,112,0.1964201510463495,0.1928545546095651,0.9637458016286922,758727
st002081,population_mean,112,1.0652330100172904,1.012863093306374,0.0,758727
st002081,structural_median,112,0.3167797462633834,0.3091053005996755,0.9068653232028516,758727
st000818,all_visible_ridge,15,0.8490672976358872,0.8457107287438548,0.8208827123390434,114750
st000818,degree_preserving_null,15,1.80302190240869,1.787256273039075,0.200041450844293,114750
st000818,descriptor_local_svd,15,0.957410719643628,0.9543045781920392,0.7719301701317667,114750
st000818,descriptor_mean,15,0.9442812162279705,0.9394214533948698,0.7789885511203709,114750
st000818,family_median,15,1.8868763292004824,1.8713984088352733,0.1229459957247237,114750
st000818,pca_matched_dimension,15,0.8394007069483446,0.8375606876009764,0.8243183533150474,114750
st000818,population_mean,15,2.013046693378268,1.9982650291426065,0.0,114750
st000818,structural_median,15,1.2267063918238397,1.2200801140864066,0.6272046202231099,114750
