feature,family
CE(16:0); [M+NH4]+@10.93,CE
CE(16:1); [M+NH4]+@10.63,CE
CE(17:1); [M+NH4]+@10.82,CE
CE(18:1); [M+NH4]+@10.88,CE
CE(18:2); [M+NH4]+@10.70,CE
CE(18:3); [M+NH4]+@10.46,CE
CE(20:1); [M+NH4]+@11.23,CE
CE(20:2); [M+NH4]+@11.03,CE
CE(20:3); [M+NH4]+@10.73,CE
CE(20:4); [M+NH4]+@10.51,CE
CE(20:5); [M+NH4]+@10.35,CE
CE(22:4); [M+NH4]+@10.83,CE
CE(22:5); [M+NH4]+@10.66,CE
CE(22:6); [M+NH4]+@10.44,CE
DG 26:1; [M+NH4]+@5.51,DAG
DG 30:0; [M+NH4]+@7.35,DAG
DG 32:0; [M+NH4]+@7.86,DAG
DG 32:1; [M+NH4]+@7.43,DAG
DG 32:2; [M+NH4]+@6.99,DAG
DG 33:1; [M+NH4]+@7.70,DAG
DG 34:0; [M+NH4]+@8.36,DAG
DG 34:2; [M+NH4]+@7.52,DAG
DG 34:3; [M+NH4]+@7.16,DAG
DG 34:4; [M+NH4]+@6.83,DAG
DG 35:1; [M+NH4]+@8.16,DAG
DG 35:2; [M+NH4]+@7.81,DAG
DG 36:0; [M+NH4]+@8.68,DAG
DG 36:1; [M+NH4]+@8.41,DAG
DG 36:2; [M+NH4]+@8.00,DAG
DG 36:3; [M+NH4]+@7.67,DAG
DG 36:4; [M+NH4]+@7.34,DAG
DG 36:5; [M+NH4]+@6.97,DAG
DG 38:1; [M+NH4]+@8.64,DAG
DG 38:2; [M+NH4]+@8.47,DAG
DG 38:3; [M+NH4]+@8.17,DAG
DG 38:4; [M+NH4]+@8.01,DAG
DG 38:5; [M+NH4]+@7.55,DAG
DG 38:6; [M+NH4]+@7.24,DAG
DG 38:7; [M+NH4]+@6.87,DAG
DG 40:3; [M+NH4]+@8.57,DAG
DG 40:6; [M+NH4]+@7.74,DAG
DG 40:7; [M+NH4]+@7.46,DAG
PC 19:1; [M+H]+@1.76,PC
PC 21:4; [M+Na]+@1.26,PC
PC 26:0; [M+H]+@4.42,PC
PC 28:0; [M+H]+@5.17,PC
PC 29:0; [M+H]+@5.50,PC
PC 30:0; [M+H]+@5.78,PC
PC 30:3; [M+H]+@5.13,PC
PC 31:1; [M+Na]+@5.66,PC
PC 32:0; [M+H]+@6.45,PC
PC 32:1; [M+H]+@5.93,PC
PC 32:2; [M+H]+@6.54,PC
PC 32:3; [M+H]+@5.11,PC
PC 32:4; [M+H]+@5.35,PC
PC 33:3; [M+H]+@5.47,PC
PC 34:1; [M+H]+@6.54,PC
PC 34:2; [M+H]+@6.12,PC
PC 34:3; [M+H]+@5.61,PC
PC 35:2; [M+H]+@6.48,PC
PC 35:3; [M+H]+@6.31,PC
PC 35:4; [M+H]+@5.58,PC
PC 35:5; [M+H]+@5.43,PC
PC 36:0; [M+H]+@7.63,PC
PC 36:1; [M+H]+@7.16,PC
PC 36:3; [M+H]+@6.29,PC
PC 36:4; [M+H]+@6.00,PC
PC 36:5; [M+H]+@5.71,PC
PC 36:6; [M+H]+@5.43,PC
PC 36:7; [M+H]+@5.28,PC
PC 37:6; [M+H]+@5.63,PC
PC 38:2; [M+H]+@7.32,PC
PC 38:3; [M+H]+@6.95,PC
PC 38:4; [M+H]+@6.73,PC
PC 38:5; [M+H]+@6.23,PC
PC 38:6; [M+H]+@6.03,PC
PC 38:7; [M+H]+@5.50,PC
PC 38:8; [M+H]+@5.31,PC
PC 38:9; [M+H]+@5.39,PC
PC 39:7; [M+H]+@6.12,PC
PC 40:10; [M+H]+@5.44,PC
PC 40:2; [M+H]+@7.83,PC
PC 40:3; [M+H]+@7.59,PC
PC 40:4; [M+H]+@7.58,PC
PC 40:6; [M+H]+@6.66,PC
PC 40:7; [M+H]+@6.79,PC
PC 40:8; [M+H]+@6.30,PC
PC 40:9; [M+H]+@5.98,PC
PC 41:5; [M+H]+@7.05,PC
PC 41:6; [M+H]+@7.01,PC
PC 42:4; [M+H]+@7.89,PC
PC 42:5; [M+H]+@7.62,PC
PC 42:7; [M+H]+@6.76,PC
PC 42:8; [M+H]+@6.31,PC
PC 42:9; [M+H]+@5.72,PC
PC 44:5; [M+H]+@7.89,PC
SM 21:0; [M]+@1.61,SM
SM 30:1; [M]+@4.30,SM
SM 31:1; [M]+@4.71,SM
SM 32:0; [M]+@5.36,SM
SM 32:1; [M]+@5.08,SM
SM 32:2; [M]+@4.57,SM
SM 33:0; [M]+@5.70,SM
SM 33:1; [M]+@5.26,SM
SM 33:2; [M]+@4.88,SM
SM 34:1; [M]+@5.76,SM
SM 34:2; [M]+@5.17,SM
SM 35:0; [M]+@6.38,SM
SM 35:2; [M]+@5.45,SM
SM 36:1; [M]+@6.41,SM
SM 36:2; [M]+@5.91,SM
SM 37:1; [M]+@6.80,SM
SM 37:2; [M]+@6.31,SM
SM 38:1; [M]+@6.99,SM
SM 39:0; [M]+@7.60,SM
SM 39:1; [M]+@7.33,SM
SM 39:2; [M]+@6.91,SM
SM 40:0; [M]+@7.85,SM
SM 40:1; [M]+@7.59,SM
SM 40:2; [M]+@7.14,SM
SM 40:4; [M]+@6.24,SM
SM 41:1; [M]+@7.60,SM
SM 41:2; [M+Na]+@7.45,SM
SM 42:1; [M]+@8.10,SM
SM 42:2; [M]+@7.61,SM
SM 42:4; [M]+@6.83,SM
SM 42:5; [M]+@6.45,SM
SM 43:1; [M+Na]+@8.32,SM
SM 43:2; [M]+@8.08,SM
SM 44:1; [M]+@8.61,SM
TG 40:0; [M+NH4]+@9.47,TAG
TG 40:1; [M+NH4]+@9.14,TAG
TG 42:0; [M+NH4]+@9.75,TAG
TG 42:1; [M+NH4]+@9.50,TAG
TG 42:2; [M+NH4]+@9.21,TAG
TG 44:1; [M+NH4]+@9.78,TAG
TG 44:2; [M+NH4]+@9.52,TAG
TG 46:0; [M+NH4]+@10.30,TAG
TG 46:1; [M+NH4]+@10.07,TAG
TG 46:2; [M+NH4]+@9.81,TAG
TG 46:3; [M+NH4]+@9.60,TAG
TG 48:0; [M+NH4]+@10.54,TAG
TG 48:1; [M+NH4]+@10.32,TAG
TG 48:2; [M+NH4]+@10.10,TAG
TG 48:3; [M+NH4]+@9.86,TAG
TG 49:0; [M+NH4]+@10.66,TAG
TG 49:1; [M+NH4]+@10.46,TAG
TG 49:2; [M+NH4]+@10.24,TAG
TG 49:3; [M+NH4]+@10.03,TAG
TG 50:0; [M+NH4]+@10.78,TAG
TG 50:1; [M+NH4]+@10.54,TAG
TG 50:2; [M+NH4]+@10.33,TAG
TG 50:3; [M+NH4]+@10.13,TAG
TG 50:4; [M+NH4]+@9.91,TAG
TG 50:5; [M+NH4]+@9.73,TAG
TG 51:1; [M+NH4]+@10.69,TAG
TG 51:2; [M+NH4]+@10.50,TAG
TG 51:3; [M+NH4]+@10.30,TAG
TG 51:4; [M+NH4]+@10.10,TAG
TG 51:5; [M+NH4]+@9.88,TAG
TG 51:6; [M+NH4]+@9.64,TAG
TG 52:0; [M+NH4]+@11.03,TAG
TG 52:1; [M+NH4]+@10.81,TAG
TG 52:2; [M+NH4]+@10.58,TAG
TG 52:3; [M+NH4]+@10.38,TAG
TG 52:4; [M+NH4]+@10.18,TAG
TG 52:5; [M+NH4]+@9.99,TAG
TG 52:6; [M+NH4]+@9.82,TAG
TG 52:7; [M+NH4]+@9.66,TAG
TG 53:1; [M+NH4]+@10.92,TAG
TG 53:2; [M+NH4]+@10.73,TAG
TG 53:3; [M+NH4]+@10.52,TAG
TG 53:4; [M+NH4]+@10.34,TAG
TG 53:5; [M+NH4]+@10.16,TAG
TG 53:6; [M+NH4]+@10.03,TAG
TG 53:7; [M+NH4]+@9.76,TAG
TG 54:0; [M+NH4]+@11.24,TAG
TG 54:1; [M+NH4]+@11.04,TAG
TG 54:2; [M+NH4]+@10.84,TAG
TG 54:3; [M+NH4]+@10.66,TAG
TG 54:4; [M+NH4]+@10.45,TAG
TG 54:5; [M+NH4]+@10.23,TAG
TG 54:6; [M+NH4]+@10.04,TAG
TG 54:7; [M+NH4]+@9.88,TAG
TG 54:8; [M+NH4]+@9.72,TAG
TG 54:9; [M+NH4]+@9.56,TAG
TG 55:2; [M+NH4]+@10.95,TAG
TG 55:3; [M+NH4]+@10.76,TAG
TG 55:4; [M+NH4]+@10.56,TAG
TG 55:5; [M+NH4]+@10.47,TAG
TG 55:6; [M+NH4]+@10.28,TAG
TG 55:7; [M+NH4]+@10.10,TAG
TG 55:8; [M+NH4]+@9.93,TAG
TG 56:10; [M+NH4]+@9.66,TAG
TG 56:1; [M+NH4]+@11.24,TAG
TG 56:2; [M+NH4]+@11.05,TAG
TG 56:3; [M+NH4]+@10.88,TAG
TG 56:4; [M+NH4]+@10.71,TAG
TG 56:5; [M+NH4]+@10.55,TAG
TG 56:6; [M+NH4]+@10.39,TAG
TG 56:7; [M+NH4]+@10.19,TAG
TG 56:8; [M+NH4]+@10.00,TAG
TG 56:9; [M+NH4]+@9.81,TAG
TG 57:1; [M+NH4]+@11.40,TAG
TG 57:2; [M+NH4]+@11.18,TAG
TG 57:9; [M+NH4]+@10.02,TAG
TG 58:10; [M+NH4]+@9.94,TAG
TG 58:11; [M+NH4]+@9.77,TAG
TG 58:1; [M+NH4]+@11.54,TAG
TG 58:2; [M+NH4]+@11.30,TAG
TG 58:3; [M+NH4]+@11.09,TAG
TG 58:4; [M+NH4]+@10.93,TAG
TG 58:5; [M+NH4]+@10.78,TAG
TG 58:6; [M+NH4]+@10.59,TAG
TG 58:7; [M+NH4]+@10.43,TAG
TG 58:8; [M+NH4]+@10.30,TAG
TG 58:9; [M+NH4]+@10.14,TAG
TG 60:10; [M+NH4]+@10.18,TAG
TG 60:11; [M+NH4]+@10.05,TAG
TG 60:12; [M+NH4]+@9.90,TAG
TG 60:13; [M+NH4]+@9.72,TAG
TG 60:3; [M+NH4]+@11.29,TAG
TG 60:4; [M+NH4]+@11.12,TAG
TG 60:6; [M+NH4]+@10.81,TAG
TG 60:7; [M+NH4]+@10.68,TAG
TG 60:8; [M+NH4]+@10.52,TAG
TG 60:9; [M+NH4]+@10.35,TAG
TG 62:13; [M+NH4]+@9.93,TAG
TG 62:14; [M+NH4]+@9.84,TAG
TG 62:3; [M+NH4]+@11.55,TAG
TG 62:4; [M+NH4]+@11.33,TAG
TG 62:5; [M+NH4]+@11.15,TAG
lysoPC 14:0; [M+H]+@1.04,LPC
lysoPC 15:0; [M+H]+@1.20,LPC
lysoPC 16:0; [M+H]+@1.54,LPC
lysoPC 16:1; [M+H]+@1.22,LPC
lysoPC 17:1; [M+H]+@1.41,LPC
lysoPC 18:0; [M+H]+@2.31,LPC
lysoPC 18:1; [M+H]+@1.71,LPC
lysoPC 18:2; [M+H]+@1.30,LPC
lysoPC 18:3; [M+H]+@1.07,LPC
lysoPC 19:0; [M+H]+@2.79,LPC
lysoPC 20:0; [M+H]+@3.25,LPC
lysoPC 20:1; [M+H]+@2.48,LPC
lysoPC 20:2; [M+H]+@1.89,LPC
lysoPC 20:3; [M+H]+@1.49,LPC
lysoPC 20:4; [M+H]+@1.34,LPC
lysoPC 20:5; [M+H]+@0.99,LPC
lysoPC 22:0; [M+H]+@4.17,LPC
lysoPC 22:1; [M+H]+@3.36,LPC
lysoPC 22:4; [M+H]+@1.74,LPC
lysoPC 22:5; [M+H]+@1.45,LPC
lysoPC 22:6; [M+H]+@1.27,LPC
lysoPC 24:0; [M+H]+@5.06,LPC
lysoPC 24:1; [M+H]+@4.20,LPC
